City State
"DECATUR, AL"
"HARVEST, AL"
"NORMAL, AL"
"MONTGOMERY, AL"
"HUNTSVILLE, AL"
"AUBURN, AL"
"BIRMINGHAM, AL"
"TUSCALOOSA, AL"
"ENTERPRISE, AL"
"MOBILE, AL"
"CLIO, AL"
"PINE HILL, AL"
"BESSEMER, AL"
"DOTHAN, AL"
"OPELIKA, AL"
"MADISON, AL"
"JACKSONVILLE, AL"
"SATSUMA, AL"
"ALEXANDER CITY, AL"
"CROPWELL, AL"
"TROY, AL"
"CLANTON, AL"
"FAIRBANKS, AK"
"MESA, AZ"
"GLENDALE, AZ"
"SCOTTSDALE, AZ"
"PHOENIX, AZ"
"AJO, AZ"
"TUCSON, AZ"
"TEMPE, AZ"
"CHANDLER, AZ"
"GILBERT, AZ"
"CAVE CREEK, AZ"
"NOGALES, AZ"
"FLORENCE, AZ"
"LAKE HAVASU CITY, AZ"
"SELLS, AZ"
"MARANA, AZ"
"MARICOPA, AZ"
"FLAGSTAFF, AZ"
"YUMA, AZ"
"CONWAY, AR"
"FORT SMITH, AR"
"LITTLE ROCK, AR"
"JONESBORO, AR"
"OSCEOLA, AR"
"BENTONVILLE, AR"
"DUMAS, AR"
"SPRINGDALE, AR"
"ARKADELPHIA, AR"
"LOWELL, AR"
"PINE BLUFF, AR"
"N LITTLE ROCK, AR"
"ROGERS, AR"
"BLYTHEVILLE, AR"
"SILOAM SPRINGS, AR"
"NORTH LITTLE ROCK, AR"
"FAYETTEVILLE, AR"
"TORRANCE, CA"
"LOS ANGELES, CA"
"PLEASANTON, CA"
"EL SEGUNDO, CA"
"SUNNYVALE, CA"
"CAMPBELL, CA"
"NOVATO, CA"
"SAN FRANCISCO, CA"
"SIMI VALLEY, CA"
"SANTA CLARA, CA"
"MILPITAS, CA"
"TUSTIN, CA"
"COSTA MESA, CA"
"HOLLYWOOD, CA"
"EL DORADO HILLS, CA"
"DEL MAR, CA"
"SANTA ANA, CA"
"FAIRFIELD, CA"
"CITY OF INDUSTRY, CA"
"SAN JOSE, CA"
"FREMONT, CA"
"SAN DIEGO, CA"
"RANCHO SANTA MARGARI, CA"
"SOUTH SAN FRANCISCO, CA"
"IRVINE, CA"
"SAN LUIS OBISPO, CA"
"ALAMEDA, CA"
"FOOTHILL RANCH, CA"
"PALO ALTO, CA"
"SAN MATEO, CA"
"BURLINGAME, CA"
"LIVERMORE, CA"
"MENLO PARK, CA"
"MOUNTAIN VIEW, CA"
"ALISO VIEJO, CA"
"VALENCIA, CA"
"ARCADIA, CA"
"WALNUT, CA"
"MILL VALLEY, CA"
"WESTLAKE VILLAGE, CA"
"TEHACHAPI, CA"
"ROSEVILLE, CA"
"REDWOOD CITY, CA"
"SACRAMENTO, CA"
"GLENDALE, CA"
"FOLSOM, CA"
"LOS GATOS, CA"
"AGOURA HILLS, CA"
"ORANGE, CA"
"S SAN FRAN, CA"
"ELK GROVE, CA"
"OAKLAND, CA"
"SANTA MONICA, CA"
"HAYWARD, CA"
"SANTA ROSA, CA"
"LOS ALTOS, CA"
"CULVER CITY, CA"
"MONROVIA, CA"
"UNION CITY, CA"
"BERKELEY, CA"
"ALHAMBRA, CA"
"PALMETTO BAY, CA"
"EMERYVILLE, CA"
"THOUSAND OAKS, CA"
"NEWBURY PARK, CA"
"LA HABRA, CA"
"LAGUNA HILLS, CA"
"RANCHO CUCAMONGA, CA"
"YUBA CITY, CA"
"SAN RAMON, CA"
"SANTA BARBARA, CA"
"ANAHEIM, CA"
"UPLAND, CA"
"TRACY, CA"
"NEWARK, CA"
"AZUSA, CA"
"SAN BERNARDINO, CA"
"LA VERNE, CA"
"CUPERTINO, CA"
"MORGAN HILL, CA"
"COMPTON, CA"
"COVINA, CA"
"RANCHO SANTA MARGARITA, CA"
"RCHO STA MARG, CA"
"ALVISO, CA"
"CARLSBAD, CA"
"GARDENA, CA"
"PASADENA, CA"
"VACAVILLE, CA"
"TARZANA, CA"
"CAMARILLO, CA"
"BAKERSFIELD, CA"
"MARINA DEL REY, CA"
"CONCORD, CA"
"DUBLIN, CA"
"BREA, CA"
"FOOTHILL RNCH, CA"
"PLACENTIA, CA"
"SANTA FE SPRINGS, CA"
"LAKE FOREST, CA"
"APPLE VALLEY, CA"
"PLUMAS LAKE, CA"
"SAUSALITO, CA"
"SAN JUAN CAPISTRANO, CA"
"WALNUT CREEK, CA"
"MOFFETT FIELD, CA"
"DUARTE, CA"
"SAN CARLOS, CA"
"SHERMAN OAKS, CA"
"WOODLAND HILLS, CA"
"NAPA, CA"
"ONTARIO, CA"
"HERCULES, CA"
"RICHMOND, CA"
"MOSS BEACH, CA"
"SOLANA BEACH, CA"
"GOLD RIVER, CA"
"CHATSWORTH, CA"
"POMONA, CA"
"CARSON, CA"
"FULLERTON, CA"
"RIVERSIDE, CA"
"NORTHRIDGE, CA"
"CHICO, CA"
"BURBANK, CA"
"RCH PALOS VRD, CA"
"PLAYA VISTA, CA"
"MANTECA, CA"
"BELMONT, CA"
"EL MONTE, CA"
"MONTEREY PARK, CA"
"CATHEDRAL, CA"
"CHINO, CA"
"CERRITOS, CA"
"ENCINO, CA"
"CORONA, CA"
"DIAMOND BAR, CA"
"MORAGA, CA"
"SAN BRUNO, CA"
"FRESNO, CA"
"BUENA PARK, CA"
"FOSTER CITY, CA"
"SUNNYVALLE, CA"
"DAVIS, CA"
"BRISBANE, CA"
"SAN MARCOS, CA"
"LA CANADA FLINTRIDGE, CA"
"LOS ALAMITOS, CA"
"GOLETA, CA"
"CANOGA PARK, CA"
"HACIENDA HEIGHTS, CA"
"MONTEREY, CA"
"WATSONVILLE, CA"
"SAN PEDRO, CA"
"IRWINDALE, CA"
"LONG BEACH, CA"
"MODESTO, CA"
"STUDIO CITY, CA"
"MANHATTAN BEACH, CA"
"SANTA CRUZ, CA"
"COPPEROPOLIS, CA"
"DALY CITY, CA"
"EL CENTRO, CA"
"SAN ANSELMO, CA"
"SAN LEANDRO, CA"
"PETALUMA, CA"
"REDLANDS, CA"
"SALINAS, CA"
"CITY INDUSTRY, CA"
"NEWPORT BEACH, CA"
"LOMA LINDA, CA"
"VISALIA, CA"
"BEVERLY HILLS, CA"
"CALABASAS, CA"
"WEST SACRAMENTO, CA"
"MANHATTAN BCH, CA"
"ENCINITAS, CA"
"BELLFLOWER, CA"
"TEMPLE CITY, CA"
"KENSINGTON, CA"
"SAN MARINO, CA"
"MERCED, CA"
"EL CERRITO, CA"
"SOUTH PASADENA, CA"
"SAND CITY, CA"
"CANYON COUNTRY, CA"
"LAGUNA BEACH, CA"
"HILMAR, CA"
"HOUSTON, CA"
"WEST COVINA, CA"
"NORTH HOLLYWOOD, CA"
"FOUNTAIN VALLEY, CA"
"SAN CLEMENTE, CA"
"ADELANTO, CA"
"CHULA VISTA, CA"
"DANVILLE, CA"
"HUNTINGTON BEACH, CA"
"MISSION VIEJO, CA"
"LA JOLLA, CA"
"SOUTH EL MONTE, CA"
"WEST HOLLYWOOD, CA"
"ANTIOCH, CA"
"FONTANA, CA"
"VENTURA, CA"
"LOS BANOS, CA"
"AMERICAN CANYON, CA"
"RANCHO CORDOVA, CA"
"REDONDO BEACH, CA"
"SAN GABRIEL, CA"
"INDIO, CA"
"ROWLAND HEIGHTS, CA"
"STANFORD, CA"
"PLEASANT HILL, CA"
"HACIENDA HTS, CA"
"VAN NUYS, CA"
"MOSS LANDING, CA"
"SONOMA, CA"
"GRANADA HILLS, CA"
"STOCKTON, CA"
"SOLVANG, CA"
"HILLBOROUGH, CA"
"UNIVERSAL CITY, CA"
"PACIFICA, CA"
"REDDING, CA"
"HOLLISTER, CA"
"ANZA, CA"
"BELVEDERE TIBURON, CA"
"GARDEN GROVE, CA"
"GLENDORA, CA"
"MALIBU, CA"
"CALIMESA, CA"
"SAN RAFAEL, CA"
"SANTA CLARITA, CA"
"EASTVALE, CA"
"POWAY, CA"
"ALAMO, CA"
"INGLEWOOD, CA"
"REDWOOD SHORES, CA"
"CORTE MADERA, CA"
"RIDGECREST, CA"
"LA MIRADA, CA"
"TIBURON, CA"
"N HOLLYWOOD, CA"
"HUNTINGTN BCH, CA"
"UKIAH, CA"
"SARATOGA, CA"
"PLAYA DEL REY, CA"
"SUN VALLEY, CA"
"HAWTHORNE, CA"
"DESERT HOT SPRINGS, CA"
"ROCKLIN, CA"
"BENICIA, CA"
"LANCASTER, CA"
"SAN JACINTO, CA"
"BALDWIN PARK, CA"
"EL CAJON, CA"
"MILLBRAE, CA"
"SAN RAFAE, CA"
"OAK PARK, CA"
"MADERA, CA"
"RNCHO CORDOVA, CA"
"NEW YORK, CA"
"MURRIETA, CA"
"ROSEMEAD, CA"
"CANON CITY, CO"
"PARKER, CO"
"DENVER, CO"
"MONUMENT, CO"
"BOULDER, CO"
"COLORADO SPGS, CO"
"AURORA, CO"
"CENTENIAL, CO"
"ENGLEWOOD, CO"
"FORT COLLINS, CO"
"GOLDEN, CO"
"BROOMFIELD, CO"
"BRIGHTON, CO"
"LONGMONT, CO"
"LOUISVILLE, CO"
"WESTMINSTER, CO"
"CENTENNIAL, CO"
"GREENWOOD VILLAGE, CO"
"LITTLETON, CO"
"CONIFER, CO"
"LAKEWOOD, CO"
"CASTLE ROCK, CO"
"LAFAYETTE, CO"
"GREELEY, CO"
"PUEBLO, CO"
"COLORADO SPRINGS, CO"
"EAST BERLIN, CT"
"WEST HAVEN, CT"
"EAST GRANBY, CT"
"GREENWICH, CT"
"ORANGE, CT"
"HARTFORD, CT"
"NEW HAVEN, CT"
"RIDGEFIELD, CT"
"BRIDGEPORT, CT"
"WESTPORT, CT"
"STAMFORD, CT"
"NEW BRITAIN, CT"
"AVON, CT"
"MADISON, CT"
"TRUMBULL, CT"
"EAST HARTFORD, CT"
"MANCHESTER, CT"
"DANBURY, CT"
"NORWALK, CT"
"GUILFORD, CT"
"FARMINGTON, CT"
"OLD GREENWICH, CT"
"MILFORD, CT"
"CENTERBROOK, CT"
"BLOOMFIELD, CT"
"FAIRFIELD, CT"
"WINDSOR, CT"
"GLASTONBURY, CT"
"WINDSOR LOCKS, CT"
"WETHERSFIELD, CT"
"ROCKY HILL, CT"
"CHESHIRE, CT"
"SHELTON, CT"
"NAUGATUCK, CT"
"NEW MILFORD, CT"
"PLAINVILLE, CT"
"STRATFORD, CT"
"DARIEN, CT"
"NEWINGTON, CT"
"NIANTIC, CT"
"NEWTOWN, CT"
"STORRS, CT"
"WEST HARTFORD, CT"
"VERNON ROCKVILLE, CT"
"SOUTH WINDSOR, CT"
"WILMINGTON, DE"
"ODESSA, DE"
"CLAYMONT, DE"
"DOVER, DE"
"NEWARK, DE"
"NEW CASTLE, DE"
"MIDDLETOWN, DE"
"LEWES, DE"
"HOCKESSIN, DE"
"JACKSONVILLE, FL"
"MIAMI, FL"
"TAMPA, FL"
"LAKE MARY, FL"
"TALLAHASSEE, FL"
"BOCA RATON, FL"
"ALTAMONTE SPRINGS, FL"
"ALTAMONTE SPG, FL"
"DAYTONA BEACH, FL"
"FORT LAUDERDALE, FL"
"PUNTA GORDA, FL"
"DORAL, FL"
"NEW PORT RICHEY, FL"
"WEST PALM BEACH, FL"
"WINTER PARK, FL"
"DEERFIELD BEACH, FL"
"CORAL GABLES, FL"
"NAPLES, FL"
"OLDSMAR, FL"
"JUPITER, FL"
"IMMOKALEE, FL"
"CLEARWATER, FL"
"WELLINGTON, FL"
"DAVIE, FL"
"SARASOTA, FL"
"LARGO, FL"
"LONGWOOD, FL"
"CAPE CORAL, FL"
"ORLANDO, FL"
"MARGATE, FL"
"PALM BEACH GARDENS, FL"
"SAINT PETERSBURG, FL"
"DANIA, FL"
"FORT MYERS, FL"
"RIVERVIEW, FL"
"FT LAUDERDALE, FL"
"WINTER SPRINGS, FL"
"GAINESVILLE, FL"
"MELBOURNE, FL"
"JUNO BEACH, FL"
"WESLEY CHAPEL, FL"
"KISSIMMEE, FL"
"JACKSONVILLE BEACH, FL"
"BONITA SPRINGS, FL"
"MAITLAND, FL"
"BRANDON, FL"
"ST PETERSBURG, FL"
"SUNRISE, FL"
"OCOEE, FL"
"POMPANO BEACH, FL"
"MIAMI BEACH, FL"
"HOLLYWOOD, FL"
"TAVARES, FL"
"TAMARAC, FL"
"HIALEAH, FL"
"WEST PALM BCH, FL"
"ORMOND BEACH, FL"
"PALM SPRINGS, FL"
"PALM CITY, FL"
"PALM BEACH, FL"
"PENSACOLA, FL"
"NORTH MIAMI BEACH, FL"
"LAKELAND, FL"
"RIVIERA BEACH, FL"
"MC DAVID, FL"
"SANIBEL, FL"
"HAINES CITY, FL"
"MIRAMAR, FL"
"VERO BEACH, FL"
"ESTERO, FL"
"WINTER HAVEN, FL"
"PEMBROKE PINES, FL"
"ATLANTA, GA"
"ALPHARETTA, GA"
"MARIETTA, GA"
"CUMMING, GA"
"CONYERS, GA"
"ROME, GA"
"DULUTH, GA"
"SUWANEE, GA"
"COLUMBUS, GA"
"AUSTELL, GA"
"DAHLONEGA, GA"
"ROSWELL, GA"
"ATHENS, GA"
"WOODSTOCK, GA"
"AUGUSTA, GA"
"PEACHTREE CORNERS, GA"
"KENNESAW, GA"
"THOMASVILLE, GA"
"MACON, GA"
"GRAY, GA"
"NORCROSS, GA"
"CANTON, GA"
"ALBANY, GA"
"JOHNS CREEK, GA"
"LAWRENCEVILLE, GA"
"STATESBORO, GA"
"PORT WENTWORTH, GA"
"DALTON, GA"
"HOSCHTON, GA"
"JEFFERSONVILLE, GA"
"GRIFFIN, GA"
"BUFORD, GA"
"ACWORTH, GA"
"LILBURN, GA"
"SAVANNAH, GA"
"CHAMBLEE, GA"
"CALHOUN, GA"
"NEWNAN, GA"
"TUCKER, GA"
"SMYRNA, GA"
"PEACHTREE COR, GA"
"CARROLLTON, GA"
"DECATUR, GA"
"THOMSON, GA"
"HONOLULU, HI"
"PEARL CITY, HI"
"POCATELLO, ID"
"IDAHO FALLS, ID"
"BOISE, ID"
"CALDWELL, ID"
"NEW PLYMOUTH, ID"
"MOSCOW, ID"
"MERIDIAN, ID"
"CHICAGO, IL"
"LOMBARD, IL"
"ABBOTT PARK, IL"
"NORTH CHICAGO, IL"
"CHAMPAIGN, IL"
"LAKE ZURICH, IL"
"LINCOLNSHIRE, IL"
"ARLINGTON HTS, IL"
"WESTMONT, IL"
"PALATINE, IL"
"BLOOMINGTON, IL"
"GURNEE, IL"
"ELGIN, IL"
"NORTHBROOK, IL"
"SCHAUMBURG, IL"
"NAPERVILLE, IL"
"MELROSE PARK, IL"
"LISLE, IL"
"DECATUR, IL"
"ROLLING MDWS, IL"
"OAK BROOK, IL"
"BOLINGBROOK, IL"
"PEORIA, IL"
"DEERFIELD, IL"
"SKOKIE, IL"
"SPRINGFIELD, IL"
"QUINCY, IL"
"WHEATON, IL"
"LAKE FOREST, IL"
"URBANA, IL"
"ITASCA, IL"
"VERNON HILLS, IL"
"OAK PARK, IL"
"AURORA, IL"
"ARLINGTON HEIGHTS, IL"
"ROSCOE, IL"
"BLOOMINGDALE, IL"
", IL"
"EFFINGHAM, IL"
"DEER PARK, IL"
"RIVERWOODS, IL"
"EVANSTON, IL"
"WARRENVILLE, IL"
"O FALLON, IL"
"DOWNERS GROVE, IL"
"EAST DUNDEE, IL"
"CRYSTAL LAKE, IL"
"ALSIP, IL"
"MOLINE, IL"
"HILLSIDE, IL"
"FLORA, IL"
"WOODRIDGE, IL"
"COLUMBIA, IL"
"NEW BEDFORD, IL"
"HOMEWOOD, IL"
"NORMAL, IL"
"LAKE BLUFF, IL"
"WESTCHESTER, IL"
"GRANITE CITY, IL"
"BARRINGTON, IL"
"JOLIET, IL"
"ROMEOVILLE, IL"
"ROSEMONT, IL"
"GLENVIEW, IL"
"MAYWOOD, IL"
"NORTHFIELD, IL"
"ORLAND PARK, IL"
"OAK BROOK TERRACE, IL"
"OAKBROOK TERRACE, IL"
"SAINT CHARLES, IL"
"PARIS, IL"
"DEKALB, IL"
"HOFFMAN ESTATES, IL"
"DES PLAINES, IL"
"WEST CHICAGO, IL"
"PARK RIDGE, IL"
"ELK GROVE VILLAGE, IL"
"LAGRANGE, IL"
"ROLLING MEADOWS, IL"
"HOFFMAN EST, IL"
"EDWARDSVILLE, IL"
"CARBONDALE, IL"
"MONMOUTH, IL"
"ROCK ISLAND, IL"
"LEMONT, IL"
"WAUKEGAN, IL"
"PLAINFIELD, IL"
"BUFFALO GROVE, IL"
"METTAWA, IL"
"EAST MOLINE, IL"
"CARMEL, IN"
"INDIANAPOLIS, IN"
"MUNCIE, IN"
"EVANSVILLE, IN"
"WARSAW, IN"
"NOBLESVILLE, IN"
"MARION, IN"
"GREENCASTLE, IN"
"GREENWOOD, IN"
"MICHIGAN CITY, IN"
"FORT WAYNE, IN"
"WESTFIELD, IN"
"TERRE HAUTE, IN"
"BLOOMINGTON, IN"
"LAFAYETTE, IN"
"WEST LAFAYETTE, IN"
"SEYMOUR, IN"
"CHESTERTON, IN"
"COLUMBUS, IN"
"WABASH, IN"
"SOUTH BEND, IN"
"WHITESTOWN, IN"
"MISHAWAKA, IN"
"HAMMOND, IN"
"GARY, IN"
"VALPARAISO, IN"
"NOTRE DAME, IN"
"FISHERS, IN"
"IOWA CITY, IA"
"CEDAR RAPIDS, IA"
"WEST DES MOINES, IA"
"CHARLES CITY, IA"
"CLARINDA, IA"
"AMES, IA"
"ANKENY, IA"
"DES MOINES, IA"
"WDM, IA"
"DAVENPORT, IA"
"WEST BURLINGTON, IA"
"MUSCATINE, IA"
"DUBUQUE, IA"
"URBANDALE, IA"
"MASON CITY, IA"
"OTTUMWA, IA"
"PELLA, IA"
"SOUTH BEND, IA"
"DECORAH, IA"
"LEAWOOD, KS"
"OVERLAND PARK, KS"
"LAWRENCE, KS"
"CHANUTE, KS"
"AUGUSTA, KS"
"LENEXA, KS"
"OLATHE, KS"
"COFFEYVILLE, KS"
"TOPEKA, KS"
"BELLEVILLE, KS"
"WICHITA, KS"
"MANHATTAN, KS"
"KANSAS CITY, KS"
"ELIZABETHTOWN, KY"
"HAZARD, KY"
"PADUCAH, KY"
"LOUISVILLE, KY"
"LEXINGTON, KY"
"HARRODSBURG, KY"
"MOUNT WASHINGTON, KY"
"PIKEVILLE, KY"
"BOWLING GREEN, KY"
"ERLANGER, KY"
"BATON ROUGE, LA"
"LAFAYETTE, LA"
"PRAIRIEVILLE, LA"
"NEW ORLEANS, LA"
"GALLIANO, LA"
"THIBODAUX, LA"
"SHREVEPORT, LA"
"MONROE, LA"
"ALEXANDRIA, LA"
"HOUMA, LA"
"METAIRIE, LA"
"RIVER RIDGE, LA"
"BANGOR, ME"
"AUGUSTA, ME"
"BAR HARBOR, ME"
"BELFAST, ME"
"PRESQUE ISLE, ME"
"S PORTLAND, ME"
"COLUMBIA, MD"
"BETHESDA, MD"
"ROCKVILLE, MD"
"GAITHERSBURG, MD"
"CATONSVILLE, MD"
"HANOVER, MD"
"TOWSON, MD"
"COLLEGE PARK, MD"
"ANNAPOLIS, MD"
"SPARKS GLENCOE, MD"
"BALTIMORE, MD"
"GLEN BURNIE, MD"
"N BETHESDA, MD"
"JESSUP, MD"
"LUTHERVILLE TIMONIUM, MD"
"CLARKSVILLE, MD"
"SILVER SPRING, MD"
"CHEVY CHASE, MD"
"MIDDLE RIVER, MD"
"LAUREL, MD"
"GERMANTOWN, MD"
"ELLICOTT CITY, MD"
"FREDERICK, MD"
"BOWIE, MD"
"GREENBELT, MD"
"COCKEYSVILLE, MD"
"FULTON, MD"
"NOTTINGHAM, MD"
"HOLLYWOOD, MD"
"IRVING, MD"
"SYKESVILLE, MD"
"ELKRIDGE, MD"
"LANHAM, MD"
"WINDSOR MILL, MD"
"OWINGS MILLS, MD"
"SALISBURY, MD"
"SIMPSONVILLE, MD"
"CAMBRIDGE, MD"
"HYATTSVILLE, MD"
"CAMBRIDGE, MA"
"WALTHAM, MA"
"DANVERS, MA"
"CHELMSFORD, MA"
"BOSTON, MA"
"WESTBOROUGH, MA"
"MEDFORD, MA"
"NEWTON UPPER FALLS, MA"
"BURLINGTON, MA"
"WILMINGTON, MA"
"FRAMINGHAM, MA"
"NEWTON, MA"
"NORTHBOROUGH, MA"
"WOBURN, MA"
"DEDHAM, MA"
"BEVERLY, MA"
"NEEDHAM, MA"
"GREAT BARRINGTON, MA"
"SPRINGFIELD, MA"
"PITTSFIELD, MA"
"MARLBOROUGH, MA"
"RANDOLPH, MA"
"SOMERVILLE, MA"
"CHARLESTOWN, MA"
"MALDEN, MA"
"NEWTON HIGHLANDS, MA"
"HYANNIS, MA"
"ANDOVER, MA"
"WORCESTER, MA"
"NORWELL, MA"
"SHREWSBURY, MA"
"LEXINGTON, MA"
"BILLERICA, MA"
"NEW BEDFORD, MA"
"N BILLERICA, MA"
"WINCHESTER, MA"
"BRAINTREE, MA"
"READING, MA"
"WEST SPRINGFIELD, MA"
"QUINCY, MA"
"BELMONT, MA"
"MANSFIELD, MA"
"WAYLAND, MA"
"HOLYOKE, MA"
"DEVENS, MA"
"SALEM, MA"
"NEWTON CENTER, MA"
"LAWRENCE, MA"
"WATERTOWN, MA"
"WESTFORD, MA"
"EAST FALMOUTH, MA"
"WEBSTER, MA"
"WAKEFIELD, MA"
"BEDFORD, MA"
"LOWELL, MA"
"RAYNHAM, MA"
"BRIGHTON, MA"
"DRACUT, MA"
"NORTH ANDOVER, MA"
"MILFORD, MA"
"BRIDGEWATER, MA"
"AUBURNDALE, MA"
"SOUTHBOROUGH, MA"
"ATTLEBORO, MA"
"HOPKINTON, MA"
"WELLESLEY HILLS, MA"
"MELROSE, MA"
"CONCORD, MA"
"FALMOUTH, MA"
"NORTH GRAFTON, MA"
"WALPOLE, MA"
"AMHERST, MA"
"NORTHAMPTON, MA"
"HOLLISTON, MA"
"LINCOLN, MA"
"WELLESLEY, MA"
"CHESTNUT HILL, MA"
"TROY, MI"
"FARMINGTN HLS, MI"
"NOVI, MI"
"LANSING, MI"
"AUBURN HILLS, MI"
"PLYMOUTH, MI"
"NORTHVILLE, MI"
"DETROIT, MI"
"ADA, MI"
"SOUTHFIELD, MI"
"HUDSONVILLE, MI"
"THREE RIVERS, MI"
"LAKE ORION, MI"
"WIXOM, MI"
"ROCHESTER, MI"
"WARREN, MI"
"GROSSE POINTE, MI"
"RIVERVIEW, MI"
"MADISON HEIGHTS, MI"
"ALLEN PARK, MI"
"GRAND RAPIDS, MI"
"FARMINGTON HILLS, MI"
"FARMINGTON, MI"
"KALAMAZOO, MI"
"BRIGHTON, MI"
"DEARBORN, MI"
"BINGHAM FARMS, MI"
"JACKSON, MI"
"SAGINAW, MI"
"OKEMOS, MI"
"LIVONIA, MI"
"BATTLE CREEK, MI"
"ANN ARBOR, MI"
"YPSILANTI, MI"
"ROCKFORD, MI"
"ROCHESTER HILLS, MI"
"FLINT, MI"
"MIDLAND, MI"
"WYOMING, MI"
"SALINE, MI"
"KEEGO HARBOR, MI"
"SPRING ARBOR, MI"
"PONTIAC, MI"
"ALLEGAN, MI"
"MONROE, MI"
"EAST LANSING, MI"
"HOUGHTON, MI"
"FREMONT, MI"
"SHELBY TWP, MI"
"VAN BUREN TOWNSHIP, MI"
"UNIVERSITY CENTER, MI"
"SHELBY TOWNSHIP, MI"
"BYRON CENTER, MI"
"PORTAGE, MI"
"FRANKLIN, MI"
"BLOOMFIELD HILLS, MI"
"BLOOMFLD HLS, MI"
"BENTON HARBOR, MI"
"MINNEAPOLIS, MN"
"SAINT PAUL, MN"
"BAYPORT, MN"
"ST PAUL, MN"
"EDEN PRAIRIE, MN"
"WAYZATA, MN"
"SAINT CLOUD, MN"
"INVER GROVE HEIGHTS, MN"
"HOPKINS, MN"
"ROCHESTER, MN"
"MINNETONKA, MN"
"WAITE PARK, MN"
"AUSTIN, MN"
"PLYMOUTH, MN"
"BLOOMINGTON, MN"
"FOREST LAKE, MN"
"ARDEN HILLS, MN"
"EXCELSIOR, MN"
"HAMEL, MN"
"BROOKLYN PARK, MN"
"DULUTH, MN"
"SHOREVIEW, MN"
"EAGAN, MN"
"NEW HOPE, MN"
"FLOWOOD, MS"
"TUPELO, MS"
"BAY SAINT LOUIS, MS"
"STARKVILLE, MS"
"JACKSON, MS"
"UNIVERSITY, MS"
"HATTIESBURG, MS"
"BILOXI, MS"
"SAINT LOUIS, MO"
"ST LOUIS, MO"
"SPRINGFIELD, MO"
"KANSAS CITY, MO"
"PERRYVILLE, MO"
"JEFFERSON CITY, MO"
"CANTON, MO"
"CHESTERFIELD, MO"
"SAINT JOSEPH, MO"
"BRIDGETON, MO"
"SAINT PETERS, MO"
"CAPE GIRARDEAU, MO"
"DES PERES, MO"
"EARTH CITY, MO"
"WEST PLAINS, MO"
"ROLLA, MO"
"COLUMBIA, MO"
"LEE S SUMMIT, MO"
"FENTON, MO"
"GREAT FALLS, MT"
"HELENA, MT"
"MISSOULA, MT"
"BOZEMAN, MT"
"MCCOOK, NE"
"ELKHORN, NE"
"OMAHA, NE"
"LINCOLN, NE"
"LEXINGTON, NE"
"KEARNEY, NE"
"GRAND ISLAND, NE"
"LAS VEGAS, NV"
"RENO, NV"
"ELKO, NV"
"SPARKS, NV"
"MANCHESTER, NH"
"PORTSMOUTH, NH"
"KEENE, NH"
"AUBURN, NH"
"HANOVER, NH"
"LEBANON, NH"
"NASHUA, NH"
"SALEM, NH"
"MERRIMACK, NH"
"PISCATAWAY, NJ"
"HAMILTON, NJ"
"NEWARK, NJ"
"LAWRENCEVILLE, NJ"
"ROSELAND, NJ"
"PLAINSBORO, NJ"
"SOMERSET, NJ"
"PARSIPPANY, NJ"
"MIDDLESEX, NJ"
"JERSEY CITY, NJ"
"EAST BRUNSWICK, NJ"
"HILLSBOROUGH, NJ"
"EDISON, NJ"
"SOUTH HACKENSACK, NJ"
"RIDGEFIELD PARK, NJ"
"CAMDEN, NJ"
"BRIDGEWATER, NJ"
"MONMOUTH JCT, NJ"
"NORTH BRUNSWICK, NJ"
"VOORHEES, NJ"
"ENGLISHTOWN, NJ"
"MORRISTOWN, NJ"
"RED BANK, NJ"
"PRINCETON, NJ"
"EAST WINDSOR, NJ"
"MOUNT LAUREL, NJ"
"CRANBURY, NJ"
"MARLBORO, NJ"
"FLORHAM PARK, NJ"
"HOBOKEN, NJ"
"FRANKLIN LAKES, NJ"
"UNION, NJ"
"MONTVALE, NJ"
"SOUTH PLAINFIELD, NJ"
"NEW BRUNSWICK, NJ"
"WOODCLIFF LAKE, NJ"
"BURLINGTON, NJ"
"BASKING RIDGE, NJ"
"METUCHEN, NJ"
"ROBBINSVILLE, NJ"
"MONMOUTH JUNCTION, NJ"
"NAVESINK, NJ"
"WOODBRIDGE, NJ"
"NORTHVALE, NJ"
"PRINCETON JUNCTION, NJ"
"PENNSAUKEN, NJ"
"CHERRY HILL, NJ"
"AVENEL, NJ"
"ISELIN, NJ"
"NUTLEY, NJ"
"FRANKLIN LKS, NJ"
"MONTVILLE, NJ"
"S HACKENSACK, NJ"
"LITTLE FERRY, NJ"
"SHORT HILLS, NJ"
"BOUND BROOK, NJ"
"EAST RUTHERFORD, NJ"
"HOWELL, NJ"
"WHIPPANY, NJ"
"BERKELEY HEIGHTS, NJ"
"TEANECK, NJ"
"MAHWAH, NJ"
"PARAMUS, NJ"
"WEST WINDSOR, NJ"
"MONTGOMERY TOWNSHIP, NJ"
"LIVINGSTON, NJ"
"ENGLEWD CLFS, NJ"
"TRENTON, NJ"
"MATAWAN, NJ"
"CEDAR GROVE, NJ"
"EWING, NJ"
"COLONIA, NJ"
"CLIFTON, NJ"
"KENILWORTH, NJ"
"GLEN RIDGE, NJ"
"PATERSON, NJ"
"MONTCLAIR, NJ"
"RIDGEWOOD, NJ"
"SOMMERSET, NJ"
"S PLAINFIELD, NJ"
"WEST TRENTON, NJ"
"E BRUNSWICK, NJ"
"NEW PROVIDNCE, NJ"
"HIGHTSTOWN, NJ"
"MOONACHIE, NJ"
"SECAUCUS, NJ"
"MADISON, NJ"
"DENVILLE, NJ"
"WOODBURY HTS, NJ"
"GLASSBORO, NJ"
"HAZLET, NJ"
"BRANCHVILLE, NJ"
"GLEN ROCK, NJ"
"NEW PROVIDENCE, NJ"
"ABSECON, NJ"
"PARLIN, NJ"
"SHREWSBURY, NJ"
"HACKENSACK, NJ"
"WARREN, NJ"
"LAKEWOOD, NJ"
"MONROE, NJ"
"MIDDLETOWN, NJ"
"LINDEN, NJ"
"SOMERVILLE, NJ"
"WAYNE, NJ"
"HOLMDEL, NJ"
"EASTBRUNSWICK, NJ"
"BEDMINSTER, NJ"
"SHIPROCK, NM"
"ALBUQUERQUE, NM"
"GRANTS, NM"
"SOCORRO, NM"
"LOS ALAMOS, NM"
"ZUNI, NM"
"JERICHO, NY"
"NEW YORK, NY"
"LONG ISLAND CITY, NY"
"AMHERST, NY"
"PEARL RIVER, NY"
"VALLEY COTTAGE, NY"
"ALBANY, NY"
"PURCHASE, NY"
"POUGHKEEPSIE, NY"
"NEW ROCHELLE, NY"
"BROOKLYN, NY"
"ORANGEBURG, NY"
"FOREST HILLS, NY"
"ROCHESTER, NY"
"FLUSHING, NY"
"MINEOLA, NY"
"BRONX, NY"
"NORWICH, NY"
"NEW BERLIN, NY"
"POTSDAM, NY"
"HAMILTON, NY"
"MOUNT VERNON, NY"
"NEW YORK CITY, NY"
"BUFFALO, NY"
"VICTOR, NY"
"CHEEKTOWAGA, NY"
"YONKERS, NY"
"ITHACA, NY"
"CORNING, NY"
"MIDDLETOWN, NY"
"WHITE PLAINS, NY"
"MALLORY, NY"
"LONG IS CITY, NY"
"ELMIRA, NY"
"GREAT NECK, NY"
"SYRACUSE, NY"
"NISKAYUNA, NY"
"BALLSTON SPA, NY"
"JAMESTOWN, NY"
"PORT WASHINGTON, NY"
"MELVILLE, NY"
"ELMSFORD, NY"
"HONEOYE FALLS, NY"
"ELMA, NY"
"HAUPPAUGE, NY"
"LIVERPOOL, NY"
"GARDEN CITY, NY"
"BROOKVILLE, NY"
"SPRING VALLEY, NY"
"HICKSVILLE, NY"
"RENSSELAER, NY"
"OLD WESTBURY, NY"
"LATHAM, NY"
"BOHEMIA, NY"
"COLLEGE POINT, NY"
"UTICA, NY"
"TARRYTOWN, NY"
"FREDONIA, NY"
"ARMONK, NY"
"LYNBROOK, NY"
"LAKE SUCCESS, NY"
"COOPERSTOWN, NY"
"WOODBURY, NY"
"SCHENECTADY, NY"
"BINGHAMTON, NY"
"MALONE, NY"
"EAST AURORA, NY"
"VALHALLA, NY"
"WEBSTER, NY"
"RALEIGH, NC"
"CARY, NC"
"BURLINGTON, NC"
"CHARLOTTE, NC"
"HUNTERSVILLE, NC"
"GREENSBORO, NC"
"MORRISVILLE, NC"
"DURHAM, NC"
"KERNERSVILLE, NC"
"WAKE FOREST, NC"
"CANDOR, NC"
"HICKORY, NC"
"FAYETTEVILLE, NC"
"ELIZABETHTOWN, NC"
"GREENVILLE, NC"
"ELIZABETH CITY, NC"
"WINSTON SALEM, NC"
"MOORESVILLE, NC"
"THOMASVILLE, NC"
"LAURINBURG, NC"
"DAVIDSON, NC"
"CHAPEL HILL, NC"
"WILMINGTON, NC"
"HENDERSON, NC"
"APEX, NC"
"CULLOWHEE, NC"
"GRAND FORKS, ND"
"FARGO, ND"
"NEW ALBANY, OH"
"COLUMBUS, OH"
"CINCINNATI, OH"
"MIAMISBURG, OH"
"KETTERING, OH"
"WESTLAKE, OH"
"MARYSVILLE, OH"
"DUBLIN, OH"
"AVON, OH"
"WESTERVILLE, OH"
"HILLIARD, OH"
"BOWLING GREEN, OH"
"DAYTON, OH"
"CEDARVILLE, OH"
"MASON, OH"
"WEST CHESTER, OH"
"UNIVERSITY HT, OH"
"MAUMEE, OH"
"BEACHWOOD, OH"
"TOLEDO, OH"
"SOLON, OH"
"HUDSON, OH"
"KENT, OH"
"GAMBIER, OH"
"CLEVELAND, OH"
"LEWIS CENTER, OH"
"LORDSTOWN, OH"
"FINDLAY, OH"
"BLACKLICK, OH"
"OXFORD, OH"
"AMELIA, OH"
"NORTH OLMSTED, OH"
"WESTFIELD CENTER, OH"
"PERRYSBURG, OH"
"MAYFIELD, OH"
"WILMINGTON, OH"
"MENTOR, OH"
"FAIRLAWN, OH"
"AKRON, OH"
"ORRVILLE, OH"
"ATHENS, OH"
"POWELL, OH"
"REYNOLDSBURG, OH"
"WARREN, OH"
"WORTHINGTON, OH"
"TULSA, OK"
"DURANT, OK"
"LAWTON, OK"
"OKLAHOMA CITY, OK"
"NORMAN, OK"
"WILSONVILLE, OR"
"PORTLAND, OR"
"BEAVERTON, OR"
"HILLSBORO, OR"
"CORVALLIS, OR"
"MILWAUKIE, OR"
"EUGENE, OR"
"ABINGTON, PA"
"FEASTERVILLE TREVOSE, PA"
"PLYMOUTH MEETING, PA"
"STATE COLLEGE, PA"
"CARLISLE, PA"
"PITTSBURGH, PA"
"PHILADELPHIA, PA"
"ALLENTOWN, PA"
"WEXFORD, PA"
"CONSHOHOCKEN, PA"
"CANONSBURG, PA"
"AMBLER, PA"
"EXTON, PA"
"BLUE BELL, PA"
"GLEN MILLS, PA"
"BETHLEHEM, PA"
"KENNETT SQUARE, PA"
"BLOOMSBURG, PA"
"CHESTERBROOK, PA"
"HARRISBURG, PA"
"MALVERN, PA"
"CORAOPOLIS, PA"
"KENNETT SQ, PA"
"WEST CHESTER, PA"
"KNG OF PRUSSA, PA"
"WAYNE, PA"
"ERIE, PA"
"BERWYN, PA"
"MOON TOWNSHIP, PA"
"FORT WASHINGTON, PA"
"DANVILLE, PA"
"SAYRE, PA"
"CAMP HILL, PA"
"SAXONBURG, PA"
"LATROBE, PA"
"NEWTOWN, PA"
"MECHANICSBURG, PA"
"RADNOR, PA"
"MURRYSVILLE, PA"
"YARDLEY, PA"
"WARRENDALE, PA"
"CRANBERRY TWP, PA"
"TURBOTVILLE, PA"
"KING OF PRUSSIA, PA"
"HORSHAM, PA"
"CENTER VALLEY, PA"
"LANGHORNE, PA"
"HERSHEY, PA"
"READING, PA"
"NEWTOWN SQUARE, PA"
"HANOVER, PA"
"CHALFONT, PA"
"SWIFTWATER, PA"
"OAKS, PA"
"SCRANTON, PA"
"BALA CYNWYD, PA"
"SWARTHMORE, PA"
"UNIVERSITY PARK, PA"
"DOWNINGTOWN, PA"
"JESSUP, PA"
"MEDIA, PA"
"HONESDALE, PA"
"MOUNT GRETNA, PA"
"WOONSOCKET, RI"
"PROVIDENCE, RI"
"LINCOLN, RI"
"JOHNSTON, RI"
"WOOD RIVER JUNCTION, RI"
"NORTH KINGSTOWN, RI"
"ROCK HILL, SC"
"BEECH ISLAND, SC"
"SPARTANBURG, SC"
"DARLINGTON, SC"
"GREER, SC"
"PIEDMONT, SC"
"CHARLESTON, SC"
"LEXINGTON, SC"
"MARION, SC"
"FLORENCE, SC"
"ORANGEBURG, SC"
"COLUMBIA, SC"
"WINNSBORO, SC"
"FORT MILL, SC"
"GREENVILLE, SC"
"EASLEY, SC"
"ANDERSON, SC"
"GRAY COURT, SC"
"SIOUX FALLS, SD"
"MC LAUGHLIN, SD"
"PIERRE, SD"
"SAINT FRANCIS, SD"
"RAPID CITY, SD"
"NASHVILLE, TN"
"MEMPHIS, TN"
"KNOXVILLE, TN"
"CLARKSVILLE, TN"
"BRENTWOOD, TN"
"CHATTANOOGA, TN"
"GOODLETTSVILLE, TN"
"KINGSPORT, TN"
"FRANKLIN, TN"
"GREENEVILLE, TN"
"TULLAHOMA, TN"
"CLINTON, TN"
"COOKEVILLE, TN"
"IRVING, TX"
"HOUSTON, TX"
"KATY, TX"
"DALLAS, TX"
"MCKINNEY, TX"
"PLANO, TX"
"ADDISON, TX"
"FORT WORTH, TX"
"AUSTIN, TX"
"RICHARDSON, TX"
"SAN ANTONIO, TX"
"WACO, TX"
"THE COLONY, TX"
"BRYAN, TX"
"COPPELL, TX"
"WESTLAKE, TX"
"CLEVELAND, TX"
"SPRING, TX"
"DAYTON, TX"
"ROUND ROCK, TX"
"ODESSA, TX"
"TAYLOR, TX"
"LEWISVILLE, TX"
"CARROLLTON, TX"
"SUGAR LAND, TX"
"GRAPEVINE, TX"
"BELLAIRE, TX"
"EL PASO, TX"
"CEDAR PARK, TX"
"ABILENE, TX"
"FRISCO, TX"
"KINGWOOD, TX"
"CEDAR CREEK, TX"
"JACKSONVILLE, TX"
"KERRVILLE, TX"
"BEAUMONT, TX"
"PROSPER, TX"
"LONGVIEW, TX"
"TEMPLE, TX"
"MESQUITE, TX"
"MANSFIELD, TX"
"ARLINGTON, TX"
"PORT ARTHUR, TX"
"DENTON, TX"
"HUNTSVILLE, TX"
"SOUTHLAKE, TX"
"SPLENDORA, TX"
"ALLEN, TX"
"STEPHENVILLE, TX"
"COMMERCE, TX"
"COLLEGE STATION, TX"
"KINGSVILLE, TX"
"SAN MARCOS, TX"
"LUBBOCK, TX"
"TYLER, TX"
"GALVESTON, TX"
"EDINBURG, TX"
"CORPUS CHRISTI, TX"
"LEHI, UT"
"SALT LAKE CITY, UT"
"SOUTH JORDAN, UT"
"FARMINGTON, UT"
"PLEASANT GROVE, UT"
"SANDY, UT"
"RIVERTON, UT"
"MIDVALE, UT"
"PROVO, UT"
"WEST VALLEY CITY, UT"
"DRAPER, UT"
"SALT LAKE CTY, UT"
"LOGAN, UT"
"MONTPELIER, VT"
"BURLINGTON, VT"
"ARLINGTON, VA"
"RESTON, VA"
"HERNDON, VA"
"FAIRFAX, VA"
"ASHBURN, VA"
"MC LEAN, VA"
"CHANTILLY, VA"
"RICHMOND, VA"
"ROANOKE, VA"
"HENRICO, VA"
"LYNCHBURG, VA"
"CENTREVILLE, VA"
"NORFOLK, VA"
"ALDIE, VA"
"VIENNA, VA"
"VIRGINIA BEACH, VA"
"STERLING, VA"
"HARRISONBURG, VA"
"SMITHFIELD, VA"
"MCLEAN, VA"
"NEWPORT NEWS, VA"
"CHARLOTTESVLE, VA"
"CHARLOTTESVILLE, VA"
"BLACKSBURG, VA"
"PETERSBURG, VA"
"SEATTLE, WA"
"BELLEVUE, WA"
"BOTHELL, WA"
"VANCOUVER, WA"
"ISSAQUAH, WA"
"REDMOND, WA"
"CHENEY, WA"
"EVERETT, WA"
"TACOMA, WA"
"LIBERTY LAKE, WA"
"RENTON, WA"
"MOUNTLAKE TER, WA"
"SUMNER, WA"
"OLYMPIA, WA"
"LAKEWOOD, WA"
"BELLINGHAM, WA"
"KIRKLAND, WA"
"YAKIMA, WA"
"CHARLES TOWN, WV"
"HUNTINGTON, WV"
"BELOIT, WI"
"DE PERE, WI"
"MILWAUKEE, WI"
"ARCADIA, WI"
"WAUWATOSA, WI"
"RACINE, WI"
"MADISON, WI"
"WAUKESHA, WI"
"LA CROSSE, WI"
"KOHLER, WI"
"MENOMONEE FALLS, WI"
"DODGEVILLE, WI"
"MARSHFIELD, WI"
"GREEN BAY, WI"
"OAK CREEK, WI"
"WISCONSIN RAPIDS, WI"
"PLYMOUTH, WI"
"WATERLOO, WI"
"PLEASANT PRAIRIE, WI"
"BROOKFIELD, WI"
"HAGATNA, GU"
"BARRIGADA, GU"
"DEDEDO, GU"
"TAMUNING, GU"
"WASHINGTON, DC"
