"Fiscal Year",Employer,"Initial Approval","Initial Denial","Continuing Approval","Continuing Denial",NAICS,"Tax ID",State,City,ZIP
2022,"2A USA INC",1,0,1,0,33,2681,AL,AUBURN,36832
2022,"3 GIS LLC",0,0,5,0,54,0965,AL,DECATUR,35601
2022,"A&R CONSTRUCTION MGMT & DEVELOPMEN",0,0,1,0,72,9421,AL,"GULF SHORES",36542
2022,"A&R CONSTRUCTION MGMT & DEVELOPMEN",1,0,0,0,23,9421,AL,"GULF SHORES",36542
2022,"ABATUS LLC",1,0,0,0,54,3794,AL,BIRMINGHAM,35203
2022,"ADAH ENTERPRISES INC",0,0,2,0,54,1248,AL,BIRMINGHAM,35203
2022,"ADTRAN INC",0,0,1,0,33,8200,AL,HUNTSVILLE,35806
2022,"ADVENTA CORPORATION",0,0,1,0,54,1020,AL,HARVEST,35749
2022,"AFFINITY CARDIOVASCULAR SPECIALIST",1,0,0,0,62,6603,AL,GADSDEN,35903
2022,"AFFINITY CARDIOVASCULAR SPECIALISTS LLC",2,0,0,0,62,6603,AL,GADSDEN,35903
2022,"ALABAMA A&M UNIVERSITY",4,0,5,0,61,1097,AL,NORMAL,35762
2022,"ALABAMA CANCER CARE LLC",1,0,1,0,62,8311,AL,TUSCALOOSA,35406
2022,"ALABAMA ONCOLOGY HEMATOLOGY ASSOCIATES LLC",0,0,1,0,62,7262,AL,MONTGOMERY,36106
2022,"ALABAMA PROVIDENCE HEALTHCARE SVCS",0,0,1,0,62,7744,AL,MOBILE,36608
2022,"ALABAMA SCHOOL OF FINE ARTS",0,0,1,0,61,0186,AL,BIRMINGHAM,35203
2022,"ALABAMA SCHOOL OF MATH AND SCIENCE",1,0,0,0,61,0619,AL,MOBILE,36604
2022,"ALABAMA STATE UNIVERSITY",3,0,1,1,61,1101,AL,MONTGOMERY,36101
2022,"ALABAMA STATE UNIVERSITY",1,0,0,0,61,1101,AL,MONTGOMERY,36104
2022,"ALFA MUTUAL INSURANCE COMPANY",1,0,9,0,52,2164,AL,MONTGOMERY,36116
2022,"ALPHA HOSPITALIST SERVICES",1,0,0,0,62,2598,AL,GADSDEN,35901
2022,"AM NS CALVERT LLC",1,0,2,0,33,6522,AL,CALVERT,36513
2022,"AM/NS CALVERT LLC",1,0,1,0,33,6522,AL,CALVERT,36513
2022,"AMERICAN PROCESS MANAGEMENT, LLC",1,0,0,0,54,8209,AL,"VESTAVIA HILLS",35243
2022,"AMPHENOL TECVOX LLC",0,0,1,0,54,1856,AL,HUNTSVILLE,35805
2022,"AMPHENOL TRECVOX LLC",0,0,2,0,54,1856,AL,HUNTSVILLE,35805
2022,"ANDALUSIA PHYSICIAN SVCS LLC",0,0,2,0,62,6585,AL,ANDALUSIA,36420
2022,"ANGLIN REICHMANN ARMSTRONG P C",1,0,0,0,54,2841,AL,HUNTSVILLE,35806
2022,"ANNISTON ISLAMIC CENTER INC IQRA M",1,0,0,0,81,2703,AL,ANNISTON,36207
2022,"APPLIED OLAP INC",0,0,1,0,51,7064,AL,HUNTSVILLE,35801
2022,"ARD LOGISTICS ALABAMA LLC",2,0,0,0,54,3213,AL,VANCE,35490
2022,"ARKAL AUTOMOTIVE USA INC",0,0,1,0,33,7029,AL,AUBURN,36832
2022,"ARSENAL INSURANCE MANAGEMENT LLC",0,0,1,0,52,3990,AL,MONTGOMERY,36116
2022,"ATHENS INTERNAL MEDICINE & NEPHROLOGY ASSO P C",0,0,1,0,62,4879,AL,ATHENS,35611
2022,"AUBURN UNIVERSITY",15,0,8,1,61,0724,AL,AUBURN,36849
2022,"AUBURN UNIVERSITY",1,0,0,0,61,0724,AL,"AUBURN UNIV",36849
2022,"AUBURN UNIVERSITY",15,0,17,0,61,0724,AL,"AUBURN UNIVERSITY",36849
2022,"AUBURN UNIVERSITY",6,0,4,1,61,0724,AL,MONTGOMERY,36117
2022,"AUTOCAR LLC",1,0,0,0,52,9858,AL,BIRMINGHAM,35215
2022,"AUTOCAR LLC",2,0,1,0,33,9858,AL,BIRMINGHAM,35215
2022,"BACKSTAGE PRODUCTIONS LLC",0,0,1,0,71,7915,AL,CULLMAN,35055
2022,"BAJAJ CONEAGLE LLC",1,0,0,0,42,6579,AL,MILLBROOK,36054
2022,"BAPTIST HEALTH CENTERS LLC",0,0,1,0,62,5859,AL,BIRMINGHAM,35243
2022,"BBB INDUSTRIES LLC",0,0,4,0,33,7357,AL,DAPHNE,36526
2022,"BBVA USA",2,0,0,0,52,6286,AL,BIRMINGHAM,35233
2022,"BHATE ENVIRONMENTAL ASSOCIATES INC",1,0,0,0,56,5702,AL,BIRMINGHAM,35205
2022,"BLOX LLC",3,0,2,0,54,2553,AL,BESSEMER,35020
2022,"BLUE CROSS AND BLUE SHIELD OF ALAB",0,0,2,0,52,3830,AL,BIRMINGHAM,35244
2022,"BLUE CROSS AND BLUE SHIELD OF ALABAMA",0,0,20,0,52,3830,AL,BIRMINGHAM,35244
2022,"BLUE CROSS AND BLUE SHIELD OF ALABAMA",0,0,2,0,52,3830,AL,HOOVER,35244
2022,"BOLTA US LTD",0,0,1,0,33,5583,AL,NORTHPORT,35476
2022,"BUILDING & EARTH SCIENCES INC",0,0,1,0,54,5354,AL,BIRMINGHAM,35210
2022,"CADDELL CONSTRUCTION CO DE LLC",0,0,1,0,23,3916,AL,MONTGOMERY,36104
2022,"CALIZA LLC D B A THE LANDING",2,0,2,0,53,1545,AL,BIRMINGHAM,35203
2022,"CALIZA LLC DBA THE LANDING",0,0,2,0,53,1545,AL,BIRMINGHAM,35203
2022,"CAPSTONE HEALTH SERVICES FOUNDATION",2,0,4,0,62,0661,AL,TUSCALOOSA,35401
2022,"CAPSTONE HLTH SVCS FOUNDATION",1,0,1,0,62,0661,AL,TUSCALOOSA,35401
2022,"CARDIOLOGY P C",0,0,1,0,62,0054,AL,BIRMINGHAM,35211
2022,"CARR RIGGS & INGRAM LLC",0,0,2,0,54,6621,AL,ENTERPRISE,36330
2022,"CELLULOSE SOLUTIONS LLC",0,0,1,0,54,0746,AL,"SPANISH FORT",36527
2022,"CEMEX SOUTHEAST LLC",0,0,1,0,32,4454,AL,BIRMINGHAM,35210
2022,"CFD RESEARCH CORPORATION",0,0,1,0,54,4385,AL,HUNTSVILLE,35806
2022,"CHEROKEE FABRICATION COMPANY INC",0,0,1,0,33,2399,AL,SALEM,36874
2022,"CHONEX INC",1,0,0,0,11,7772,AL,BIRMINGHAM,35203
2022,"CITW INC",2,0,0,0,54,7171,AL,BIRMINGHAM,35244
2022,"CITW INC",1,0,0,0,54,7171,AL,HOOVER,35244
2022,"CITY OF HUNTSVILLE UTILITIES",0,0,2,0,92,1297,AL,HUNTSVILLE,35801
2022,"COBBS ALLEN CAPITAL LLC",1,0,0,0,52,7726,AL,BIRMINGHAM,35223
2022,"COMMENTSOLD LLC",0,0,1,0,45,8179,AL,HUNTSVILLE,35805
2022,"COMMUNITY HOSPITAL INC",0,0,1,0,62,7680,AL,TALLASSEE,36078
2022,"COMPREHENSIVE ANESTHESIA SERVICES P C",1,0,0,0,62,2437,AL,HUNTSVILLE,35801
2022,"COMPUTER PROGRAMS AND SYSTEMS INC",1,0,1,0,54,2373,AL,MOBILE,36695
2022,"COMPUTER PROGRAMS AND SYSTEMS INC",0,0,1,0,54,2373,AL,MOBILE,36602
2022,"CONTINENTAL GLOBAL MATERIAL HANDLI",0,0,1,0,33,3197,AL,WINFIELD,35594
2022,"CUMBERLAND PLASTIC SYSTEMS",0,0,1,0,32,3851,AL,OPELIKA,36801
2022,"DANIELI TARANIS LLC",0,0,1,0,33,5910,AL,CHELSEA,35043
2022,"DAXKO LLC",0,0,1,0,54,2193,AL,BIRMINGHAM,35209
2022,"DEEPTARGET INC",1,0,0,0,54,2525,AL,HUNTSVILLE,35899
2022,"DEVANSH LAB WERKS INC",6,1,0,0,62,4194,AL,HOMEWOOD,35209
2022,"DEVANSH LAB WERKS INC",1,0,3,0,62,4194,AL,BIRMINGHAM,35209
2022,"DILIP K KAPADIA CPA PC",0,0,1,0,54,8704,AL,BIRMINGHAM,35244
2022,"DISCOVERY LIFE SCIENCES",0,0,1,0,54,5055,AL,HUNTSVILLE,35806
2022,"DLIFLC US ARMY",1,0,0,0,62,5142,AL,TUSCALOOSA,35406
2022,"EAST ALABAMA REGIONAL PLANNING AND DEVELOPMENT COMMISSION",0,0,1,0,92,7855,AL,ANNISTON,36201
2022,"EBZ SYSTEC, INC.",1,0,0,0,33,7361,AL,"MC CALLA",35111
2022,"ECM HEALTH GROUP LLC",3,0,1,0,62,1796,AL,FLORENCE,35630
2022,"ECM TVCC LLC",1,0,0,0,62,5825,AL,FLORENCE,35630
2022,"EDGE FIRE PROTECTION INC",0,0,1,0,23,5943,AL,PELHAM,35124
2022,"ELECTRICFIL CORPORATION",1,0,0,0,33,1958,AL,ELKMONT,35620
2022,"ENCOMPASS HEALTH CORPORATION",1,0,2,0,62,0407,AL,BIRMINGHAM,35242
2022,"END2END PUBLIC SAFETY LLC",0,0,1,0,54,2123,AL,MOBILE,36603
2022,"ENGINEERING GROUP OF THE SOUTHEAST LLC",0,0,1,0,54,3012,AL,DOTHAN,36301
2022,"EZCLAIM SOFTWARE LLC",0,0,1,0,51,1095,AL,AUBURN,36832
2022,"FAULKNER UNIV",1,0,0,0,61,9409,AL,MONTGOMERY,36109
2022,"FAULKNER UNIVERSITY",1,0,1,0,61,9409,AL,MONTGOMERY,36109
2022,"FEDEX CORPORATE SERVICES INC",0,0,1,0,49,8017,AL,CLIO,36017
2022,"FERANA LLC D B A ODENVILLE SHELL",1,0,0,0,44,1226,AL,ODENVILL,35210
2022,"FIFTH DIMENSION ARCHITECHTURE AND INTERIORS LLC",0,0,1,0,54,0356,AL,BIRMINGHAM,35233
2022,"FIFTH DIMENSION ARCHITECTURE AND INTERIORS LLC",1,0,1,0,54,0356,AL,BIRMINGHAM,35233
2022,"GADSDEN REGIONAL PHYSICIAN GROUP PRACTICE",0,0,1,0,62,6828,AL,GADSDEN,35903
2022,"GD COPPER U S A INC",0,0,1,0,33,9687,AL,"PINE HILL",36769
2022,"GD COPPER USA INC",2,0,1,0,33,9687,AL,"PINE HILL",36769
2022,"GESTAMP ALABAMA LLC",0,0,2,0,33,6607,AL,"MC CALLA",35111
2022,"GFA ALABAMA INC",1,0,0,0,49,2324,AL,VALLEY,36854
2022,"GIATTINA AYCOCK ARCHITECTURE STUDIO INC",1,0,0,0,54,3327,AL,BESSEMER,35020
2022,"GOODWYN MILLS & CAWOOD INC",0,0,1,0,54,6620,AL,MOBILE,36602
2022,"GOODWYN MILLS & CAWOOD INC",0,0,1,0,54,6620,AL,MONTGOMERY,36117
2022,"GPS IT SOLUTIONS LLC",0,0,12,0,54,8821,AL,TUSCALOOSA,35404
2022,"GULF STATES ENGINEERING INC",0,0,1,0,54,8451,AL,MOBILE,36609
2022,"GURU GROUP LLC",0,0,1,0,54,0228,AL,DOTHAN,36305
2022,"GURU GROUP LLC",0,0,0,1,54,0228,AL,WEBB,36376
2022,"HANA FACTORY AUTOMATION CORPORATIO",1,0,0,0,54,7711,AL,OPELIKA,36801
2022,"HANON SYSTEMS ALABAMA CORPORATION",0,0,1,0,33,9188,AL,SHORTER,36075
2022,"HANWHA ADVANCED MATERIALS AMERICA LLC",1,0,0,0,99,9231,AL,OPELIKA,36801
2022,"HARGROVE & ASSOCIATES INC DBA HARG",0,0,3,0,54,2530,AL,MOBILE,36602
2022,"HARGROVE ASSOCIATES INC D/B/A HARGROVE ENGINEERS CONSTRUCTORS",1,0,4,0,54,2530,AL,MOBILE,36602
2022,"HEALTH AUTHORITY OF THE CITY OF GREENVILLE DBA REGIONAL MEDICAL CENTER OF CENTRAL ALABAMA",1,0,0,0,62,5000,AL,GREENVILLE,36037
2022,"HEALTHCARE AUTHORITY OF CULLMAN COUNTY",1,0,0,0,62,8174,AL,CULLMAN,35056
2022,"HEART HEALTH CENTER P C",1,0,0,0,62,9298,AL,FLORENCE,35630
2022,"HH HEALTH SYSTEMS SHOALS LLC DBA HELEN KELLER HOSPITAL",0,0,1,0,62,3163,AL,SHEFFIELD,35660
2022,"HH HEART CTR LLC",0,0,2,0,62,1996,AL,HUNTSVILLE,35801
2022,"HIBBETT RETAIL INC",0,0,1,0,45,4067,AL,BIRMINGHAM,35211
2022,"HIGHLANDS UNITED METHODIST CHURCH",0,0,1,0,81,8840,AL,BIRMINGHAM,35205
2022,"HOAR PROGRAM MANAGEMENT LLC",1,0,1,0,23,3400,AL,BIRMINGHAM,35209
2022,"HODGES BONDED WAREHOUSE INC",1,0,0,0,48,3250,AL,MONTGOMERY,36104
2022,"HOPE ANIMAL CLINIC PC",0,1,0,0,54,6021,AL,BESSEMER,35022
2022,"HOUSTON CO HEALTHCARE AUTHORITY D/",0,0,1,0,62,4476,AL,DOTHAN,36301
2022,"HOUSTON CO HEALTHCARE AUTHORITY D/B/A SOUTHEAST HEALTH",2,0,4,0,62,4476,AL,DOTHAN,36301
2022,"HUDSONALPHA INSTITUTE FOR BIOTECHNOLOGY",1,0,1,0,54,9317,AL,HUNTSVILLE,35806
2022,"HUNTSVILLE RENAL CLINIC P C",0,0,1,0,62,0194,AL,HUNTSVILLE,35801
2022,"HYOSUNG USA INC",0,0,1,0,31,8280,AL,DECATUR,35601
2022,"HYUNDAI MOTOR MANUFACTURING ALABAMA LLC",2,0,0,0,33,6698,AL,MONTGOMERY,36105
2022,"HYUNDAI POWER TRANSFORMERS USA INC",0,0,1,0,33,0902,AL,MONTGOMERY,36105
2022,"IMC DIAGNOSTIC AND MEDICAL CLINIC LLC",0,0,1,0,62,2832,AL,MOBILE,36601
2022,"IMC DIAGNOSTIC AND MEDICAL CLINIC LLC",0,0,2,0,62,2832,AL,MOBILE,36604
2022,"IMC DIAGONSTIC AND MEDICAL CLINIC LLC",0,0,1,0,62,2832,AL,MOBILE,36601
2022,"IMC DIAGONSTIC AND MEDICAL CLINIC LLC",0,0,1,0,62,2832,AL,MOBILE,36604
2022,"IMC HOSPITALISTS LLC",0,0,1,0,62,8598,AL,MOBILE,36607
2022,"INCO GROUP LLC",0,0,1,0,23,6604,AL,MONTGOMERY,36116
2022,"INFINITY INSURANCE COMPANY DBA KEMPER AUTO",0,0,1,0,52,3862,AL,BIRMINGHAM,35203
2022,"INFODRIVE SYSTEMS INC",4,0,18,0,54,1918,AL,TUSCALOOSA,35404
2022,"INTEGRATED BEHAVIORAL HEALTH",1,0,1,0,62,6113,AL,MADISON,35758
2022,"INTERGRAPH CORPORATION",1,0,12,0,54,3222,AL,MADISON,35758
2022,"INTERMARK GROUP INC",1,0,0,0,54,1351,AL,BIRMINGHAM,35203
2022,"INTRAMICRON INC",1,0,0,0,54,4248,AL,AUBURN,36832
2022,"IREPERTOIRE INC",0,0,1,0,54,6096,AL,HUNTSVILLE,35806
2022,"JACKSON HOSPITAL & CLINIC INC",2,0,1,0,62,1820,AL,MONTGOMERY,36106
2022,"JACKSONVILLE STATE UNIV",2,0,5,0,61,1099,AL,JACKSONVILLE,36265
2022,"JACKSONVILLE STATE UNIVERSITY",0,0,2,0,61,1099,AL,JACKSONVILLE,36265
2022,"JB PROCESSING LLC DBA ALABAMA MARBLE MINERAL AND MINING CO",1,0,0,0,32,8712,AL,BESSEMER,35020
2022,"JOB CREATION LLC",1,0,0,0,56,2933,AL,MONTGOMERY,36105
2022,"JOHNSON OUTDOORS MARINE ELECTRONIC",0,0,1,0,33,6601,AL,EUFAULA,36027
2022,"K W PLASTICS RECYCLING",0,0,1,0,32,4058,AL,TROY,36079
2022,"KAMTEK INC",1,0,2,0,33,9459,AL,BIRMINGHAM,35215
2022,"KC SOL TECH INC",1,0,0,0,54,2718,AL,AUBURN,36832
2022,"KEMP MANAGEMENT SOLUTIONS LLC",1,0,0,0,54,7098,AL,BIRMINGHAM,35233
2022,"KRONOSPAN LLC",1,0,0,1,32,7964,AL,EASTABOGA,36260
2022,"LAURENCE AND ASSOCIATES LLC",0,0,1,0,54,1179,AL,MOBILE,36604
2022,"LEEHAN AMERICA INC",1,0,0,0,33,1278,AL,CUSSETA,36852
2022,"LEGACY VULCAN LLC SUBSIDIARY OF VU",0,0,1,0,21,6371,AL,BIRMINGHAM,35242
2022,"LEGACY VULCAN LLC SUBSIDIARY OF VULCAN MATERIALS COMPANY",0,0,3,0,21,6371,AL,BIRMINGHAM,35242
2022,"LOTTE CHEMICAL ALABAMA CORP",1,0,0,0,32,9141,AL,AUBURN,36832
2022,"MANDO AMERICA CORPORATION",5,0,27,1,33,4493,AL,OPELIKA,36801
2022,"MATTAPALLY TECHNOLOGIES INC",0,0,0,1,61,4154,AL,BIRMINGHAM,35259
2022,"MCBI ONE, LLC",1,0,0,0,54,2355,AL,MONTGOMERY,36106
2022,"MEDICAL COLLEGE OF WISCONSIN INC",1,0,0,0,61,6261,AL,BIRMINGHAM,35226
2022,"MID-AMERICA ENGINE INC",0,0,1,0,22,6403,AL,WARRIOR,35180
2022,"MILES COLLEGE",0,0,2,0,61,0608,AL,FAIRFIELD,35064
2022,"MITTERNIGHT BOILER WORKS INC",0,0,1,0,33,2523,AL,SATSUMA,36572
2022,"MJ SYSTEM LLC",1,0,0,0,54,5677,AL,LANETT,36863
2022,"MOBILE LLC DBA MOBILE MARRIOTT",1,0,0,0,72,5322,AL,MOBILE,36606
2022,"MOBIS US ALABAMA LLC",1,0,0,0,33,8213,AL,"MC CALLA",35111
2022,"MOLECULAR DESIGNS LLC",0,0,1,0,54,8456,AL,BIRMINGHAM,35243
2022,"MONTGOMERY BAPTIST OUTREACH SVCS CORP",0,0,1,0,62,3275,AL,MONTGOMERY,36117
2022,"MONTGOMERY KIDNEY SPECIALIST LLP",0,0,1,0,62,5525,AL,MONTGOMERY,36106
2022,"MOTION INDUSTRIES INC",0,0,4,0,42,1578,AL,BIRMINGHAM,35210
2022,"MY SUPPLY CHAIN GROUP LLC",2,0,13,1,54,9106,AL,BIRMINGHAM,35242
2022,"NALARA QUALITY SYSTEM LLC",1,0,1,0,54,1614,AL,OPELIKA,36804
2022,"NATIONAL CHILDREN S ADVOCACY CENTER",1,0,0,0,62,1512,AL,HUNTSVILLE,35801
2022,"NCP SOLUTIONS LLC",0,0,1,0,32,5620,AL,BIRMINGHAM,35217
2022,"NEPHROLOGY ASSO MOBILE PA",0,0,1,0,62,0569,AL,MOBILE,36608
2022,"NEPTUNE TECHNOLOGY GROUP INC",0,0,1,0,33,2672,AL,TALLASSEE,36078
2022,"NORTH ALABAMA FABRICATING COMPANY INC DBA WOLF POINT ENGINEERS",1,0,0,0,33,7713,AL,BIRMINGHAM,35216
2022,"NUCOR STEEL DECATUR LLC",0,0,1,0,33,6319,AL,TRINITY,35673
2022,"O FLEX METAL FINISHING INC",0,0,1,0,33,3206,AL,CLANTON,35046
2022,"OAKWOOD UNIVERSITY INC",2,0,2,1,61,6652,AL,HUNTSVILLE,35896
2022,"ORAL RECONSTRUCTION FOUNDATION",0,1,0,0,54,7258,AL,BIRMINGHAM,35244
2022,"ORGANOGENESIS INC",1,0,0,0,42,1690,AL,BIRMINGHAM,35216
2022,"OSHIN AUTOMATION AND ROBOTICS LLC",0,1,0,0,54,2883,AL,TUSCALOOSA,35405
2022,"PERFORMANCE ARCHITECTURAL INC",1,0,0,0,33,0685,AL,BIRMINGHAM,35212
2022,"PERFORMANCE DRONE WORKS LLC",0,0,3,0,33,5412,AL,HUNTSVILLE,35805
2022,"PHIFER INCORPORATED",0,0,1,0,31,1784,AL,TUSCALOOSA,35403
2022,"PHP FIBERS INC",0,0,1,0,31,1005,AL,SCOTTSBORO,35769
2022,"PINNACLE ENTERPRISES PC",1,0,0,0,62,4394,AL,"PHENIX CITY",36867
2022,"PLEXAMEDIA INC",1,0,0,0,54,7070,AL,GADSDEN,35901
2022,"POLY PHARMACEUTICALS INC",1,0,0,0,42,7145,AL,"OWENS CROSS ROADS",35763
2022,"PRICEWATERHOUSECOOPERS LLP",0,0,1,0,54,8324,AL,MOBILE,36607
2022,"PRIME HEALTHCARE SERVICES GADSDEN",0,0,1,0,62,8529,AL,"RAINBOW CITY",35906
2022,"PRO RESOURCE MGMT OF WIREGRASS LLC",0,1,0,0,62,3369,AL,DOTHAN,36305
2022,"PROGRESS RAIL SERVICES CORPORATION",1,0,1,0,33,0308,AL,ALBERTVILLE,35950
2022,"PROJEXIV ENVIRONMENTAL LLC",0,0,1,0,54,8325,AL,MOBILE,36695
2022,"PROTECTIVE LIFE CORPORATION",0,0,1,0,52,2236,AL,BIRMINGHAM,35223
2022,"PROTECTIVE LIFE INSURANCE COMPANY",1,0,3,0,52,9720,AL,BIRMINGHAM,35223
2022,"RAM TOOL SUPPLY CO LLC D B A RAM TOOL CONSTRUCTION SUPPLY CO",0,0,2,0,42,7380,AL,BIRMINGHAM,35222
2022,"RARESTEP INC",0,0,1,0,51,8164,AL,BIRMINGHAM,35203
2022,"RCHP FLORENCE LLC",1,0,0,0,62,1336,AL,FLORENCE,35630
2022,"RCHP FLORENCE LLC DBA NORTH ALABAMA MEDICAL CTR",1,0,1,0,62,1796,AL,FLORENCE,35630
2022,"REGIONAL PLANNING COMMISSION OF GREATER BIRMINGHAM",1,0,0,0,92,2016,AL,BIRMINGHAM,35203
2022,"REGIONS BANK",8,0,24,0,52,1391,AL,BIRMINGHAM,35203
2022,"REHAB EMPLOYEE SERVICES LLC",0,0,1,0,62,9748,AL,BIRMINGHAM,35242
2022,"RENOVATION BRANDS LLC",2,0,0,0,44,9706,AL,FLORENCE,35630
2022,"RIZ LLC DBA R&S WHOLESALE",1,0,0,0,42,4788,AL,BIRMINGHAM,35244
2022,"ROOTS MULTI CLEAN INC DBA VICTORY",1,0,0,0,33,6074,AL,HUNTSVILLE,35803
2022,"RUSSELL MEDICAL CENTER",0,0,1,0,62,,AL,"ALEXANDER CITY",35010
2022,"RX BENEFITS INC",0,0,1,0,52,7085,AL,BIRMINGHAM,35243
2022,"SAFECO INC DBA SAFETY PLUS INC",0,0,1,0,54,0853,AL,MOBILE,36608
2022,"SAI WHOLESALE LLC",1,0,0,0,42,2112,AL,MOBILE,36609
2022,"SAMFORD UNIVERSITY",0,0,1,0,61,2914,AL,BIRMINGHAM,35229
2022,"SEAY SEAY AND LITCHFIELD PC",1,0,0,0,54,2045,AL,MONTGOMERY,36104
2022,"SERVICENOW INC",0,0,1,0,54,6195,AL,CROPWELL,35054
2022,"SHIPT INC",16,0,56,0,51,2743,AL,BIRMINGHAM,35203
2022,"SIO2 MEDICAL PRODUCTS INC",1,0,4,0,33,8647,AL,AUBURN,36832
2022,"SMP AUTOMOTIVE SYSTEMS ALABAMA INC",1,0,1,0,33,5173,AL,COTTONDALE,35453
2022,"SODECIA AUTOMOTIVE AUBURN INC",1,0,0,0,33,3918,AL,AUBURN,36832
2022,"SODECIA SAFETY MOBILITY AUBURN INC",2,0,0,0,33,3918,AL,AUBURN,36832
2022,"SOOTHING SCENTS INC",1,0,0,0,33,4670,AL,NEWTON,36352
2022,"SOUTHEASTERN CARDIOLOGY CONSULTANTS PC",0,0,1,0,62,8599,AL,MONTGOMERY,36116
2022,"SOUTHERN COMMUNICATIONS SERVICES INC D B A SOUTHERN LINC",0,0,1,0,51,7864,AL,BIRMINGHAM,35203
2022,"SOUTHERN COMMUNICATIONS SERVICES INC DBA SOUTHERN LINC",0,0,2,0,51,7864,AL,BIRMINGHAM,35203
2022,"SOUTHERN COMMUNICATIONS SERVICES INC DBA SOUTHERN LINC",0,0,1,0,51,7864,AL,BIRMINGHAM,35244
2022,"SOUTHERN RESEARCH INSTITUTE",0,0,5,0,54,8868,AL,BIRMINGHAM,35205
2022,"SOUTHERN VETERINARIAN PARTNERS",0,0,2,0,54,0951,AL,BIRMINGHAM,35209
2022,"STARBELT LLC",1,0,0,0,51,6188,AL,HUNTSVILLE,35810
2022,"SUNSHINE MILLS INC",0,0,1,0,31,5685,AL,"RED BAY",35582
2022,"SWJ TECHNOLOGY LLC",1,0,1,0,54,7995,AL,TUSCALOOSA,35406
2022,"SYLACAUGA HEALTH CARE AUTHORITY D/B/A COOSA VALLEY MEDICAL CENTER",0,0,1,0,62,2261,AL,SYLACAUGA,35150
2022,"TA DISPATCH LLC",0,0,1,0,48,2135,AL,BIRMINGHAM,35218
2022,"TAISHTY FOOD LLC",1,0,0,0,72,7358,AL,"PIKE ROAD",36064
2022,"THE HEALTH CARE AUTHORITY OF THE C",0,0,7,0,62,5288,AL,HUNTSVILLE,35801
2022,"THE HEALTH CARE AUTHORITY OF THE CITY OF ANNISTON D/B/A NORTHEAST ALABAMA REGIONAL MEDICAL CENTER",0,0,1,0,99,0090,AL,ANNISTON,36202
2022,"THE HEALTH CARE AUTHORITY OF THE CITY OF HUNTSVILLE",2,0,15,0,62,5288,AL,HUNTSVILLE,35801
2022,"THE HLTH CARE AUTHORITY FOR BAPTIST HLTH AN AFFILIATE OF UAB HLTH SYS D/B/A BAPTIST HLTH",3,0,1,0,62,4949,AL,MONTGOMERY,36124
2022,"THE HOSPITAL AUTHORITY OF THE CITY OF GREENVILLE REGIONAL MEDICAL CENTER OF CENTERAL ALABAMA",0,0,1,0,62,9869,AL,GREENVILLE,36037
2022,"THE KEARNS GROUP LLC",1,0,0,0,33,3672,AL,OZARK,36360
2022,"THE UNIV OF ALABAMA AT BIRMINGHAM",1,0,1,0,61,5396,AL,BIRMINGHAM,35233
2022,"THE UNIV OF ALABAMA AT BIRMINGHAM",28,0,58,0,61,5396,AL,BIRMINGHAM,35294
2022,"THE UNIVERSITY OF ALABAMA",12,0,23,1,61,1138,AL,TUSCALOOSA,35487
2022,"THE UNIVERSITY OF ALABAMA IN HUNTSVILLE",8,0,3,2,61,0830,AL,HUNTSVILLE,35899
2022,"THE UNIVERSITY OF WEST ALABAMA",3,0,2,0,61,1100,AL,LIVINGSTON,35470
2022,"THE VALLEY FOUNDATION",0,0,2,1,62,2886,AL,HUNTSVILLE,35801
2022,"TIGRISITY INC",1,0,0,0,33,5871,AL,AUBURN,36832
2022,"TIOS CAPITAL LLC",0,0,2,0,52,6644,AL,BIRMINGHAM,35209
2022,"TOSYALI INTERNATIONAL LTD",0,1,0,0,33,5503,AL,TUSCALOOSA,35403
2022,"TRINITY MANAGEMENT SERVICES GROUP LLC",1,0,0,0,56,6359,AL,MONTGOMERY,36117
2022,"TRINOVA, INC.",0,0,1,0,42,7031,AL,MOBILE,36693
2022,"TRITON MANAGEMENT GROUP INC",0,0,1,0,52,5859,AL,MONTGOMERY,36117
2022,"TROY UNIV",2,0,3,0,61,1102,AL,TROY,36082
2022,"TROY UNIVERSITY",3,0,6,0,61,1102,AL,TROY,36082
2022,"TTL INC",0,0,1,0,54,5231,AL,TUSCALOOSA,35401
2022,"TUSKEGEE UNIVERSITY",2,0,0,0,61,8878,AL,TUSKEGEE,36088
2022,"TUSKEGEE UNIVERSITY",3,0,3,0,61,8878,AL,"TUSKEGEE INSTITUTE",36088
2022,"TW ORTHODONTICS LLC",1,0,0,0,62,5917,AL,ENTERPRISE,36330
2022,"TWO MAIDS FRANCHISING LLC",0,0,1,0,56,3770,AL,BIRMINGHAM,35203
2022,"UAB HEALTH SYSTEM",1,0,0,0,56,2994,AL,BIRMINGHAM,35233
2022,"UNIFY SYSTEMS INC",1,0,3,0,54,5922,AL,MONTGOMERY,36117
2022,"UNIV OF ALABAMA IN HUNTSVILLE",2,0,1,0,61,0830,AL,HUNTSVILLE,35899
2022,"UNIV OF NORTH ALABAMA",0,0,1,0,61,0893,AL,FLORENCE,35632
2022,"UNIV OF SOUTH ALABAMA",3,0,6,0,61,7348,AL,MOBILE,36688
2022,"UNIVERSITY OF ALABAMA AT BIRMINGHAM",1,0,1,0,61,5396,AL,BIRMINGHAM,35233
2022,"UNIVERSITY OF ALABAMA AT BIRMINGHAM",72,1,120,2,61,5396,AL,BIRMINGHAM,35294
2022,"UNIVERSITY OF ALABAMA HEALTH SERVI",18,0,8,0,62,9108,AL,BIRMINGHAM,35233
2022,"UNIVERSITY OF ALABAMA HEALTH SERVICES FOUNDATION PC",37,1,20,0,62,9108,AL,BIRMINGHAM,35233
2022,"UNIVERSITY OF ALABAMA HLTH SVCS FO",5,0,1,0,62,9108,AL,BIRMINGHAM,35233
2022,"UNIVERSITY OF NORTH ALABAMA",0,0,3,0,61,0893,AL,FLORENCE,35632
2022,"UNIVERSITY OF SOUTH ALABAMA",6,0,8,0,61,7348,AL,MOBILE,36688
2022,"USA HEALTHCARE AUTHORITY",1,0,0,0,62,8539,AL,MOBILE,36688
2022,"USA HEALTHCARE MANAGEMENT LLC",6,0,8,0,62,6255,AL,MOBILE,36688
2022,"VAJRASOFT LLC",0,0,0,1,54,3662,AL,BIRMINGHAM,35226
2022,"VALLEY RUBBER LLC",0,0,1,0,32,9510,AL,FALKVILLE,35622
2022,"VAUGHAN PHYSICIAN PRACTICES LLC",1,0,0,0,62,1435,AL,SELMA,36701
2022,"VCA INC",0,0,1,0,54,7995,AL,ANNISTON,36201
2022,"VCA INC VCA ANIMAL MEDICAL CENTER",0,0,1,0,54,7995,AL,ANNISTON,36201
2022,"VEL TRUE TECHNOLOGIES LLC",1,0,2,0,54,8013,AL,CLANTON,35045
2022,"VEL TRUE TECHNOLOGIES LLC",1,0,0,0,54,8013,AL,CLANTON,35046
2022,"VERCASTER INC",1,1,0,0,56,7295,AL,AUBURN,36832
2022,"VIVIAN MORA AGENCY INC",0,0,1,0,52,3289,AL,BIRMINGHAM,35216
2022,"VT MOBILE AEROSPACE ENGRG INC",6,0,40,0,33,0724,AL,MOBILE,36615
2022,"VULCAN MATERIALS COMPANY",0,0,1,0,21,9133,AL,BIRMINGHAM,35242
2022,"WARREN AVERETT COMPANIES LLC",0,0,1,1,54,4397,AL,MONTGOMERY,36109
2022,"WELLBORN FOREST PRODUCTS INC WF CABINETRY",0,0,1,0,32,2901,AL,"ALEXANDER CITY",35010
2022,"WHATLEY HLTH SVCS INC",0,0,1,0,62,7781,AL,TUSCALOOSA,35403
2022,"WILSON IT SOLUTIONS LLC",1,0,0,0,54,8441,AL,BIRMINGHAM,35242
