"Fiscal Year",Employer,"Initial Approval","Initial Denial","Continuing Approval","Continuing Denial",NAICS,"Tax ID",State,City,ZIP
2022,"100 CHIRO HEIM LLC DBA 100 CHIROPRACTIC",1,0,0,0,62,6555,AZ,MESA,85205
2022,"1028 MICROPATENT",0,0,1,0,99,8616,AZ,CHANDLER,85226
2022,"1ST DENTAL CARE LLC",0,0,1,0,62,5408,AZ,"SIERRA VISTA",85635
2022,"4 PEAKS BUSINESS SOLUTION LLC",0,0,0,1,54,3239,AZ,PHOENIX,85045
2022,"4 PEAKS BUSINESS SOLUTION LLC",5,0,3,0,54,3239,AZ,PHOENIX,85048
2022,"ABDUL Q MEMON MD PLLC DBA CARDIOVA",1,0,1,0,62,0588,AZ,GLOBE,85501
2022,"ACCELERATE DIAGNOSTICS, INC.",1,0,0,0,32,2256,AZ,TUCSON,85714
2022,"ACCURATE CORROSION CONTROL INC",0,0,1,0,23,1606,AZ,GLENDALE,85307
2022,"ACE SOFTWARE LLC",0,1,0,0,54,9304,AZ,GLENDALE,85304
2022,"ACTIVECLASS INC",0,0,1,0,54,1400,AZ,SCOTTSDALE,85260
2022,"ADELANTE HEALTHCARE INC",2,0,4,0,62,7821,AZ,PHOENIX,85012
2022,"ADEMCO INC",0,0,2,0,54,1425,AZ,SCOTTSDALE,85254
2022,"ADESA US AUCTION LLC",0,0,1,0,44,5873,AZ,TEMPE,85281
2022,"ADMIRAL INSTRUMENTS LLC",0,0,1,0,33,2415,AZ,TEMPE,85281
2022,"ADP DISTRIBUTORS USA INC",1,0,0,0,42,3171,AZ,MESA,85202
2022,"ADROIT AFFINE LLC",0,0,1,0,54,8516,AZ,PHOENIX,85027
2022,"ADROIT AFFINE, LLC.",1,0,1,0,54,8516,AZ,PHOENIX,85027
2022,"ADVANCED MECHANICAL T3ECHNOLOGIES",0,0,1,0,99,9237,AZ,PHOENIX,85003
2022,"ADVANCED MICRO DEVICES INC",0,0,1,0,33,2300,AZ,PHOENIX,85054
2022,"ADVISOR GROUP INC",0,0,3,0,52,3854,AZ,PHOENIX,85012
2022,"AEM INTERNATIONAL US LTD",1,0,0,0,33,5855,AZ,CHANDLER,85226
2022,"AERIAL SPHERE LLC",0,0,1,0,54,9894,AZ,PHOENIX,85034
2022,"AEROTEC INTERNATIONAL INC",0,0,1,0,33,8073,AZ,PHOENIX,85040
2022,"AGUILA ELEMENTARY SCHOOL DISTRICT 63",2,0,0,0,61,0507,AZ,AGUILA,85320
2022,"AJO UNIFIED SCHOOL DIST 15",0,0,1,0,61,0546,AZ,AJO,85321
2022,"AJO UNIFIED SCHOOL DISTRICT 15",0,0,2,0,61,0546,AZ,AJO,85321
2022,"ALICAT SCIENTIFIC INC",2,0,0,0,33,5584,AZ,TUCSON,85743
2022,"ALIGN TECHNOLOGY INC",0,0,4,0,33,7295,AZ,TEMPE,85281
2022,"ALPHACORE INC",0,0,1,0,54,0048,AZ,TEMPE,85281
2022,"ALTAR VALLEY SCHOOL DISTRICT 51",0,0,1,0,61,7667,AZ,TUCSON,85736
2022,"AMAZON VALLEY ENGINEERING LLC",0,1,0,0,54,5643,AZ,PHOENIX,85009
2022,"AMKOR TECHNOLOGY INC",0,0,2,0,33,2724,AZ,TEMPE,85284
2022,"AMSAFE INC",0,0,1,0,33,3619,AZ,PHOENIX,85043
2022,"ANALYTIC ERA LLC",0,0,1,0,54,2860,AZ,MESA,85202
2022,"AND GO CONCEPTS LLC D/B/A SALAD AND GO",1,0,1,0,72,4415,AZ,PHOENIX,85009
2022,"AND GO CONCEPTS LLC DBA SALAD AND GO",2,0,1,0,72,4415,AZ,PHOENIX,85008
2022,"AND GO CONCEPTS LLC DBA SALAD AND GO",1,0,1,0,72,4415,AZ,PHOENIX,85009
2022,"ANJU SOFTWARE INC",0,0,6,0,54,0454,AZ,TEMPE,85282
2022,"ANNEXUS MGMT CO LLC",0,0,1,0,52,1370,AZ,SCOTTSDALE,85260
2022,"ANTELOPE UNION HIGH SCHOOL DISTRICT NUMBER 50",2,0,0,0,61,7394,AZ,WELLTON,85356
2022,"AP PROFESSIONALS OF PHOENIX LLC",1,0,0,0,56,4506,AZ,SCOTTSDALE,85251
2022,"APL LOGISTICS AMERICAS LTD",1,0,8,0,54,7941,AZ,SCOTTSDALE,85255
2022,"APPLE INC",0,0,1,0,33,4110,AZ,PHOENIX,85014
2022,"APPLIED MICROARRAYS INC",1,0,0,0,33,8576,AZ,TEMPE,85284
2022,"APPSFREEDOM INC D/B/A PILLIR",0,0,1,0,54,3710,AZ,CHANDLER,85226
2022,"APPSFREEDOM, INC. D/B/A PILLIR",0,0,2,0,54,3710,AZ,CHANDLER,85226
2022,"ARCHITECTURAL RESOURCE TEAM INC",2,0,0,0,54,7676,AZ,PHOENIX,85014
2022,"ARCHITEKTON INC",1,0,0,0,54,6693,AZ,TEMPE,85281
2022,"ARCORO HOLDING GROUP D B A ARCORO",0,0,1,0,54,2589,AZ,SCOTTSDALE,85260
2022,"AREVON ENERGY INC",0,0,2,0,22,8418,AZ,SCOTTSDALE,85258
2022,"AREVON ENERGY INC",2,0,4,0,54,8418,AZ,SCOTTSDALE,85258
2022,"ARI MEX FORWARDING AGENTS INC",0,1,0,0,48,2978,AZ,DOUGLAS,85607
2022,"ARIZONA ADVANCED SURGERY LLC",1,0,0,0,62,6310,AZ,MESA,85202
2022,"ARIZONA ARTHRITIS & RHEUMATOLOGY ASSOCIATES, P.C.",1,0,0,0,62,5242,AZ,PHOENIX,85032
2022,"ARIZONA ASSOCIATION OF COMMUNITY HEALTH CENTERS DBA ARIZONA ALLIANCE FOR COMMUNITY HEALTH CENTERS",1,0,0,0,81,4702,AZ,PHOENIX,85034
2022,"ARIZONA AUTISM CHARTER SCHOOLS, INC.",1,0,0,0,61,2127,AZ,PHOENIX,85014
2022,"ARIZONA CENTER FOR HEMATOLOGY AND",0,0,1,0,62,0581,AZ,GLENDALE,85306
2022,"ARIZONA COMMERCE AUTHORITY",1,0,0,0,92,6396,AZ,PHOENIX,85007
2022,"ARIZONA GRAND RESORT GROUP LLC",1,0,0,0,72,6451,AZ,PHOENIX,85044
2022,"ARIZONA INPATIENT MEDICINE ASSO",0,0,1,0,62,7826,AZ,TUCSON,85715
2022,"ARIZONA KIDNEY DISEASE & HYPERTENSION CENTER LLC",3,0,0,0,62,9487,AZ,PHOENIX,85018
2022,"ARIZONA PUBLIC SERVICE COMPANY APSC APS",1,0,5,0,22,1170,AZ,PHOENIX,85004
2022,"ARIZONA REGIONAL MULTIPLE LISTING SERVICE INC",0,0,1,0,53,4302,AZ,TEMPE,85281
2022,"ARIZONA STATE UNIVERSITY",68,0,73,4,61,6696,AZ,TEMPE,85287
2022,"ARIZONA STATE UNIVERSITY",1,0,0,0,61,6696,AZ,TEMPE,85287
2022,"ARRINGTON WATKINS ARCHITECTS LLC",1,0,0,0,54,9271,AZ,PHOENIX,85016
2022,"ARRIVIA INC",0,0,2,0,56,3522,AZ,SCOTTSDALE,85254
2022,"ARTHA DATA SOLUTIONS LLC",3,0,6,0,54,7288,AZ,SCOTTSDALE,85260
2022,"ASARCO LLC",1,0,1,0,21,6284,AZ,SAHUARITA,85629
2022,"ASARCO LLC",1,0,0,0,21,6284,AZ,KEARNY,85137
2022,"ASB INFOTECH LLC",1,0,3,0,54,1528,AZ,PHOENIX,85027
2022,"ASHUSA INC",1,0,0,0,22,0239,AZ,TEMPE,85283
2022,"ASI OPERATIONS LLC",0,0,1,0,22,5055,AZ,TEMPE,85283
2022,"ASKREPLY INC D/B/A B2GNOW",1,0,1,0,54,7731,AZ,PHOENIX,85007
2022,"ASM AMERICA INC",23,0,23,2,33,7468,AZ,PHOENIX,85034
2022,"ASML US LLC",24,0,48,1,33,8140,AZ,CHANDLER,85224
2022,"ASML US LLP",0,0,0,1,33,0621,AZ,CHANDLER,85224
2022,"ASML US LP",0,0,1,0,33,0621,AZ,CHANDLER,85244
2022,"ASML US LP",49,0,149,3,33,0621,AZ,CHANDLER,85224
2022,"ASSOCIATION OF UNIVERSITIES FOR RESEARCH IN ASTRONOMY AURA",5,0,3,0,54,8043,AZ,TUCSON,85719
2022,"ASTRA CANYON GROUP LLC",1,0,0,0,54,2014,AZ,TUCSON,85712
2022,"ATLIS MOTOR VEHICLES LLC",3,0,5,0,33,0534,AZ,MESA,85205
2022,"AUER PRECISION STAMPING CO",1,0,0,0,33,5679,AZ,MESA,85210
2022,"AURA SPACE TELESCOPE SCIENCE INSTI",1,0,0,0,92,8043,AZ,TUCSON,85719
2022,"AURA SPACE TELESCOPE SCIENCE INSTI",1,0,3,0,54,8043,AZ,TUCSON,85719
2022,"AVIKSOFT LLC",0,0,1,0,54,7016,AZ,MESA,85204
2022,"AVNET INC",1,0,6,0,54,0605,AZ,PHOENIX,85034
2022,"AXON ENTERPRISE INC",0,0,2,0,33,1227,AZ,SCOTTSDALE,85255
2022,"AXWAY INC",0,0,22,0,51,4866,AZ,SCOTTSDALE,85254
2022,"AZ SCIENCE CTR",1,0,0,0,71,0558,AZ,PHOENIX,85004
2022,"AZ SOURCING LLC",1,0,0,0,23,0316,AZ,SCOTTSDALE,85260
2022,"AZ SPECIALTY DENTAL SERVICES, LLC",1,0,0,0,62,7838,AZ,PHOENIX,85013
2022,"AZ STATE UNIV FDN FOR A NEW AMERICAN UNIV",2,0,0,0,81,1042,AZ,TEMPE,85280
2022,"AZTEC ENGINEERING GROUP INC",2,0,2,0,54,1208,AZ,PHOENIX,85008
2022,"BABBITT SMITH ENGINEERING LLC",0,0,1,0,54,8775,AZ,MESA,85203
2022,"BABOQUIVARI UNIFIED SCHOOL DIST 40",3,0,0,0,61,8016,AZ,SELLS,85634
2022,"BABOQUIVARI UNIFIED SCHOOL DISTRIC",4,0,0,0,61,8016,AZ,SELLS,85634
2022,"BANNER HEALTH",13,0,5,0,62,3470,AZ,PHOENIX,85012
2022,"BANNER MED GRP COLORADO",1,0,0,0,62,2831,AZ,PHOENIX,85012
2022,"BANNER MEDICAL GROUP",6,0,23,2,62,2830,AZ,PHOENIX,85012
2022,"BANNER UNIVERSITY MEDICAL GROUP",12,0,11,0,62,8258,AZ,PHOENIX,85012
2022,"BAR S  FOODS CO",0,0,1,0,42,9987,AZ,PHOENIX,85018
2022,"BARR CREDIT SERVICES INC",0,0,1,0,52,6481,AZ,TUCSON,85714
2022,"BASELINE MGR LLC",0,0,1,0,52,2507,AZ,MESA,85204
2022,"BASIS EDUCATIONAL GROUP LLC D/B/A BASIS ED",0,0,1,0,61,1733,AZ,SCOTTSDALE,85258
2022,"BENCHMARK ELECTRONICS INC",0,0,1,0,33,1011,AZ,TEMPE,85281
2022,"BENCHMARK ELECTRONICS INC",0,0,1,0,33,1011,AZ,PHOENIX,85034
2022,"BEST WESTERN INTERNATIONAL INC",0,0,20,0,72,8899,AZ,PHOENIX,85016
2022,"BEST WESTERN INTL INC",0,0,4,0,72,8899,AZ,PHOENIX,85016
2022,"BESTKEY SOLUTIONS INC",0,0,1,0,54,6539,AZ,PHOENIX,85023
2022,"BFO LLC",1,0,0,0,54,3605,AZ,SCOTTSDALE,85251
2022,"BHP MINERALS SERVICE COMPANY",1,0,1,1,21,2380,AZ,TUCSON,85704
2022,"BIO HUMA NETICS INC",0,0,1,0,32,7127,AZ,GILBERT,85233
2022,"BIOCARE INC",0,0,1,0,42,6720,AZ,TEMPE,85282
2022,"BIRD ACQUISITION LLC",0,1,0,0,61,4915,AZ,PHOENIX,85027
2022,"BITDEER INC",1,0,0,0,51,6705,AZ,CHANDLER,85226
2022,"BLACK FUR BIOMEDICAL LLC",1,0,0,0,99,6303,AZ,TUCSON,85718
2022,"BLOCK SCIENCE INC",1,0,0,0,54,9715,AZ,TEMPE,85282
2022,"BLUE CROSS BLUE SHIELD OF ARIZONA",0,0,2,0,52,4538,AZ,PHOENIX,85021
2022,"BLUE SPIRE INC",9,0,3,0,54,7949,AZ,PHOENIX,85028
2022,"BLUE YONDER INC",0,0,1,0,51,3401,AZ,SCOTTSDALE,85254
2022,"BLUE YONDER INC",25,0,77,2,54,3401,AZ,SCOTTSDALE,85254
2022,"BLUEDOT LLC",1,0,0,0,99,0229,AZ,GLENDALE,85306
2022,"BNB TECH SOURCE INC",1,0,0,0,54,7932,AZ,CHANDLER,85226
2022,"BRIDGECREST ACCEPTANCE CORP",0,0,0,1,44,7346,AZ,TEMPE,85281
2022,"BRIDGECREST ACCEPTANCE CORPORATION",0,0,1,0,52,7349,AZ,TEMPE,85281
2022,"BRIGHTSIDE BENEFIT INC",0,0,3,0,52,8781,AZ,CHANDLER,85225
2022,"BUCKEYE ELEMENTARY SCHOOL DISTRICT 33",5,0,1,0,61,0496,AZ,BUCKEYE,85326
2022,"CABLE ONE INC DBA SPARKLIGHT",0,0,1,0,99,0083,AZ,PHOENIX,85012
2022,"CABLE ONE INC DBA SPARKLIGHT",1,0,2,0,51,0083,AZ,PHOENIX,85012
2022,"CALROY HEALTH SCIENCES LLC",0,0,1,0,44,0259,AZ,SCOTTSDALE,85260
2022,"CANYON STATE ELECTRIC CO INC",0,0,1,0,23,4675,AZ,PHOENIX,85008
2022,"CAREER SUCCESS SCHOOLS",0,0,0,1,61,0455,AZ,SCOTTSDALE,85250
2022,"CARLOTA COPPER COMPANY",0,0,2,0,21,2503,AZ,MIAMI,85539
2022,"CAROLLO ENGINEERS INC",6,0,7,0,54,9222,AZ,PHOENIX,85034
2022,"CARVANA LLC",11,1,76,0,44,8036,AZ,TEMPE,85281
2022,"CARVANA LOGISTICS LLC",0,0,2,0,44,9930,AZ,TEMPE,85281
2022,"CARVANA LOGISTICS, LLC",1,0,2,0,44,9930,AZ,TEMPE,85281
2022,"CASA DEL NINO BILLINGUAL MONTESSOR",0,0,1,0,61,2074,AZ,CHANDLER,85248
2022,"CASCADE FINANCIAL SERVICES",0,0,2,0,52,1476,AZ,CHANDLER,85286
2022,"CASH FLOW MANAGEMENT INC",1,0,0,0,54,4074,AZ,CHANDLER,85226
2022,"CATALINA FOOTHILLS UNIFIED SCHOOL DISTRICT #16",0,0,1,0,61,6026,AZ,TUCSON,85718
2022,"CAVE CREEK UNIFIES SCHOOL DISTRICT NO 93",0,0,1,0,61,0523,AZ,"CAVE CREEK",85327
2022,"CAVE CREEK UNIFIES SCHOOL DISTRICT NO 93",0,0,1,0,61,0523,AZ,PHOENIX,85022
2022,"CBC GROUP INC",0,0,1,0,42,3309,AZ,PHOENIX,85040
2022,"CD AREVON USA INC",1,0,1,0,54,8418,AZ,SCOTTSDALE,85258
2022,"CEDARS HEART CLINIC PLLC",1,0,0,0,62,1867,AZ,CHANDLER,85224
2022,"CELTIC CROSS HOLDINGS INC",3,0,1,1,54,7550,AZ,SCOTTSDALE,85260
2022,"CELTIC PROPERTY MGMT LLC",0,0,1,0,53,9197,AZ,SCOTTSDALE,85260
2022,"CEMEX CONSTRUCTION MATERIALS SOUTH, LLC",1,0,0,0,32,7986,AZ,SCOTTSDALE,85260
2022,"CENTRAL ARIZONA HEART SPECIALISTS",0,0,1,0,62,7700,AZ,CHANDLER,85224
2022,"CENTURI GROUP INC",1,0,0,0,23,1508,AZ,PHOENIX,85027
2022,"CHARLES SCHWAB & COMPANY INC",0,1,0,0,52,7782,AZ,PHOENIX,85016
2022,"CHINLE UNIFIED SCHOOL DISTRICT 24",0,0,3,0,61,6232,AZ,CHINLE,86503
2022,"CHIRICAHUA COMMUNITY HEALTH CENTERS INC",1,0,0,0,62,4898,AZ,DOUGLAS,85607
2022,"CHIRICAHUA COMMUNITY HLTH CTRS INC",2,0,0,0,62,4898,AZ,DOUGLAS,85607
2022,"CHOICE HOTELS INTERNATIONAL SERVICES CORP",0,0,3,1,72,8781,AZ,PHOENIX,85054
2022,"CHOICE HOTELS INTERNATIONAL SERVICES CORP",1,0,49,1,72,8781,AZ,SCOTTSDALE,85255
2022,"CHOICE HOTELS INTL SVCS CORP",1,0,34,0,72,8781,AZ,SCOTTSDALE,85255
2022,"CHOICE HOTELS INTL SVCS CORP",0,0,3,1,72,8781,AZ,PHOENIX,85054
2022,"CHRISTENSEN COMPUTER COMPANY INC",1,0,0,0,54,4932,AZ,"FOUNTAIN HLS",85268
2022,"CIBECUE COMMUNITY SCHOOL",8,0,3,0,61,1970,AZ,CIBECUE,85911
2022,"CIRCLE K STORES INC",11,1,4,0,44,9540,AZ,TEMPE,85284
2022,"CIRCLE W ARCHITECTS P C",0,0,1,0,54,5117,AZ,PHOENIX,85018
2022,"CIS GLOBAL LLC",0,0,1,0,33,4693,AZ,TUCSON,85705
2022,"CIS GLOBAL LLC",0,0,2,0,23,4693,AZ,TUCSON,85705
2022,"CLAIRVOYANT AI INC",4,0,7,0,54,5364,AZ,CHANDLER,85226
2022,"CLAIRVOYANT AL INC",3,0,1,0,54,5364,AZ,CHANDLER,85226
2022,"CLARIVATE ANALYTICS US LLC",0,0,13,1,51,9117,AZ,CHANDLER,85226
2022,"CLARIVATE ANALYTICS US LLC",0,0,2,0,54,9117,AZ,CHANDLER,85226
2022,"CLARIVATE ANALYTICS US LLC",0,0,2,1,99,9117,AZ,CHANDLER,85226
2022,"CLIMATEC LC",0,0,1,0,99,5853,AZ,PHOENIX,85053
2022,"CLIMATEC LLC",1,0,3,0,23,5853,AZ,PHOENIX,85053
2022,"CLIMATEC LLC",0,0,2,0,99,5853,AZ,PHOENIX,85053
2022,"CLIMAX MOLYBDENUM COMPANY",0,0,1,0,21,8696,AZ,PHOENIX,85004
2022,"CLL CONCEPT LIGHTING LAB LLC",1,0,0,0,54,8722,AZ,TUCSON,85701
2022,"CLOUD DATA LLC",1,0,0,0,54,8663,AZ,PHOENIX,85051
2022,"CODEMOXIE SOLUTIONS LLC",10,0,0,0,54,3210,AZ,GLENDALE,85302
2022,"COEUS CONSULTING LLC",0,0,1,0,54,4858,AZ,PHOENIX,85012
2022,"COLLABRATECH SOLUTIONS LLC",1,0,0,0,33,0232,AZ,PHOENIX,85034
2022,"COLOSSAL CONSULTING LLC",1,0,0,0,33,6238,AZ,TUCSON,85713
2022,"COMMUNITY CARE HEALTH NETWORK INC",0,0,4,0,56,9981,AZ,SCOTTSDALE,85258
2022,"COMMUNITY CARE HEALTH NETWORK LLC D/B/A MATRIX MEDICAL NETWORK",0,0,6,0,56,9981,AZ,SCOTTSDALE,85258
2022,"COMPUTER GUIDANCE CORPORATION",0,0,1,0,54,7871,AZ,SCOTTSDALE,85254
2022,"CONFLUENT MED TECHNOLOGIES INC",0,0,1,0,33,2245,AZ,SCOTTSDALE,85250
2022,"CONNECTIONS EMPLOYER SOLUTIONS",1,0,0,0,62,8739,AZ,PHOENIX,85016
2022,"COPA HEALTH INC",1,0,0,0,62,8444,AZ,MESA,85201
2022,"COPPERPOINT INSURANCE COMPANY DBA COPPERPOINT INSURANCE COMPANIES",0,0,3,0,52,9954,AZ,PHOENIX,85012
2022,"CORBINS SERVICE ELECTRIC LLC",0,0,2,0,23,9654,AZ,PHOENIX,85040
2022,"COUNTY OF SANTA CRUZ NOGALES UNIFI",3,0,13,0,61,1890,AZ,NOGALES,85621
2022,"COUNTY OF SANTA CRUZ NOGALES UNIFIED SCHOOL DISTRICT 1",2,0,11,0,61,1890,AZ,NOGALES,85621
2022,"COUNTY OF YAVAPAI HUMBOLDT UNIFIED SCH DIST 22",1,0,0,0,61,3010,AZ,PHOENIX,85016
2022,"CPA GLOBAL LANDON IP INC",0,0,1,0,54,7749,AZ,CHANDLER,85226
2022,"CPA GLOBAL NORTH AMERICA LLC D B A CLARIVATE",0,0,1,0,51,0018,AZ,CHANDLER,85226
2022,"CRAFTSMAN PLUS INC",1,0,0,0,54,6701,AZ,SCOTTSDALE,85257
2022,"CREIGHTON ELEMENTARY SCHOOL DISTRICT #14",4,1,0,0,61,0474,AZ,PHOENIX,85016
2022,"CRIMSHIELD INC",0,0,1,0,54,1609,AZ,MESA,85206
2022,"CRITICAL PATH INSTITUTE",0,0,4,0,54,1334,AZ,TUCSON,85718
2022,"CROSSOVER ENERGY PARTNERS LLC",0,0,1,0,54,1399,AZ,SCOTTSDALE,85254
2022,"CUSTOMERINSIGHTS AI INC",0,0,2,0,54,5714,AZ,SCOTTSDALE,85257
2022,"CVO HOLDING CO LLC",0,0,1,0,54,7252,AZ,PHOENIX,85004
2022,"CYBER DIVE CORP",1,0,2,0,51,4760,AZ,MESA,85206
2022,"CYBERTRAILS LLC DBA NEXUSTEK",0,0,1,0,54,7557,AZ,PHOENIX,85027
2022,"CYMEDICA ORTHOPEDICS INC",0,0,1,0,33,7555,AZ,SCOTTSDALE,85255
2022,"DAISY EDUCATION CORPORATION DBA SONARAN SCIENCE ACADEMY EAST",3,0,1,0,61,0917,AZ,GILBERT,85233
2022,"DANSONS USA INC",2,0,1,0,42,2251,AZ,SCOTTSDALE,85258
2022,"DARWIN ADVISORY PARTNERS LLC",1,0,0,0,54,1316,AZ,SCOTTSDALE,85258
2022,"DATUM SYSTEMS",1,0,0,0,99,1183,AZ,MESA,85209
2022,"DECA TECHNOLOGIES USA INC",0,0,1,0,33,9387,AZ,TEMPE,85284
2022,"DECISION RESOURCES LLC",0,0,2,1,51,9877,AZ,CHANDLER,85226
2022,"DECISION RESOURCES LLC",1,0,1,0,54,9877,AZ,CHANDLER,85226
2022,"DEER VALLEY UNIFIED SCHOOL DISTRIC",0,0,2,0,61,4178,AZ,PHOENIX,85027
2022,"DEER VALLEY UNIFIED SCHOOL DISTRICT 97",4,0,7,0,61,4178,AZ,PHOENIX,85027
2022,"DEFENDERS OF CHILDREN",1,0,0,0,62,9676,AZ,PHOENIX,85016
2022,"DELTA LEASING INC DBS QUANTUM HELI",0,0,1,0,61,1846,AZ,CHANDLER,85286
2022,"DERIVE LLC",0,0,2,0,54,5501,AZ,PHOENIX,85004
2022,"DERMAFORCE SVCS LLC",0,0,1,0,32,2128,AZ,PHOENIX,85018
2022,"DESERT HEIGHTS CHARTER SCHOOLS",0,0,1,0,61,4875,AZ,GLENDALE,85306
2022,"DESERT RAIN BEHAVIORAL HLTH SVCS L",0,0,1,0,62,1018,AZ,TEMPE,85283
2022,"DIBBLE & ASSO CONSULTING ENGINEERS",0,0,1,0,54,0445,AZ,PHOENIX,85020
2022,"DIBBLE & ASSOCIATES CONSULTING ENGINEERS INC",0,0,3,0,54,0445,AZ,PHOENIX,85020
2022,"DIGITAL BUILDING COMPONENTS LLC",1,0,1,0,23,4907,AZ,PHOENIX,85043
2022,"DIGITAL INSIGHTS LLC",3,0,0,0,54,4701,AZ,PHOENIX,85020
2022,"DIGNITY HEALTH",11,0,7,0,62,6203,AZ,PHOENIX,85013
2022,"DISCOVERY BUILDERS LLC",2,0,0,0,23,8542,AZ,SCOTTSDALE,85260
2022,"DISTRICT MEDICAL GROUP INC",1,0,5,0,62,6540,AZ,PHOENIX,85016
2022,"DOCTOR S EXCHANGE OF ARIZONA PC",1,0,1,0,62,3718,AZ,PHOENIX,85044
2022,"DOGTOPIA ENTERPRISES LLC",1,0,0,0,81,1949,AZ,PHOENIX,85016
2022,"DOUBLETREE PAPER MILLS LLC",0,0,1,0,32,1830,AZ,"GILA BEND",85337
2022,"DOUGLAS UNIFIED SCHOOL DISTRICT 27",8,0,4,1,61,8412,AZ,DOUGLAS,85607
2022,"DRAKE CEMENT LLC",0,0,1,0,32,1505,AZ,SCOTTSDALE,85255
2022,"DRIVE TIME SALES & FINANCE",0,0,1,0,44,7074,AZ,TEMPE,85281
2022,"DRIVETIME SALES & FINANCE LLC",0,0,1,0,44,7074,AZ,TEMPE,85281
2022,"DRIVETIME SALES & FINANCE LLC",0,1,5,0,52,7074,AZ,TEMPE,85281
2022,"DWL ARCHITECTS PLANNERS INC",0,0,1,0,54,3489,AZ,PHOENIX,85004
2022,"DYTEK SOLUTIONS LLC",3,0,9,0,54,8080,AZ,PHOENIX,85028
2022,"EARLY WARNING SERVICES LLC",1,0,28,2,51,6211,AZ,SCOTTSDALE,85260
2022,"EARLY WARNING SERVICES LLC",4,0,34,0,51,6211,AZ,SCOTTSDALE,85250
2022,"EAST VALLEY DIABETES & ENDOCRINOLOGY PLC",1,0,0,0,62,3026,AZ,GILBERT,85297
2022,"EBOCOM LLC",0,0,1,0,52,0536,AZ,PHOENIX,85016
2022,"ECO SERVICES LLC",0,0,1,0,32,5370,AZ,TOLLESON,85353
2022,"EDWISE GROUP LLC",0,0,1,0,54,3300,AZ,MESA,85212
2022,"EIC ENGINEERS LLC",0,0,1,0,54,8253,AZ,SCOTTSDALE,85255
2022,"EL RIO SANTA CRUZ NEIGHBORHOOD HLTH CTR INC D/B/A EL RIO COMMUNITY HLTH CTR",1,0,1,0,62,5857,AZ,TUCSON,85745
2022,"ELECTRAMECCANICA USA LLC",0,0,7,0,33,7954,AZ,MESA,85212
2022,"ELECTRICX QA QC PARTNER INC",0,0,1,0,54,2559,AZ,PHOENIX,85032
2022,"ELEMENT MANAGEMENT SERVICES LLC",0,0,1,0,52,2040,AZ,SCOTTSDALE,85255
2022,"ELITE POWER SOLUTIONS LLC",1,0,0,0,42,3753,AZ,CHANDLER,85225
2022,"ENCORA DIGITAL INC",3,0,4,1,54,2631,AZ,SCOTTSDALE,85260
2022,"ENGHOUSE INTERACTIVE INC",0,0,2,0,51,6871,AZ,PHOENIX,85053
2022,"ENGINEERING WIRELESS SVCS LLC",0,0,2,0,54,6245,AZ,TEMPE,85281
2022,"ENPOWER INC",1,0,0,0,33,5439,AZ,PHOENIX,85027
2022,"EQUITY METHODS LLC",6,0,6,2,54,3146,AZ,SCOTTSDALE,85255
2022,"ERTHOS INC",0,0,1,0,22,0693,AZ,TEMPE,85281
2022,"ESTRELLA EDUCATIONAL FDN DBA MARI",1,0,0,0,61,9295,AZ,PHOENIX,85043
2022,"ESTRELLA EDUCATIONAL FOUNDATION DB",1,0,0,1,61,9295,AZ,PHOENIX,85043
2022,"EVENTUS ADVISORY GROUP LLC",1,0,0,0,52,5465,AZ,SCOTTSDALE,85260
2022,"EVEREN CAPITAL CORPORATION",0,0,1,0,52,9175,AZ,PHOENIX,85027
2022,"FELTEN GROUP INC",0,0,1,0,54,7761,AZ,PHOENIX,85054
2022,"FELTEN GROUP, INC.",1,0,1,0,54,7761,AZ,PHOENIX,85054
2022,"FENDER MUSICAL INSTRUMENTS CORP",1,0,0,0,42,1996,AZ,SCOTTSDALE,85255
2022,"FIRST SOLAR INC",0,0,2,0,33,3678,AZ,TEMPE,85281
2022,"FLEXI VAN LEASING LLC",4,0,1,0,53,4776,AZ,SCOTTSDALE,85260
2022,"FLEXIVAN LEASING LLC",2,0,1,0,53,5646,AZ,SCOTTSDALE,85260
2022,"FLORENCE UNIFIED SCHOOL DISTRICT 1",0,0,6,0,61,0557,AZ,FLORENCE,85132
2022,"FLORENCE UNIFIED SCHOOL DISTRICT 1",0,0,1,0,61,0557,AZ,SUPERIOR,85173
2022,"FLORENCE UNIFIED SCHOOL DISTRICT 1",2,0,1,0,61,0557,AZ,STANFIELD,85172
2022,"FM SERVICES COMPANY",0,0,1,0,21,9057,AZ,PHOENIX,85004
2022,"FORESIGHT FINISHING LLC",1,0,0,0,33,8953,AZ,TEMPE,85283
2022,"FOREVER LIVING PRODUCTS INTL LLC",0,0,1,0,45,6104,AZ,SCOTTSDALE,85258
2022,"FOUNDATION DENTAL INC",0,0,1,0,62,9111,AZ,PHOENIX,85017
2022,"FOUR80 INC",0,0,1,0,54,3202,AZ,PHOENIX,85016
2022,"FOVUS CORPORATION",0,0,1,0,51,1907,AZ,TEMPE,85282
2022,"FREEDOM DEBT RELIEF LLC",0,0,7,0,54,0712,AZ,TEMPE,85281
2022,"FREEDOM FINANCIAL ASSET MANAGEMENT",0,0,3,0,56,0393,AZ,TEMPE,85281
2022,"FREEDOM FINANCIAL ASSET MANAGEMENT LLC",0,0,3,0,56,0393,AZ,TEMPE,85281
2022,"FREEDOM FINANCIAL NETWORK FUNDING",0,0,3,0,52,9447,AZ,TEMPE,85281
2022,"FREEDOM FINANCIAL NETWORK FUNDING LLC",0,0,3,0,52,9447,AZ,TEMPE,85281
2022,"FREEDOM FINANCIAL NETWORK LLC",0,0,2,0,52,4625,AZ,TEMPE,85281
2022,"FREEPORT MCMORAN BAGDAD INC",1,0,3,0,21,4663,AZ,PHOENIX,85004
2022,"FREEPORT MCMORAN EXPLORATION CORPORATION",1,0,0,0,21,2614,AZ,PHOENIX,85004
2022,"FREEPORT MCMORAN MIAMI INC",0,0,2,0,21,9672,AZ,PHOENIX,85004
2022,"FREEPORT MCMORAN MORENCI INC",4,0,3,0,21,8621,AZ,PHOENIX,85004
2022,"FREEPORT MCMORAN SAFFORD INC",1,0,1,0,21,8368,AZ,PHOENIX,85004
2022,"FREEPORT MCMORAN SIERRITA INC",3,0,2,0,21,9004,AZ,PHOENIX,85004
2022,"FREEPORT MINERALS CORPORATION",4,0,8,0,21,8503,AZ,PHOENIX,85004
2022,"FREEPORT-MCMORAN BAGDAD INC",0,0,2,0,21,4663,AZ,PHOENIX,85004
2022,"FREEPORT-MCMORAN CHINO MINES COMPANY",1,0,0,0,21,8503,AZ,PHOENIX,85004
2022,"FRONTIER TECHNOLOGY LLC",1,0,0,0,54,7159,AZ,TEMPE,85284
2022,"FUELED CONSULTING GROUP LLC",0,0,1,0,54,4371,AZ,"CAVE CREEK",85331
2022,"FUJIFILM ELECTRONIC MATERIALS USA INC",0,0,1,0,32,4379,AZ,MESA,85212
2022,"FURNITURE WHOLESALE LLC",0,0,1,0,42,0301,AZ,PHOENIX,85009
2022,"FUSION ENERGY SOLUTIONS",0,0,1,0,54,2199,AZ,TEMPE,85282
2022,"FUSION ORTHOPEDICS LLC",1,0,1,0,33,3200,AZ,MESA,85212
2022,"G SERVICE LLC",0,0,0,1,56,7720,AZ,PHOENIX,85018
2022,"GALAXY I TECHNOLOGIES INC",2,0,28,0,54,4416,AZ,SCOTTSDALE,85260
2022,"GCON MANAGEMENT COMPANY LLC",1,0,2,0,23,4249,AZ,PHOENIX,85085
2022,"GCON MANAGEMENT COMPANY, LLC",0,0,1,0,23,4249,AZ,PHOENIX,85085
2022,"GENESES TECH SOLUTIONS LLC",7,0,0,1,54,0904,AZ,TEMPE,85283
2022,"GIRIKON INC",4,0,1,0,54,4370,AZ,PHOENIX,85032
2022,"GLOBAL PATENT SOLUTIONS LLC",0,0,3,0,54,7130,AZ,SCOTTSDALE,85257
2022,"GLOBALTRANZ ENTERPRISES INC",0,0,1,0,48,0053,AZ,SCOTTSDALE,85256
2022,"GODADDY COM LLC",0,0,1,0,51,0417,AZ,CHANDLER,85248
2022,"GODADDY COM LLC",1,0,49,1,51,0417,AZ,GILBERT,85233
2022,"GODADDY COM LLC",17,0,65,2,51,0417,AZ,TEMPE,85284
2022,"GODADDY COM LLC",0,0,1,0,51,0417,AZ,TEMPE,85284
2022,"GODADDY MEDIA TEMPLE INC",0,0,1,1,51,9670,AZ,GILBERT,85233
2022,"GOWAN COMPANY LLC",2,0,1,0,32,0746,AZ,YUMA,85364
2022,"GRAHAM COUNTY COMMUNITY COLLEGE DISTRICT DBA EASTERN ARIZONA COLLEGE",1,1,0,0,61,0754,AZ,THATCHER,85552
2022,"GREAT HEARTS ACADEMIES D B A GREATHEARTS ARIZONA",1,0,0,0,61,6133,AZ,PHOENIX,85034
2022,"GREEN VALLEY JEWELERS INC",1,0,0,0,42,0337,AZ,"GREEN VALLEY",85622
2022,"GREENLIGHT TRAFFIC ENGINEERING LLC",1,0,0,0,54,9094,AZ,PEORIA,85381
2022,"GRENIER ENGINEERING",1,0,0,0,54,6372,AZ,TUCSON,85715
2022,"GRIFFIN FDN INC",0,0,1,0,61,6789,AZ,TUCSON,85711
2022,"GROHMANN USA, INC.",1,0,0,0,54,3667,AZ,CHANDLER,85226
2022,"H2OLOGY INC",0,0,1,0,54,5385,AZ,GILBERT,85233
2022,"HANCHETT ENTRY SYSTEMS INC",1,0,0,0,33,7949,AZ,PHOENIX,85044
2022,"HARVEST POWER COMMUNITY DEVELOPEME",1,0,0,0,61,5217,AZ,YUMA,85364
2022,"HARVEST POWER COMMUNITY DEVELOPMENT GROUP INC",12,0,2,0,61,5217,AZ,YUMA,85364
2022,"HASHGEN TECHNOLOGIES INC",1,0,0,0,54,9520,AZ,PHOENIX,85016
2022,"HEALTH SVCS ADVISORY GROUP INC",0,0,1,0,54,0007,AZ,PHOENIX,85016
2022,"HEALTH SVCS ADVISORY GRP INC",1,0,4,0,54,0007,AZ,PHOENIX,85016
2022,"HEALTHCARE ARIZONA LLC",1,0,0,0,33,4625,AZ,GOODYEAR,85388
2022,"HEALTHCARE ARIZONA LLC",0,0,1,0,33,4625,AZ,GOODYEAR,85395
2022,"HEALTHCARE ARIZONA LLC",1,0,0,0,33,4625,AZ,GOODYEAR,85338
2022,"HELPING ASSOCIATES INC",1,0,0,0,62,7991,AZ,"CASA GRANDE",85122
2022,"HIGHLAND PREP",0,0,1,0,61,1506,AZ,SURPRISE,85379
2022,"HILGARTWILSON LLC",1,0,0,0,54,3942,AZ,PHOENIX,85016
2022,"HIPOKRATIZ LLC",1,0,0,0,54,1488,AZ,TUCSON,85747
2022,"HOLBROOK SEVENTH DAY ADVENTIST INDIAN SCHOOL",2,0,0,0,61,6316,AZ,HOLBROOK,86025
2022,"HOMESMART SERVICES LLC",0,0,1,0,56,2813,AZ,SCOTTSDALE,85255
2022,HONORHEALTH,1,0,0,0,62,1654,AZ,SCOTTSDALE,85258
2022,"HOSPICE OF THE VALLEY",0,0,2,0,62,8886,AZ,PHOENIX,85014
2022,"HOTEVILLA BACAVI COMMUNITY SCHOOL BOARD OF EDUCATION DBA  HOTEVILLA BACAVI COMMUNITY SCHOOL",2,0,0,0,61,9906,AZ,HOTEVILLA,86030
2022,"HOURGLASS EDUCATION TECHNOLOGY SOLUTIONS LLC",0,0,1,0,54,2437,AZ,SCOTTSDALE,85258
2022,"HRMC LLC",1,0,0,0,62,3244,AZ,"LAKE HAVASU CITY",86403
2022,"HUMAC INC",1,0,26,0,54,0650,AZ,PHOENIX,85027
2022,"ICUBE TECHNOLOGY INC",0,0,1,0,54,3218,AZ,PHOENIX,85012
2022,"IMAGEKIWI LLC",0,0,1,0,32,4001,AZ,GILBERT,85233
2022,"IMAGEN DENTAL PARTNERS LLC",0,0,1,0,56,9859,AZ,SCOTTSDALE,85254
2022,"IMAGINE CHARTER ELEMENTARY AT CAMELBACK INC",0,0,1,0,61,1127,AZ,PHOENIX,85015
2022,"IMAGINE SCHOOLS AT CAMELBACK",0,1,0,0,61,9027,AZ,PHOENIX,85015
2022,"IMS INFRASTRUCTURE MANAGEMENT SERVICES LP",1,0,0,0,54,3083,AZ,TEMPE,85284
2022,"INANOBIO INC",1,1,1,0,54,8301,AZ,SCOTTSDALE,85255
2022,"INDIAN OASIS BABOQUIVARI UNIFIED S",1,0,0,0,61,0816,AZ,SELLS,85634
2022,"INDIAN OASIS BABOQUIVARI UNIFIED SCHOOL DISTRICT",1,0,1,0,61,0816,AZ,SELLS,85634
2022,"INDIDGE SYSTEMS LLC",2,0,0,0,54,8401,AZ,PHOENIX,85004
2022,"INEIGHT INC",1,0,9,0,23,0491,AZ,SCOTTSDALE,85258
2022,"INEIGHT INC",0,0,1,0,51,0491,AZ,SCOTTSDALE,85258
2022,"INFUSION SOFTWARE INC DBA KEAP",0,0,1,0,54,2667,AZ,CHANDLER,85286
2022,"INFUSION SOFTWARE INC DBA KEAP",4,0,4,0,51,2667,AZ,CHANDLER,85286
2022,"INHERENT TECHNOLOGIES LLC",6,0,0,0,54,0629,AZ,CHANDLER,85226
2022,"INNOSOFT CORPORATION",0,0,4,0,54,2780,AZ,SCOTTSDALE,85261
2022,"INNOSOFT CORPORATION",0,0,5,0,54,2780,AZ,PHOENIX,85018
2022,"INSIGHT DIRECT USA INC",2,0,15,0,42,8996,AZ,TEMPE,85283
2022,"INSIGHT DIRECT USA INC",1,0,2,0,42,8996,AZ,CHANDLER,85286
2022,"INSIGHT NORTH AMERICA INC",0,0,3,0,42,9145,AZ,TEMPE,85283
2022,"INSIGHT NORTH AMERICA INC",0,0,1,0,42,9145,AZ,CHANDLER,85286
2022,"INTEGER CONSULTING LLC",1,0,1,0,54,4028,AZ,GILBERT,85296
2022,"INTEGRATED MEDICAL SERVICES INC",1,0,0,0,62,3428,AZ,PHOENIX,85032
2022,"INTEL AMERICAS INC",6,1,10,0,33,1945,AZ,CHANDLER,85248
2022,"INTEL CORP",0,0,1,0,33,2743,AZ,CHANDLER,85248
2022,"INTEL CORPORATION",0,0,1,0,33,7274,AZ,CHANDLER,85248
2022,"INTEL CORPORATION",0,0,1,0,33,2743,AZ,CHANDLER,85248
2022,"INTEL CORPORATION",0,0,1,0,33,0743,AZ,CHANDLER,85248
2022,"INTEL CORPORATION",0,0,2,0,33,2743,AZ,PHOENIX,85048
2022,"INTEL CORPORATION",0,0,1,0,33,2742,AZ,CHANDLER,85248
2022,"INTEL CORPORATION",856,9,2767,81,33,2743,AZ,CHANDLER,85248
2022,"INTEL CORPORATION",4,0,7,0,33,2743,AZ,PHOENIX,85020
2022,"INTEL CORPORATION",0,0,1,0,33,2574,AZ,CHANDLER,85248
2022,"INTEL FEDERAL LLC",10,0,14,1,33,1828,AZ,CHANDLER,85248
2022,"INTEL MASSACHUSETTS INC",5,0,38,2,33,4484,AZ,CHANDLER,85248
2022,"INTEL NDTM US LLC",11,0,18,0,33,4068,AZ,CHANDLER,85248
2022,"INTERBIZ CONSULTING LLC",3,0,0,0,54,9492,AZ,CHANDLER,85226
2022,"INTERBIZ CONSULTING LLC",3,0,0,0,54,9492,AZ,TEMPE,85282
2022,"INTRAEDGE INC",24,0,104,11,54,4547,AZ,CHANDLER,85226
2022,"IRIDIUM SATELLITE LLC",0,0,3,0,51,0237,AZ,TEMPE,85284
2022,"IRWIN G PASTERNACK AIA ARCHITECT P",0,0,1,0,54,8123,AZ,PHOENIX,85014
2022,"IS T INC",1,0,0,0,54,1953,AZ,CHANDLER,85226
2022,"ISAAC SCHOOL DISTRICT 5",3,0,4,0,61,0483,AZ,PHOENIX,85009
2022,"ISOLA USA CORP",1,0,2,0,33,9618,AZ,CHANDLER,85226
2022,"ITO AMERICA CORPORATION",1,0,0,0,33,7429,AZ,MESA,85204
2022,"IVIS TECHNOLOGIES LLC",1,0,0,0,51,3667,AZ,PHOENIX,85050
2022,"JING HE SCIENCE ARIZONA INC",1,0,0,0,32,1781,AZ,SCOTTSDALE,85255
2022,"JOB AIRE GROUP INC",0,1,0,0,54,2285,AZ,TUCSON,85741
2022,"JOFFROY WAREHOUSE INC",0,0,1,0,52,6095,AZ,NOGALES,85621
2022,"JOYIN INC",8,0,2,0,42,4060,AZ,TEMPE,85284
2022,"JPC TECHNO INC",2,0,2,0,54,9476,AZ,GILBERT,85297
2022,"JS WALTZ CONSTRUCTION LLC",0,0,1,0,54,6906,AZ,TEMPE,85281
2022,"JS WALTZ CONSTRUCTION LLC",0,0,1,0,23,6906,AZ,TEMPE,85281
2022,"KAIZEN INSTITUTE CONSULTING GROUP AMERICA LLC",1,0,0,0,54,9873,AZ,PHOENIX,85004
2022,"KCB CONSULTANTS LTD",1,0,0,0,54,2083,AZ,PHOENIX,85004
2022,"KHAN, SLAYTER & KISTLER CPA LLC",2,0,0,0,54,8091,AZ,SCOTTSDALE,85260
2022,"KINGMAN HEALTHCARE INC DBA KINGMAN REGIONAL MEDICAL CENTER",0,0,2,0,62,6102,AZ,KINGMAN,86409
2022,"KITCHELL CEM INC",0,0,1,0,23,8697,AZ,PHOENIX,85016
2022,"KITCHELL CONTRACTORS INC OF ARIZONA",1,0,2,0,23,2011,AZ,PHOENIX,85016
2022,"KITCHELL CONTRACTORS INC OF AZ",0,0,2,0,23,2011,AZ,PHOENIX,85016
2022,"KOVACH ENCLOSURE SYSTEMS LLC",0,0,1,1,23,8354,AZ,CHANDLER,85286
2022,"KPRIME TECHNOLOGIES",0,0,1,0,42,8315,AZ,PHOENIX,85044
2022,"KRYTERION INC",0,0,1,0,54,0055,AZ,PHOENIX,85044
2022,"KUBRA ARIZONA INC",0,0,4,0,54,3656,AZ,TEMPE,85281
2022,"KUDELSKI SECURITY INC",0,0,1,0,54,1338,AZ,PHOENIX,85018
2022,"KUMAR RAVI MD FACC PC DBA AZ HEART SPECIALISTS",0,0,1,0,62,6491,AZ,"SUN CITY",85351
2022,"KYRENE ELEMENTARY SCHOOL DISTRICT",0,0,1,1,61,0494,AZ,TEMPE,85284
2022,"LA PAZ REGIONAL HOSPITAL INC",0,0,1,0,62,0959,AZ,PARKER,85344
2022,"LASER COMPONENTS DETECTOR GROUP INC",0,0,1,0,33,8448,AZ,CHANDLER,85225
2022,"LESLIE S POOLMART INC",3,0,16,0,45,0298,AZ,PHOENIX,85016
2022,"LESSEN INC",0,0,2,0,92,1497,AZ,SCOTTSDALE,85251
2022,"LESSEN INC",0,0,1,0,53,1497,AZ,SCOTTSDALE,85251
2022,"LETS AMERICA INC",0,0,3,0,54,6638,AZ,CHANDLER,85226
2022,"LGE DESIGN GROUP LLC",1,0,0,0,54,2835,AZ,PHOENIX,85008
2022,"LIBERTY UTILITIES SERVICE CORP",0,0,1,0,22,4978,AZ,"LITCHFIELD PARK",85340
2022,"LIMELIGHT NETWORKS INC",0,0,1,0,54,7033,AZ,SCOTTSDALE,85257
2022,"LIN CHAI RAWLINSON CPA PC",0,0,1,0,54,9393,AZ,MESA,85204
2022,"LINCOLN CONSTRUCTORS INC",1,0,0,0,23,3667,AZ,PHOENIX,85009
2022,"LINCUS INC",0,0,3,0,54,2198,AZ,TEMPE,85284
2022,"LINK LAB LLC",1,0,0,0,54,6088,AZ,PHOENIX,85016
2022,"LITTLE COLORADO MEDICAL CENTER",2,0,1,0,62,7344,AZ,WINSLOW,86047
2022,"M ARTHUR GENSLER JR & ASSO INC",0,0,1,0,54,3305,AZ,PHOENIX,85016
2022,"M ARTHUR GENSLER JR & ASSOCIATES INC",0,0,1,0,54,3305,AZ,PHOENIX,85016
2022,"M GREENBERG CONSTRUCTION INC",1,0,0,0,23,7200,AZ,GILBERT,85297
2022,"M S ADDISON AND ASSOCIATES LLC",0,0,1,0,54,6863,AZ,TEMPE,85281
2022,"M&P GOLF LLC D/B/A COOL CLUBS",1,0,0,0,45,6109,AZ,SCOTTSDALE,85255
2022,"M3 ENGINEERING & TECH CORP",0,0,1,0,54,8253,AZ,TUCSON,85704
2022,"M3BI LLC",11,0,83,6,54,6003,AZ,SCOTTSDALE,85255
2022,"M3BI LLC",0,0,1,0,54,6003,AZ,SCOTTSDALE,85256
2022,"M3BI LLC",0,0,1,0,54,6000,AZ,SCOTTSDALE,85255
2022,"M3BI LLC",0,0,1,0,54,6003,AZ,CHANDLER,85225
2022,"MAGELLAN HEALTH INC",0,0,6,0,52,6937,AZ,SCOTTSDALE,85251
2022,"MAGELLAN HEALTH INC",0,0,2,0,52,6937,AZ,PHOENIX,85034
2022,"MAGELLAN HEALTH INC",0,0,1,0,62,6937,AZ,PHOENIX,85034
2022,"MAINTENANCEBEST COM LLC",1,0,0,0,56,1527,AZ,PHOENIX,85085
2022,"MALLA SYSTEMS INC DBA EFULGENT",14,0,5,0,54,8894,AZ,GLENDALE,85308
2022,"MARANA AEROSPACE SOLUTIONS INC",1,0,0,0,48,1921,AZ,MARANA,85653
2022,"MARANA HEALTH CENTER",3,0,6,0,62,3462,AZ,MARANA,85653
2022,"MARICOPA ASSOCIATION OF GOVERNMENT",1,0,2,0,81,1608,AZ,PHOENIX,85003
2022,"MARICOPA COUNTY",1,0,0,0,92,0472,AZ,PHOENIX,85007
2022,"MARICOPA COUNTY COMMUNITY COLLEGE DISTRICT",1,0,0,0,61,5552,AZ,TEMPE,85281
2022,"MARICOPA UNIFIED SCHOOL DISTRICT",4,1,5,0,61,1314,AZ,MARICOPA,85138
2022,"MARKETECH INTERNATIONAL CORPORATIO",1,0,1,0,54,6186,AZ,PHOENIX,85027
2022,"MARKETECH INTERNATIONAL CORPORATIO",0,0,1,0,23,6186,AZ,PHOENIX,85027
2022,"MARKMONITOR INC",0,0,1,0,99,3468,AZ,CHANDLER,85226
2022,"MARLYN NUTRACEUTICALS INC",0,0,1,0,44,9620,AZ,PHOENIX,85040
2022,"MASTER INTL CORP DBA MASTER ELECTR",0,0,2,0,42,0067,AZ,PHOENIX,85034
2022,"MCCORMICK TRADING LLC",2,0,0,0,42,8219,AZ,TEMPE,85284
2022,"MED CURE INTERNAL MEDICINE PLC",0,0,1,0,62,1812,AZ,GOODYEAR,85395
2022,"MEDAIRE INC",1,0,2,0,62,8955,AZ,PHOENIX,85016
2022,"MEDIMPACT DIRECT LLC",0,0,1,0,54,5439,AZ,TEMPE,85284
2022,"MELLO AND PONAMAN ENTERPRISES LLC DBA PONAMAN HEALTHCARE CONSULTING",0,0,1,0,54,9531,AZ,PHOENIX,85018
2022,"MERIDIAN ENGINEERING CO",0,0,1,0,99,2179,AZ,TUCSON,85705
2022,"MERIDIAN ENGINEERING COMPANY",0,0,2,0,54,2179,AZ,TUCSON,85705
2022,"METASOFTTECH SOLUTIONS LLC",3,0,12,0,54,7714,AZ,CHANDLER,85224
2022,"METZ & ASSOCIATES PLLC",1,0,0,0,54,8541,AZ,PHOENIX,85013
2022,"MGC PURE CHEMICALS AMERICA INC",0,0,1,0,32,5248,AZ,MESA,85212
2022,"MICHAEL J VALENTE CONTRACTING INC",0,0,1,0,23,2979,AZ,PHOENIX,85009
2022,"MICROCHIP TECHNOLOGY INC",35,0,68,3,33,9024,AZ,CHANDLER,85224
2022,"MICROCHIP TECHNOLOGY INC",0,0,1,0,33,9024,AZ,CHANDLER,85244
2022,"MICROPATENT LLC",1,0,2,0,54,8616,AZ,CHANDLER,85226
2022,"MICROPATENT LLC",0,0,1,0,51,8616,AZ,CHANDLER,85226
2022,"MIDSYS INC",1,0,0,0,54,0983,AZ,SCOTTSDALE,85255
2022,"MIDSYS INC",5,0,5,0,54,0983,AZ,SCOTTSDALE,85255
2022,"MIH MANAGEMENT LLC",0,0,1,0,54,3677,AZ,MESA,85204
2022,"MINAR YANTRIX INC",1,0,2,0,54,8324,AZ,CHANDLER,85226
2022,"MINDQUEST TECHNOLOGY SOLUTIONS LLC",9,1,0,0,54,3517,AZ,PHOENIX,85027
2022,"MINDQUEST TECHNOLOGY SOLUTIONS LLC",12,1,10,2,54,3517,AZ,PHOENIX,85027
2022,"MOBILE MINI INC",1,0,4,0,23,8362,AZ,PHOENIX,85008
2022,"MOBIVITY INC",0,0,1,0,54,9515,AZ,CHANDLER,85226
2022,"MOD A P LLC",0,0,1,0,54,1860,AZ,PHOENIX,85014
2022,"MODULAR MINING SYSTEMS INC",0,0,2,0,54,9307,AZ,TUCSON,85706
2022,"MOEN COPI DAY SCHOOL GRANT DBA MOENCOPI DAY SCHOOL",3,0,0,0,61,7525,AZ,"TUBA CITY",86045
2022,"MOHAVE VALLEY SCHOOL DISTRICT",0,0,1,0,61,7640,AZ,"MOHAVE VALLEY",86440
2022,"MOOV TECHNOLOGIES INC",0,0,1,0,42,4895,AZ,TEMPE,85281
2022,"MORENCI UNIFIED SCHOOL DISTRICT # 18",1,0,0,0,61,0468,AZ,MORENCI,85540
2022,"MOUNT GRAHAM REGIONAL MEDICAL CENTER",3,0,0,0,62,4247,AZ,SAFFORD,85546
2022,"MOUNTAIN PARK HEALTH CENTER",3,0,0,0,62,8020,AZ,PHOENIX,85012
2022,"MRT DESIGN LLC",1,0,0,0,54,1902,AZ,PHOENIX,85004
2022,"MSB MGMT CORP",0,0,1,0,62,2873,AZ,"PARADISE VALLEY",85253
2022,"MUTUAL INSURANCE COMPANY OF ARIZONA",0,0,1,0,52,2181,AZ,PHOENIX,85016
2022,"NAGRA USA LLC",2,0,0,0,54,1802,AZ,PHOENIX,85018
2022,"NARASIMHAN CONSULTING SERVICES INC",0,0,1,0,54,3779,AZ,PHOENIX,85012
2022,"NAVAJO HLTH FDN SAGE MEMORIAL HOSP INC",4,2,1,0,62,4364,AZ,GANADO,86505
2022,"NET ANDROID CORP",0,0,1,0,54,9425,AZ,CHANDLER,85224
2022,"NET ANDROID CORPORATION",0,0,2,0,54,9425,AZ,CHANDLER,85224
2022,"NET ORBIT INC",0,0,3,0,54,3053,AZ,TEMPE,85282
2022,"NETFLIX INC",1,0,0,0,51,7272,AZ,PHOENIX,85032
2022,"NEWRISTICS LLC",0,0,1,0,54,3778,AZ,SCOTTSDALE,85258
2022,NEXTIVA,2,0,2,0,51,0926,AZ,SCOTTSDALE,85256
2022,NEXTIVA,0,0,4,0,99,0926,AZ,SCOTTSDALE,85250
2022,NEXTIVA,0,0,6,0,51,0926,AZ,SCOTTSDALE,85250
2022,"NFRA INC",0,0,1,0,54,2059,AZ,PHOENIX,85012
2022,"NIKOLA CORPORATION",19,0,47,0,33,1876,AZ,PHOENIX,85040
2022,"NJOY LLC",1,0,2,0,33,9502,AZ,SCOTTSDALE,85258
2022,"NORTH COUNTRY HEALTHCARE INC",0,0,1,0,62,3432,AZ,FLAGSTAFF,86004
2022,"NORTH VALLEY ENDODONTICS PA",1,0,0,0,62,9974,AZ,SCOTTSDALE,85250
2022,"NORTHERN ARIZONA HEALTHCARE CORPORATION",1,0,0,0,62,0882,AZ,FLAGSTAFF,86001
2022,"NORTHERN ARIZONA UNIVERSITY",10,0,2,0,61,9628,AZ,FLAGSTAFF,86011
2022,"NORTHERN ARIZONA UNIVERSITY",1,0,0,0,11,9628,AZ,FLAGSTAFF,86011
2022,"NORTHERN COCHISE COMMUNITY HOSP IN",2,0,1,0,62,8451,AZ,WILLCOX,85643
2022,"NORTHERN JAGUAR PROJECT",1,0,0,0,92,4992,AZ,TUCSON,85745
2022,"NORTHWEST EYE SPECIALIST PLLC",1,0,0,0,62,0868,AZ,TUCSON,85704
2022,"NORTHWEST HOSPITAL LLC",3,0,0,0,62,2430,AZ,TUCSON,85741
2022,"NORTHWEST HOUGHTON HOSPITAL LLC",0,0,1,0,62,4074,AZ,TUCSON,85748
2022,"NORTONLIFELOCK INC",10,0,71,1,54,1864,AZ,TEMPE,85281
2022,"NQUEUE BILLBACK LLC",0,0,2,0,54,4388,AZ,TEMPE,85284
2022,"NUCLEUSTEQ INC",0,0,1,0,99,6181,AZ,PHOENIX,85050
2022,"NUCLEUSTEQ INC",1,0,6,0,54,6181,AZ,PHOENIX,85050
2022,"NUTRASUMMA INC",1,0,0,0,44,0956,AZ,PHOENIX,85040
2022,"NVEST INC",1,0,4,0,52,5125,AZ,TUCSON,85701
2022,"OFFERPARD SOLUTIONS INC",0,0,2,0,52,3449,AZ,CHANDLER,85286
2022,"ONCOMYX THERAPEUTICS INC",1,0,2,0,54,9356,AZ,PHOENIX,85004
2022,"ONEAZ CREDIT UNION",0,0,1,0,52,8770,AZ,PHOENIX,85027
2022,"ONEORIGIN LLC",0,0,2,0,99,5002,AZ,SCOTTSDALE,85254
2022,"ONESTOPD SOLUTIONS INC",2,0,7,0,54,3461,AZ,PHOENIX,85027
2022,"OPEN QUEUE LLC",0,0,1,0,54,4598,AZ,MESA,85203
2022,"OPENDOOR LABS INC",3,0,26,0,53,5399,AZ,TEMPE,85281
2022,"OPENDOOR LABS INC",0,0,1,0,53,5399,AZ,TEMPE,85288
2022,"OPENDOOR LABS INC DBA OPENDOOR",0,0,12,0,53,5399,AZ,TEMPE,85281
2022,"OPTILAB LLC",0,0,1,0,54,8698,AZ,PHOENIX,85012
2022,"ORCUTT WINSLOW PARTNERSHIPO",0,0,1,0,54,1027,AZ,PHOENIX,85012
2022,"ORION HEALTH INC",1,0,0,0,54,7440,AZ,SCOTTSDALE,85260
2022,"ORO VALLEY HOSPITAL LLC DBA ORO VALLEY HOSPITAL",0,0,1,0,62,9881,AZ,TUCSON,85755
2022,"OUTLAST INC",0,0,1,0,42,8113,AZ,TUCSON,85701
2022,"PARADIGM TECH CONSULTING LLC",0,0,1,0,54,0875,AZ,SCOTTSDALE,85260
2022,"PARADIGM TECHNOLOGY CONSULTING,LLC",0,0,2,0,54,0875,AZ,SCOTTSDALE,85260
2022,"PARADISE VALLEY UNIFIED SCHOOL DIS",0,0,1,0,61,5162,AZ,PHOENIX,85032
2022,"PARADISE VALLEY UNIFIED SCHOOL DISTRICT",3,0,2,0,61,5162,AZ,PHOENIX,85032
2022,"PARADOX INC",0,0,1,0,51,6300,AZ,SCOTTSDALE,85251
2022,"PARCHMENT LLC",0,0,1,0,61,0072,AZ,SCOTTSDALE,85253
2022,"PARK VIEW SCHOOL INC",1,0,0,0,61,6352,AZ,"PRESCOTT VALLEY",86314
2022,"PARKER UNIFIED SCHOOL DISTRICT 27",4,0,0,0,61,7746,AZ,PARKER,85344
2022,"PCM VENTURE I LLC",0,0,1,0,55,3069,AZ,SCOTTSDALE,85260
2022,"PCT INTERNATIONAL INC",0,0,1,0,33,9421,AZ,TEMPE,85284
2022,"PEM INVESTEMENTS LLC",0,0,1,0,52,1928,AZ,PHOENIX,85018
2022,"PENDERGAST ELEMENTARY SCHOOL DISTRICT",1,0,1,0,61,0522,AZ,PHOENIX,85037
2022,"PEORIA UNIFIED SCHOOL DISTRICT",1,0,1,0,61,0488,AZ,GLENDALE,85306
2022,"PEREZ MCGEE",1,0,0,0,54,4967,AZ,SCOTTSDALE,85251
2022,"PERSEFONI AL INC",0,0,1,0,51,2783,AZ,TEMPE,85281
2022,"PETSMART LLC F/K/A PETSMART INC",4,0,44,1,45,4325,AZ,PHOENIX,85027
2022,"PHARMACY SOFTWARE SOLUTIONS INC",0,0,1,0,51,8671,AZ,GLENDALE,85308
2022,"PHOCOS AMERICAS INC",0,0,1,0,33,3974,AZ,TUCSON,85719
2022,"PHOENIX ADVANTAGE CHARTER SCHOOL",0,0,1,0,61,9215,AZ,PHOENIX,85016
2022,"PHOENIX CHILDREN S HOSPITAL INC",3,0,3,0,62,2559,AZ,PHOENIX,85016
2022,"PHOENIX ELEMENTARY SCHOOL DISTRICT",1,0,1,0,61,0478,AZ,PHOENIX,85006
2022,"PHOENIX NEUROLOGICAL INST INC AN AZ PRO CORP DBA PHOENICIAN NEUROLOGICAL AND PLAIN INST",0,0,1,0,62,0171,AZ,CHANDLER,85224
2022,"PHOENIX THEATRE",0,0,1,0,71,8839,AZ,PHOENIX,85004
2022,"PHOENIX UNION HIGH SCH DIST 210",0,0,0,1,61,0534,AZ,PHOENIX,85012
2022,"PHOENIX UNION HIGH SCHOOL DISTRICT #210",0,0,2,2,61,0534,AZ,PHOENIX,85012
2022,"PING INC",0,0,1,0,33,6218,AZ,PHOENIX,85029
2022,"PINON UNIFIED SCHOOL DISTRICT 4",0,0,1,0,61,3303,AZ,PINON,86510
2022,"PIONEER HOSPITALISTS PLLC",0,0,2,0,62,7994,AZ,CHANDLER,85248
2022,"PITCHVANTAGE LLC",0,0,1,0,51,0367,AZ,TUCSON,85701
2022,"PK ASSOCIATES LLC",2,0,1,0,23,5568,AZ,SCOTTSDALE,85250
2022,"PLANETARY SCIENCE INSTITUTE",1,0,0,0,54,5263,AZ,TUCSON,85719
2022,"PLEXUS WORLDWIDE LLC",0,0,5,0,45,1152,AZ,SCOTTSDALE,85258
2022,"PLUTO ACQUISITION OPCO LLC DBA UNIVERSAL BACKGROUND SCREENING PEOPLEACTS",0,0,1,0,56,9017,AZ,SCOTTSDALE,85258
2022,"POLYRIFIC LLC",1,0,0,0,54,0440,AZ,GILBERT,85296
2022,"PORTS AMERICA SHARED SVCS INC",1,0,0,0,48,1534,AZ,CHANDLER,85225
2022,"POWER ELECTRONICS USA INC",1,0,0,0,22,9523,AZ,GILBERT,85233
2022,"POWERS REINFORCING FABRICATORS LLC",1,0,0,0,54,6403,AZ,PHOENIX,85040
2022,"PRESCOTT COLLEGE INC",1,0,0,0,61,4012,AZ,PRESCOTT,86301
2022,"PRICE KONG & COMPANY CPA PA",0,0,1,0,54,1246,AZ,PHOENIX,85012
2022,"PRICE KONG & COMPANY CPA, PA",1,0,1,0,54,1246,AZ,PHOENIX,85012
2022,"PRINTED ENERGY PTY LTD",0,0,1,0,54,4485,AZ,TEMPE,85284
2022,"PRIVATE NATIONAL MORTGAGE ACCEPTAN",0,0,5,0,52,0587,AZ,PHOENIX,85034
2022,"PRIVATE NATIONAL MORTGAGE ACCEPTANCE COMPANY LLC",0,0,5,0,52,0587,AZ,PHOENIX,85034
2022,"PRIVORO LLC",0,0,1,0,33,9170,AZ,TEMPE,85284
2022,"PROCTOR IO INCORPORATED",1,0,0,0,51,5539,AZ,SCOTTSDALE,85251
2022,"PROGRESS RESIDENTIAL LLC",2,0,4,0,53,4544,AZ,SCOTTSDALE,85256
2022,"PROGRESSIVE BEHAVIORAL HEALTH PLLC D/B/A LIFESTANCE HEALTH INC",0,0,1,0,62,1796,AZ,SCOTTSDALE,85251
2022,"PROPERSYS CORP",0,0,1,0,54,9421,AZ,PHOENIX,85027
2022,"PROQUEST LLC",0,0,1,0,51,3855,AZ,CHANDLER,85226
2022,"PROTEAM LLC",0,0,1,0,54,7299,AZ,PHOENIX,85054
2022,"PROTEOR USA LLC",0,0,1,0,33,5510,AZ,TEMPE,85282
2022,"PROVISION PLC",1,0,0,0,54,1037,AZ,TEMPE,85282
2022,"PURE ENERGY LLC",1,0,0,0,23,9921,AZ,TEMPE,85284
2022,"Q POINT HEALTH LLC",0,0,1,0,51,2196,AZ,PHOENIX,85004
2022,"QBOTICA INC",3,0,3,1,51,0178,AZ,PHOENIX,85051
2022,"QUAKEWRAP INC",0,0,1,0,54,2797,AZ,TUCSON,85756
2022,RADIUSAI,0,0,4,0,54,6801,AZ,TEMPE,85281
2022,"RADIUSAI INC",3,0,6,0,54,6801,AZ,TEMPE,85281
2022,"RADIXLINK INC",10,0,8,0,54,0041,AZ,CHANDLER,85226
2022,"RAGHAV LLC DBA MORE MD",1,0,0,0,62,4968,AZ,SURPRISE,85378
2022,"RAYHONS FINANCIAL SOLUTIONS LLC",1,0,0,0,52,2113,AZ,GILBERT,85234
2022,"RECOVERY DATABASE NETWORK INC",1,0,1,0,42,9978,AZ,MESA,85204
2022,"RED MESA UNIFIED SCHOOL DISTRICT 27",4,0,0,0,61,0266,AZ,"TEEC NOS POS",86514
2022,"REFLEK TECHNOLOGIES CORPORATION",0,0,1,0,32,5860,AZ,CHANDLER,85226
2022,"REGION TECHNOLOGIES INC",4,0,11,0,54,7358,AZ,PHOENIX,85028
2022,"REGIONAL CENTER FOR BORDER HEALTH INC",1,0,0,0,92,1847,AZ,SOMERTON,85350
2022,"REID & REID CPA P C",0,0,1,0,54,5879,AZ,PHOENIX,85020
2022,"REPUBLIC SERVICES INC",0,0,16,0,56,6904,AZ,PHOENIX,85054
2022,"REPULBIC SERVICES INC",0,0,2,0,56,6904,AZ,PHOENIX,85054
2022,"REPUTATION COM INC",1,0,6,0,51,9907,AZ,SCOTTSDALE,85257
2022,"RESOLUTION COPPER COMPANY",1,0,1,0,21,6547,AZ,SUPERIOR,85173
2022,"REVSPRING INC",1,0,2,0,54,5614,AZ,PHOENIX,85085
2022,"REYNAERS INC",1,0,1,0,42,5887,AZ,PHOENIX,85027
2022,"RIDER LEVETT BUCKNALL LTD",1,0,3,0,23,2243,AZ,PHOENIX,85018
2022,"RIDGELINE ACADEMY",3,0,0,0,61,8441,AZ,PHOENIX,85085
2022,"RIIM LLC",0,0,1,0,54,4391,AZ,SCOTTSDALE,85260
2022,"RISEEDGE LLC",2,0,0,0,54,1015,AZ,TEMPE,85281
2022,"RIVERSIDE SCHOOL DISTRICT NO 2",0,0,1,0,61,0479,AZ,PHOENIX,85043
2022,"ROC IMAGING SERVICES LLC",0,0,1,0,62,7260,AZ,YUMA,85364
2022,"ROCK POINT COMMUNITY SCHOOL",0,1,0,0,61,6690,AZ,"ROCK POINT",86545
2022,"ROGERS CORPORATION",1,0,4,0,54,3860,AZ,CHANDLER,85224
2022,"ROOSEVELT SCHOOL DISTRICT 66",4,1,4,0,61,0509,AZ,PHOENIX,85042
2022,"ROYAL PAPER CONVERTING INC",0,0,0,1,32,9937,AZ,PHOENIX,85007
2022,"RUSSELL SIGLER INC",1,0,1,0,42,3222,AZ,TOLLESON,85353
2022,"SAHI SOFTTECH INC",0,0,3,1,54,6404,AZ,CHANDLER,85286
2022,"SAMUEL CONTRACT STAFFING LLC",1,0,0,0,56,5484,AZ,MESA,85210
2022,"SAN CARLOS UNIFIED SCHOOL DISTRICT 20",1,0,0,0,61,0454,AZ,"SAN CARLOS",85550
2022,"SANTA CRUZ VALLEY UNIFIED SCHOOL D",0,0,2,0,61,8513,AZ,"RIO RICO",85648
2022,"SANTA CRUZ VALLEY UNIFIED SCHOOL DISTRICT 35",1,0,2,0,61,8513,AZ,"RIO RICO",85648
2022,"SANTA ROSA PRODUCE LLC",0,0,1,0,11,2377,AZ,MARICOPA,85139
2022,"SAVVIENTS INC",3,0,0,0,54,3786,AZ,CHANDLER,85286
2022,"SAVVY DATA SOLUTIONS INC",2,0,3,0,54,1706,AZ,MESA,85203
2022,"SCHNEIDER STRUCTURAL ENGINEERS",0,0,1,0,99,1981,AZ,TUCSON,85705
2022,"SCHOLA INC",0,0,1,0,61,8802,AZ,PHOENIX,85017
2022,"SCHWAN CONSULTING LLC DBA AV SCHWAN & ASSOCIATES",0,0,1,0,54,3610,AZ,SCOTTSDALE,85251
2022,"SCOTTSDALE UNIFIED SCHOOL DISTRICT NO 48",0,0,2,0,61,0535,AZ,SCOTTSDALE,85251
2022,"SEACRET DIRECT LLC",0,0,1,0,44,2699,AZ,SCOTTSDALE,85253
2022,"SECURE MEDICAL INC",0,0,1,0,54,8159,AZ,TEMPE,85283
2022,"SEG INC",1,0,5,0,61,5204,AZ,SCOTTSDALE,85258
2022,"SELIGMAN UNIFIED SCHOOL DISTRICT NO 40",1,0,1,0,61,3073,AZ,SELIGMAN,86337
2022,"SELIGMAN UNIFIED SCHOOL DISTRICT NO 40",1,0,0,0,31,3073,AZ,SELIGMAN,86337
2022,"SEMICONDUCTOR COMPONENTS INDUSTRIE",3,1,21,2,33,2817,AZ,PHOENIX,85008
2022,"SEMICONDUCTOR COMPONENTS INDUSTRIES LLC",11,1,56,2,33,2817,AZ,PHOENIX,85008
2022,"SEMPLE MARCHAL & COOPER LLP",0,0,1,0,54,0046,AZ,PHOENIX,85012
2022,"SENDER INC D/B/A SENDOSO",0,0,6,0,51,3656,AZ,SCOTTSDALE,85251
2022,"SENESTECH INC",0,0,1,0,32,9805,AZ,PHOENIX,85027
2022,"SHAMROCK FOODS COMPANY",4,0,4,1,42,9968,AZ,PHOENIX,85018
2022,"SIBI LLC",0,0,1,0,54,9670,AZ,GILBERT,85233
2022,"SIERRA BUSINESS SOLUTION LLC",3,0,1,0,54,8270,AZ,CHANDLER,85226
2022,"SIERRA BUSINESS SOLUTION LLC",1,0,0,0,56,8270,AZ,CHANDLER,85226
2022,"SIGMA TECHNOLOGIES INTEL LLC",0,0,1,0,54,1802,AZ,TUCSON,85737
2022,SIMPLEVIEW,0,0,2,0,51,4818,AZ,TUCSON,85704
2022,"SKS DEVELOPMENT LLC",1,0,0,0,22,6679,AZ,SCOTTSDALE,85255
2022,"SLK HOLDINGS LLC",3,0,4,0,54,5269,AZ,PHOENIX,85021
2022,"SMARTEQ SOLUTIONS LLC",0,0,1,0,54,3823,AZ,PHOENIX,85050
2022,"SMARTRENT TECHNOLOGIES INC",0,0,1,0,54,8894,AZ,SCOTTSDALE,85255
2022,"SOAREN MGMT LLC",0,0,1,0,54,2337,AZ,SCOTTSDALE,85254
2022,"SOLARI INC",0,0,1,0,62,6321,AZ,TEMPE,85281
2022,"SOLARPTL LLC",1,0,0,0,54,5353,AZ,TEMPE,85282
2022,"SOLERA HEALTH INC",2,0,2,0,54,8764,AZ,PHOENIX,85003
2022,"SOLID STATE NETWORKS LLC",0,0,1,0,54,1126,AZ,PHOENIX,85004
2022,"SOLUTIONS 8 LLC",1,0,0,0,54,0353,AZ,PHOENIX,85050
2022,"SONORA ENVIRONMENTAL RESEARCH INSTITUTE INC",1,0,0,0,54,7843,AZ,TUCSON,85716
2022,"SONORA QUEST LABORATORIES LLC",0,0,1,0,62,2873,AZ,TEMPE,85281
2022,"SOURCEMOST USA INC DBA BAPMIC AUTO PARTS",0,0,1,0,44,4930,AZ,PHOENIX,85043
2022,"SOUTHWEST AUTISM RESEARCH AND RESOURCE CENTER",1,1,0,0,54,6646,AZ,PHOENIX,85006
2022,"SOUTHWEST BEHAVIORAL HEALTH SERVICES",1,0,1,0,62,0033,AZ,PHOENIX,85012
2022,"SOUTHWEST KIDNEY INSTITUTE PLC",0,0,1,0,62,6208,AZ,PHOENIX,85004
2022,"SOUTHWEST REHABILITATION ASSOCIATE",0,0,1,0,62,2082,AZ,YUMA,85364
2022,"SPROUT FINANCIAL LLC",1,0,0,0,51,8714,AZ,PHOENIX,85054
2022,"SPS ARCHITECTS LLP",1,0,0,0,54,7584,AZ,SCOTTSDALE,85258
2022,"STACH & LIU LLC DBA BISHOP FOX",0,0,5,0,54,1540,AZ,TEMPE,85284
2022,"STANTEC CONSULTING INTL LLC",0,0,1,0,54,0606,AZ,CHANDLER,85226
2022,"STATE OF AZ OFC OF ECONOMIC OPPORT",1,0,4,1,92,4791,AZ,PHOENIX,85007
2022,"STATISTICS & DATA CORPORATION DBA SDC CLINICAL",0,0,1,0,54,4399,AZ,TEMPE,85281
2022,"STERLING AND WILSON SOLAR SOLUTIONS INC",1,0,1,0,22,9824,AZ,SCOTTSDALE,85253
2022,"STRUCK LOVE BOJANOWSKI & ACEDO PLC",1,0,0,0,54,6337,AZ,CHANDLER,85226
2022,"STRUCTUROLOGY INC",1,0,0,0,54,5747,AZ,PHOENIX,85007
2022,"STRUCTUROLOGY, INC.",2,0,0,0,54,5747,AZ,PHOENIX,85007
2022,"SUCCESS SCHOOL DBA ARIZONA CHARTER ACADEMY",1,0,0,0,61,3123,AZ,SURPRISE,85374
2022,"SULPHUR SPRINGS VALLEY ELECTRIC COOPERATIVE INC SSVEC",1,0,0,0,22,9728,AZ,WILLCOX,85643
2022,"SUN LIFE FAMILY HEALTH",0,0,1,0,62,6211,AZ,"CASA GRANDE",85122
2022,"SUN VALLEY ACADEMY",1,0,0,0,61,3106,AZ,PHOENIX,85041
2022,"SUNDT CONSTRUCTION INC",2,0,9,0,23,6154,AZ,TEMPE,85282
2022,"SUNDT CONSTRUCTION INC",0,0,1,0,99,6154,AZ,TEMPE,85282
2022,"SUNGROW USA CORPORATION",1,0,7,0,42,3393,AZ,PHOENIX,85040
2022,"SUNNYSIDE UNIFIED SCHOOL DISTRICT 12",7,0,0,0,61,0792,AZ,TUCSON,85706
2022,"SUNQUEST INFORMATION SYSTEMS",0,0,2,0,54,8223,AZ,TUCSON,85718
2022,"SUNSET COMMUNITY HEALTH CENTER INC D/B/A SUNSET HEALTH",1,0,0,0,62,3305,AZ,YUMA,85364
2022,"SUNSOFTONLINE LLC",1,0,0,0,54,2437,AZ,SCOTTSDALE,85260
2022,"SUNSTATE EQUIPMENT CO LLC",1,0,0,0,53,0251,AZ,PHOENIX,85034
2022,"SUPER RADIATOR COILS LP",0,0,1,0,33,3780,AZ,PHOENIX,85034
2022,"SURRAJ MED ASSOCIATES PLLC DBA PINNACLE CARE INTERNAL MEDICINE",1,0,0,0,62,8814,AZ,PEORIA,85381
2022,"SV AI TEAM LLC",1,0,0,0,56,2521,AZ,TUCSON,85718
2022,"SV PROBE INC",1,0,3,0,33,0832,AZ,TEMPE,85284
2022,"SWARUP P C D/B/A ARIZONA HEART RHYTHM CENTER",1,0,0,0,62,8227,AZ,PHOENIX,85016
2022,"SWCA INC",1,0,1,0,54,3317,AZ,PHOENIX,85012
2022,"SWIFT LOGISTICS LLC",1,0,0,0,54,1020,AZ,PHOENIX,85043
2022,"SWIFT TRANSPORTATION SVCS LLC",0,0,1,0,48,6897,AZ,PHOENIX,85027
2022,"SYNCARI INC",0,0,1,0,51,3849,AZ,SCOTTSDALE,85262
2022,"SYSAZZLE INC",0,0,1,0,54,7644,AZ,PHOENIX,85048
2022,"T3 SOLUTIONS",1,0,0,0,54,7289,AZ,PHOENIX,85012
2022,"T3 SOLUTIONS",2,0,0,0,54,7289,AZ,PHOENIX,85029
2022,"TAILSTORM HEALTH INC",2,0,3,0,32,1640,AZ,CHANDLER,85226
2022,"TCMZONE, LLC",1,0,0,0,32,6825,AZ,CHANDLER,85286
2022,"TECH FABRIC LLC",0,0,4,0,54,6698,AZ,GILBERT,85295
2022,"TECHFLURRY SOLUTIONS LLC",4,0,0,0,54,3395,AZ,PHOENIX,85022
2022,"TECHFLURRY SOLUTIONS LLC",7,0,0,0,54,3395,AZ,PHOENIX,85023
2022,"TECHMILEAGE SOFTWARE SOLUTIONS LLC",0,0,1,0,54,2004,AZ,SCOTTSDALE,85251
2022,"TECHMILEAGE SOFTWARE SOLUTIONS LLC",2,1,14,0,54,4634,AZ,SCOTTSDALE,85251
2022,"TECHNIVAS LLC",2,0,1,0,54,9308,AZ,TEMPE,85284
2022,"TECHNOCRAT INC",1,0,2,0,54,8256,AZ,PHOENIX,85051
2022,"TECHZOID SOLUTIONS LLC",2,0,0,0,54,8790,AZ,PHOENIX,85022
2022,"TEKDOORS INC",2,1,2,0,54,9788,AZ,SCOTTSDALE,85260
2022,"TEXAS PETROLEUM LLC",0,1,0,0,44,0202,AZ,SCOTTSDALE,85260
2022,"TFO PHOENIX INC",1,0,0,0,52,5408,AZ,PHOENIX,85018
2022,"THE ATLATL GROUP LLC DBA BRAVADA YACHTS",1,0,1,0,33,7399,AZ,TOLLESON,85353
2022,"THE DEVEREUX FOUNDATION",6,0,0,0,62,0618,AZ,PHOENIX,85012
2022,"THE DIAMOND GUYS INC",1,0,0,0,44,1335,AZ,SCOTTSDALE,85254
2022,"THE HUMANE SOCIETY OF SOUTHERN AZ INC",0,0,1,0,81,2798,AZ,TUCSON,85705
2022,"THE MAXIS GROUP INC",0,0,2,0,54,6907,AZ,SCOTTSDALE,85258
2022,"THE REINALT THOMAS CORP DBA DISCOU",0,0,1,0,44,9682,AZ,CHANDLER,85225
2022,"THE REINALT THOMAS CORP DBA DISCOU",0,0,1,0,33,9682,AZ,SCOTTSDALE,85255
2022,"THE REINALT THOMAS CORP DBA DISCOU",1,0,18,0,44,9682,AZ,SCOTTSDALE,85255
2022,"THE TINKERING SOCIETY LLC",0,0,1,0,54,2720,AZ,SCOTTSDALE,85260
2022,"THE TRANSLATIONAL GENOMICS RESEARC",1,0,8,0,54,5445,AZ,PHOENIX,85004
2022,"THE TRANSLATIONAL GENOMICS RESEARCH INSTITUTE",3,0,8,0,54,5445,AZ,PHOENIX,85004
2022,"THE UNIVERSITY OF ARIZONA",5,1,7,0,61,2689,AZ,TUCSON,85719
2022,"THE UNIVERSITY OF ARIZONA",53,1,54,1,61,2689,AZ,TUCSON,85721
2022,"THE UNIVERSITY OF ARIZONA",0,0,1,0,61,2689,AZ,TUCSON,85718
2022,"THE UNIVERSITY OF ARIZONA",1,0,0,0,61,2689,AZ,TUCSON,85724
2022,"THE UNIVERSITY OF PHOENIX INC",2,0,19,0,61,3210,AZ,PHOENIX,85040
2022,"THREE DIMENSIONAL RESOURCE PLANNIN",0,0,1,0,54,1341,AZ,SCOTTSDALE,85260
2022,"THREE HIERARCHS ACADEMY, INC.",2,0,0,0,61,8141,AZ,FLORENCE,85132
2022,"TITLE21 SOFTWARE INC",1,0,0,0,51,7425,AZ,PHOENIX,85016
2022,"TODD AND ASSOCIATES ARCHITECTURE AND PLANNING INC",1,0,0,0,54,7379,AZ,PHOENIX,85018
2022,"TOHONO O ODHAM COMMUNITY COLLEGE",1,0,0,0,61,1108,AZ,SELLS,85634
2022,"TOLLESON UNION HIGH SCHOOL DISTRIC",0,0,1,0,61,0537,AZ,TOLLESON,85353
2022,"TPI COMPOSITES INC",0,0,1,0,99,8429,AZ,SCOTTSDALE,85253
2022,"TPI COMPOSITES INC",0,0,1,0,33,0775,AZ,SCOTTSDALE,85253
2022,"TRADE DATA SERVICES INC",1,0,0,0,54,8647,AZ,SCOTTSDALE,85258
2022,"TRANSACT CAMPUS INC",0,0,4,0,54,4965,AZ,PHOENIX,85027
2022,"TRISOLUTE SOFTWARE CORPORATION",0,0,1,0,51,7056,AZ,PHOENIX,85012
2022,"TRISTAR INC",0,0,1,0,54,7247,AZ,PHOENIX,85040
2022,"TROON GOLF LLC",0,0,1,0,53,2529,AZ,SCOTTSDALE,85254
2022,"TSMC ARIZONA CORPORATION",23,0,10,0,33,1596,AZ,PHOENIX,85021
2022,"TSYS ACQUIRING SOLUTIONS LLC",0,0,1,0,52,5372,AZ,TEMPE,85284
2022,"TUBA CITY UNIFIED SCHOOL DISTRICT",0,0,2,0,61,2826,AZ,"TUBA CITY",86045
2022,"TUCSON PHYSICIAN GRP HOLDINGS LLC DBA CARONDELET MED GRP",0,0,1,0,62,1438,AZ,TUCSON,85704
2022,"TUCSON UNIFIED SCHOOL DIST",0,0,1,0,61,0551,AZ,TUCSON,85719
2022,"TUCSON UNIFIED SCHOOL DISTRICT",1,0,4,0,61,0551,AZ,TUCSON,85719
2022,"UHAUL INTERNATIONAL INC",3,0,4,0,53,3060,AZ,PHOENIX,85004
2022,"UNICON INC",1,0,0,0,54,1129,AZ,GILBERT,85295
2022,"UNITED INTEGRATED SERVICES USA CORP",1,0,0,0,23,5658,AZ,PHOENIX,85027
2022,"UNIVERSAL ELECTRONICS INC",0,0,5,1,33,4817,AZ,SCOTTSDALE,85254
2022,"UOEX GROUP INC",0,1,0,0,52,9153,AZ,PHOENIX,85007
2022,"UPDIKE DISTRIBUTION LOGISTICS",1,0,1,0,49,5885,AZ,PHOENIX,85043
2022,"URSA INFO SYSTEMS INC DBA OPEN SOU",0,0,1,0,54,6987,AZ,GILBERT,85233
2022,"USN OPCO LLC",0,0,2,0,62,5194,AZ,TEMPE,85284
2022,"VAIL UNIFIED SCHOOL DISTRICT",2,0,2,0,61,7696,AZ,VAIL,85641
2022,"VALLEY VIEW PHYSICIAN PRACTICES LL",0,0,1,0,62,7573,AZ,"FORT MOHAVE",86426
2022,"VALORE PARTNERS LLC",0,0,1,0,54,9948,AZ,TEMPE,85281
2022,"VANTAGE MOBILITY INTERNATIONAL LLC",0,0,1,0,33,7797,AZ,PHOENIX,85040
2022,"VCORE TECHNOLOGY PARTNERS LLC",0,0,1,0,54,7154,AZ,SCOTTSDALE,85257
2022,"VEEVX INC",0,0,1,0,42,9870,AZ,MESA,85206
2022,"VENSOFT INC",3,0,15,0,54,2615,AZ,GLENDALE,85306
2022,"VENSURE EMPLOYER SVCS INC",0,0,1,0,55,8469,AZ,CHANDLER,85224
2022,"VERDE TECH SYSTEMS INC",6,0,0,0,54,3460,AZ,MESA,85206
2022,"VEREGY LLC",0,0,2,0,23,3155,AZ,PHOENIX,85027
2022,"VEREGY LLC",1,0,0,0,54,3155,AZ,PHOENIX,85012
2022,"VHL TECHNOLOGIES INC",1,0,0,0,56,1470,AZ,PHOENIX,85029
2022,"VHL TECHNOLOGIES INC",1,0,5,1,54,1470,AZ,PHOENIX,85029
2022,"VHS OUTPATIENT CLINICS INC DBA ABRAZO MEDICAL GROUP",0,0,1,0,62,6823,AZ,PHOENIX,85021
2022,"VIAVI SOLUTIONS INC",1,0,18,2,54,9683,AZ,SCOTTSDALE,85254
2022,"VIRTUOUSPROS INC",3,0,2,1,54,7594,AZ,PHOENIX,85051
2022,VITALANT,2,0,3,0,62,8929,AZ,SCOTTSDALE,85257
2022,VITALENT,0,0,2,0,62,8929,AZ,SCOTTSDALE,85257
2022,"VIXXO CORP",0,0,4,0,56,7233,AZ,SCOTTSDALE,85254
2022,"VM CONSOLIDATED INC D/B/A VERRA MO",0,0,3,0,54,2690,AZ,MESA,85201
2022,"VM CONSOLIDATED INC DBA VERRA MOBILITY",2,0,8,2,54,2690,AZ,MESA,85201
2022,"VM CONSOLIDATED INC DBA VERRA MOBILITY",0,0,1,0,11,2690,AZ,MESA,85201
2022,"VMC SOFT TECHNOLOGIES INC",5,0,14,1,54,2589,AZ,SCOTTSDALE,85260
2022,"VOICE MEDIA GROUP LLC",1,0,0,0,54,4058,AZ,PHOENIX,85034
2022,"VOKERTECH INC",1,0,4,0,54,6512,AZ,SCOTTSDALE,85260
2022,"VOLARAX SOLUTIONS LLC",2,0,0,0,54,2985,AZ,PHOENIX,85032
2022,"WATER WORKS ENGINEERS LLC",0,0,1,0,54,8271,AZ,SCOTTSDALE,85256
2022,"WESTERN ALLIANCE BANK",4,1,15,0,52,7231,AZ,PHOENIX,85004
2022,"WESTERN ELECTRICAL SERVICES LLC",1,0,0,0,54,6479,AZ,PHOENIX,85040
2022,"WHITERIVER UNIFIED SCHOOL DISTRICT",0,0,3,0,61,1630,AZ,WHITERIVER,85941
2022,"WILLCOX UNIFIED SCHOOL DISTRICT 13",0,0,1,0,61,7512,AZ,WILLCOX,85643
2022,"WILLMENG CONSTRUCTION INC",1,0,3,0,23,0806,AZ,PHOENIX,85008
2022,"WILLMENG CONSTRUCTION INC",2,0,5,0,23,0806,AZ,PHOENIX,85016
2022,"WILSON ENGINEERS LLC",1,0,1,0,54,2570,AZ,TEMPE,85282
2022,"WL GORE & ASSOCIATES INC",0,0,1,0,54,3365,AZ,FLAGSTAFF,86004
2022,"WOOD PATEL & ASSOCIATES INC",0,0,1,0,54,0091,AZ,PHOENIX,85021
2022,"XPRESS TECHNOLOGIES INC",2,0,4,0,48,2984,AZ,SCOTTSDALE,85257
2022,"YAGNA SOFT LLC",0,0,1,0,51,3255,AZ,PHOENIX,85044
2022,"YAGNA SOFT LLC",0,0,1,0,51,3255,AZ,PHOENIX,85381
2022,"YAVAPAI REGIONAL MEDICAL CENTER",0,0,1,0,62,8923,AZ,PHOENIX,85013
2022,"YAWPOWER PRODUCTS LLC",0,0,1,0,81,1812,AZ,MESA,85212
2022,"YUMA REGIONAL MEDICAL CENTER AN ARIZONA NON PROFIT CORPORATION",2,0,6,0,62,7596,AZ,YUMA,85364
2022,"ZEBRA PROJECTS INC",1,0,0,0,54,0988,AZ,SCOTTSDALE,85254
2022,"ZELUS USA LLC",1,0,0,0,54,1925,AZ,PHOENIX,85034
2022,"ZENERNET LLC",0,0,1,0,23,6447,AZ,PHOENIX,85042
2022,"ZOFTEC LLC",0,0,1,0,51,2370,AZ,PHOENIX,85027
2022,"ZOFTEC LLC D/B/A VERAS RETAIL",0,0,2,0,51,2370,AZ,PHOENIX,85027
2022,"ZONGE INTERNATIONAL INC",1,0,1,0,54,4288,AZ,TUCSON,85716
2022,"ZYREONECONSULTING LLC",0,0,1,0,54,0172,AZ,PHOENIX,85004
