"Fiscal Year",Employer,"Initial Approval","Initial Denial","Continuing Approval","Continuing Denial",NAICS,"Tax ID",State,City,ZIP
2022,"20 20 FINANCIAL CONSULTING INC DBA 20 20 TAX RESOLUTION INC",1,0,0,0,52,9593,CO,BROOMFIELD,80021
2022,"3 ROCKS ENGINEERING LLC",1,0,0,0,54,0575,CO,"CANON CITY",81212
2022,"6E TECHNOLOGIES LLC",2,0,1,0,54,8072,CO,DENVER,80224
2022,"A AND A QUALITY APPLIANCE INC D/B/A APPLIANCE FACTORY MATRESS KINGDON",0,0,1,0,44,5712,CO,DENVER,80260
2022,"AA TECH GROUP LLC",11,0,6,0,54,4584,CO,PARKER,80134
2022,"AAS SERVICES LLC DBA AMERICAN AUTO",0,0,1,0,52,5053,CO,LAKEWOOD,80401
2022,"ACCESS DATA CONSULTING CORPORATION",1,0,2,0,54,1756,CO,"GREENWOOD VILLAGE",80111
2022,"ACCESS DATA CONSULTING CORPORATION",0,0,1,0,54,1756,CO,ENGLEWOOD,80111
2022,"ADAM JAMES LLC D B A CARTER MACKEN",0,0,1,0,56,8478,CO,ENGLEWOOD,80111
2022,"ADAM JAMES LLC D B A CARTER MACKENZIE INTERNATIONAL",0,0,1,0,56,8478,CO,ENGLEWOOD,80111
2022,"ADAM JAMES LLC D B A CARTER MACKENZIE INTERNATIONAL",1,0,0,0,56,8478,CO,"GREENWOOD VILLAGE",80111
2022,"ADAMS STATE UNIVERSITY",1,0,1,0,61,0542,CO,ALAMOSA,81101
2022,"ADCELLERANT LLC",0,0,1,0,99,1549,CO,DENVER,80216
2022,"ADOLFSON PETERSON INC",1,0,0,0,23,1300,CO,AURORA,80011
2022,"ADSWERVE INC",0,0,1,0,54,7966,CO,DENVER,80202
2022,"ADVANCED ENERGY INDUSTRIES INC",5,0,9,0,33,6841,CO,DENVER,80202
2022,"ADVANCED ENERGY INDUSTRIES INC",0,0,9,0,33,6841,CO,"FORT COLLINS",80525
2022,"ADVISORS ASSET MANAGEMENT INC",0,0,1,0,52,2180,CO,MONUMENT,80132
2022,"AFFECT MARKETING LLC",1,0,0,0,54,5695,CO,DENVER,80202
2022,"AGENTSYNC INC",0,0,1,0,51,5267,CO,DENVER,80205
2022,"AGILE RF SYSTEMS LLC",1,0,0,0,99,7046,CO,BERTHOUD,80513
2022,"AGILE SPACE INDUSTRIES INC",1,0,0,0,33,2062,CO,DURANGO,81301
2022,"AGILEASSETS INC",0,0,1,0,54,5168,CO,BROOMFIELD,80021
2022,"AGILEASSETS INC",0,0,1,0,33,5168,CO,BROOMFIELD,80021
2022,"AGILEASSETS INC",0,0,1,0,33,5168,CO,WESTMINSTER,80021
2022,"AGILEASSETS INC",0,0,1,0,51,5168,CO,WESTMINSTER,80021
2022,"AGILEASSETS INC",0,0,1,0,51,5168,CO,BROOMFIELD,80021
2022,"AGILIAD LLC",9,0,4,0,54,0264,CO,BOULDER,80303
2022,"AIR METHODS CORP",0,0,1,0,62,5893,CO,ENGLEWOOD,80111
2022,"ALASKA IPS MEDICAL SERVICES DBA EN",0,1,0,0,62,8222,CO,"GREENWOOD VILLAGE",80111
2022,"ALCOHOL MONITORING SYSTEMS INC DBA",0,0,2,0,33,7963,CO,LITTLETON,80120
2022,"ALEKSIA THERAPEUTICS INC",1,0,0,0,54,7085,CO,LITTLETON,80127
2022,"ALLIANCE FOR SUSTAINABLE ENERGY LL",42,0,35,1,54,9342,CO,GOLDEN,80401
2022,"ALLIANCE FOR SUSTAINABLE ENERGY LLC",58,0,49,2,54,9342,CO,GOLDEN,80401
2022,"ALLIANCE FOR SUSTAINABLE ENERGY LLC",0,0,2,0,54,9342,CO,LAKEWOOD,80401
2022,"ALTIA ACQUISITION CORP D/B/A ALTIA",0,0,1,0,81,2375,CO,"COLORADO SPRINGS",80903
2022,"ALTIA ACQUISITION CORPORATION D/B/A ALTIA INC",0,0,1,0,81,2375,CO,"COLORADO SPRINGS",80903
2022,"ALTIA ACQUISITION CORPORATION D/B/A ALTIA INC",1,0,0,0,51,2375,CO,"COLORADO SPRINGS",80903
2022,"AMERICAN FINANCING CORPORATION",2,0,1,0,52,4306,CO,AURORA,80014
2022,"AMERICAN LIGHTING INC",0,0,1,0,33,9660,CO,DENVER,80239
2022,"ANALYTICAL BLOCKCHAIN LLC",0,1,0,0,54,2614,CO,"COLORADO SPGS",80921
2022,"ANALYTICAL BLOCKCHAIN, LLC",0,1,0,0,54,7923,CO,"COLORADO SPRINGS",80921
2022,"ANGI INC",1,0,30,0,54,4801,CO,DENVER,80205
2022,"APEX INTEGRATED SYSTEMS LLC",1,0,0,0,56,1861,CO,"LONE TREE",80124
2022,"APEX PE LLC",0,0,1,0,54,5611,CO,ENGLEWOOD,80112
2022,"APPIC SOLUTIONS LLC",1,0,0,0,54,8417,CO,"GREENWOOD VILLAGE",80111
2022,"APPS CONSULTANTS INC",1,0,1,0,54,8287,CO,CENTENNIAL,80112
2022,"APTTUS CORPORATION",2,0,9,0,54,2615,CO,BROOMFIELD,80020
2022,"AQRONOS, INC.",1,0,0,0,54,3654,CO,BROOMFIELD,80020
2022,"ARACO CONSTRUCTION SERVICES LLC",2,0,0,0,54,2673,CO,"COLORADO SPRINGS",80910
2022,"ARCADIS U S INC",0,0,2,0,54,3224,CO,"HGHLNDS RANCH",80129
2022,"ARCADIS U S INC",17,0,26,1,54,3224,CO,"HIGHLANDS RANCH",80129
2022,"ARCADIS U S INC",10,0,27,1,54,3224,CO,LITTLETON,80129
2022,"ARDENT MILLS LLC",1,0,1,0,31,7111,CO,DENVER,80202
2022,"ARKSTEK INC",1,0,10,0,54,6590,CO,AURORA,80014
2022,"ARROW ELECTRONICS INC",0,0,1,0,42,6155,CO,CENTENIAL,80112
2022,"ARROW ELECTRONICS INC",3,0,37,0,42,6155,CO,CENTENNIAL,80112
2022,"ARROW ELECTRONICS INC",0,0,30,0,42,6155,CO,ENGLEWOOD,80112
2022,"ARROW ENTERPRISE COMPUTING SOLUTIONS INC",0,0,2,0,42,0574,CO,ENGLEWOOD,80112
2022,"ARROW ENTERPRISE COMPUTING SOLUTIONS INC",0,0,4,0,42,0574,CO,CENTENNIAL,80112
2022,"ARTISAN DEVELOPMENT LABS INC",0,0,1,0,54,1096,CO,LOUISVILLE,80027
2022,"ASCEND ANALYTICS LLC",1,0,1,0,54,4057,CO,BOULDER,80302
2022,"ASEC INC",0,0,2,0,54,1610,CO,DENVER,80228
2022,"ASEC INC",0,0,2,0,54,1610,CO,LAKEWOOD,80228
2022,"ASPEN SCHOOL DISTRICT RE 1",2,0,0,0,61,2890,CO,ASPEN,81611
2022,"ASPIREIQ INC",0,0,1,0,54,9289,CO,DENVER,80202
2022,"ASSETLINK GLOBAL LLC",1,0,0,0,54,9958,CO,EVERGREEN,80439
2022,"ASSIGNAR INC",0,0,1,0,51,7459,CO,DENVER,80202
2022,"ASSOC OF CHRISTIAN SCHOOLS INTL",1,0,0,0,61,2567,CO,"COLORADO SPRINGS",80920
2022,"ASSOCIATION OF UNIVERSITIES FOR RESEARCH IN ASTRONOMY AURA",0,0,1,0,54,8043,CO,BOULDER,80303
2022,"ATLAS CPAS ADVISORS PLLC",0,0,1,0,54,6959,CO,"COLORADO SPRINGS",80903
2022,"AUREUS TECH SYSTEMS LLC",0,1,1,0,54,3918,CO,ENGLEWOOD,80112
2022,"AURORA COMPREHENSIVE COMMUNITY MEN",0,0,1,0,62,3346,CO,AURORA,80011
2022,"AURORA ORGANIC FARMS INC",1,0,4,0,11,4537,CO,BOULDER,80302
2022,"AUTOMOX INC",0,0,3,0,51,5439,CO,BOULDER,80302
2022,"AUTOMOX INC",0,0,1,0,51,5439,CO,BOULDER,80301
2022,"AVO MULTI AMP CORP DBA MEGGER",0,0,1,0,33,5916,CO,"FORT COLLINS",80525
2022,"AVO MULTI AMP CORPORATION DBA MEGGER",0,0,1,0,33,5916,CO,"FORT COLLINS",80525
2022,"B F BORGERS CPA PC",0,0,1,0,54,5201,CO,DENVER,80226
2022,"BAKER TECHNOLOGIES INC",0,0,1,0,54,9055,CO,DENVER,80205
2022,"BARON INVESTMENTS LLC DBA BARON EDUCATION",0,0,1,0,61,1057,CO,GOLDEN,80401
2022,"BETSOL LLC",0,0,2,0,54,7547,CO,BROOMFIELD,80021
2022,"BFE ACQUISITION SUB II LLC DBA BLA",0,0,4,0,54,7494,CO,"COLORADO SPRINGS",80924
2022,"BILLGO INC",2,0,7,0,81,4648,CO,"FORT COLLINS",80528
2022,"BILLINGPLATFORM CORP",1,0,1,0,51,2237,CO,ENGLEWOOD,80112
2022,"BILLINGPLATFORM CORP",1,0,1,0,51,2237,CO,CENTENNIAL,80112
2022,"BIOINTELLISENSE INC",0,0,2,0,54,1724,CO,GOLDEN,80401
2022,"BIOMET 3I LLC",0,0,1,0,33,6882,CO,BROOMFIELD,80021
2022,"BIOMET 3I LLC",0,0,1,0,33,6882,CO,WESTMINSTER,80021
2022,"BISON MANAGEMENT SERVICES",0,0,1,0,21,7440,CO,DENVER,80202
2022,"BLUE MARGIN INC",0,0,1,0,51,0982,CO,"FORT COLLINS",80524
2022,"BNP ASSOCIATES INC",1,0,1,0,54,1669,CO,DENVER,80202
2022,"BOEING DIGITAL SOLUTIONS INC D/B/A",0,0,3,0,33,2974,CO,ENGLEWOOD,80112
2022,"BOEING DIGITAL SOLUTIONS INC D/B/A",0,0,2,0,33,2974,CO,PARKER,80134
2022,"BOLDTEK LLC",1,0,0,0,54,6487,CO,"FORT COLLINS",80528
2022,"BOULDER INNOVATION GROUP INC",0,0,1,0,33,1853,CO,LOUISVILLE,80027
2022,"BOULDER VALLEY ANESTHESIOLOGY PROF",0,0,1,0,62,9999,CO,BOULDER,80303
2022,"BRAND 44 LLC D/B/A B4ADVENTURE",0,0,1,0,33,2120,CO,DENVER,80216
2022,"BREK ELECTRONICS CORPORATION",1,0,0,0,54,9593,CO,BROOMFIELD,80020
2022,"BRIERLEY ASSOCIATES CORPORATION",0,0,1,0,54,8969,CO,DENVER,80209
2022,"BRINKMAN CONSTRUCTION INC",0,0,2,0,23,1470,CO,"FORT COLLINS",80528
2022,"BUFFALO VENTURES LLC",1,0,0,0,44,2165,CO,LONGMONT,80503
2022,"C1ST TECHNOLOGIES LLC",0,0,1,0,54,9172,CO,DENVER,80202
2022,"CABLE TELEVISION LABORATORIES INC",2,0,1,0,54,2897,CO,LOUISVILLE,80027
2022,"CACTUS LAND COMPANY LLC",0,0,1,0,53,5109,CO,DENVER,80202
2022,"CAMPAIGN COMPLETE LLC",3,0,1,0,54,7489,CO,DENVER,80211
2022,"CAMPAIGN COMPLETE LLC D/B/A ONEREACH",0,0,1,0,54,7489,CO,DENVER,80211
2022,"CAMPOS EPC",2,0,0,0,54,2187,CO,DENVER,80202
2022,"CANIDIUM LLC",3,0,0,0,54,7289,CO,"FORT COLLINS",80524
2022,"CARA VETERINARY PRACTICE WA PLLC",0,0,1,0,54,4219,CO,DENVER,80206
2022,"CARDINAL PEAK LLC",1,0,0,0,54,3189,CO,LAFAYETTE,80026
2022,"CAREPOINT P C",2,0,1,0,62,4211,CO,"GREENWOOD VILLAGE",80111
2022,"CARMICHAEL TRAINING SYSTEMS INC",1,0,0,0,71,6444,CO,"COLORADO SPRINGS",80904
2022,"CATALYZE LLC",0,0,1,0,22,4423,CO,BOULDER,80301
2022,"CATHOLIC HEALTH INITIATIVES",1,0,6,0,62,7373,CO,ENGLEWOOD,80112
2022,"CATHOLIC HEALTH INITIATIVES COLORADO D/B/A PENROSE HOSPITAL",0,0,1,0,62,5257,CO,ENGLEWOOD,80112
2022,"CELERO PARTNERS CORPORATION DBA ON TIME EDGE",0,0,1,0,54,0468,CO,LAFAYETTE,80026
2022,"CENTRA INC",2,0,1,0,54,6330,CO,TIMNATH,80547
2022,"CENTURA HEALTH CORPORATION",0,0,2,0,62,5382,CO,ENGLEWOOD,80112
2022,"CENTURA HEALTH CORPORATION",1,0,1,0,62,5382,CO,CENTENNIAL,80112
2022,"CENTURA STAFFING LLC",0,0,1,0,56,5175,CO,ENGLEWOOD,80112
2022,"CENTURA STAFFING LLC",0,0,1,0,56,5175,CO,CENTENNIAL,80112
2022,"CENTURYLINK COMMUNICATIONS LLC",0,0,2,0,51,1739,CO,DENVER,80202
2022,"CERES GREENHOUSE SOLUTIONS LLC",2,0,0,0,32,2124,CO,BOULDER,80301
2022,"CHARTER FUND INC",1,0,0,0,52,0063,CO,BROOMFIELD,80021
2022,"CHILDREN S HOSPITAL COLORADO",2,0,2,0,62,6760,CO,AURORA,80045
2022,"CHILDREN S KIVA MONTESSORI CHARTER SCHOOL DBA KIVA MONTESSORI SCHOOL",1,0,0,0,61,6393,CO,CORTEZ,81321
2022,"CHUNGSOO HA INSURANCE AND FINANCIAL SERVICES INC",0,0,2,0,52,8133,CO,AURORA,80014
2022,"CIPHER SKIN INC",1,1,0,0,54,1850,CO,DENVER,80202
2022,"CIRCUIT MEDIA LLC",2,0,0,0,54,8230,CO,DENVER,80204
2022,"CIRCULATION INC",0,0,1,0,51,0747,CO,DENVER,80237
2022,"CIVITAS INC",1,0,0,0,54,9567,CO,DENVER,80204
2022,"CIVITAS RESOURCES INC F/K/A BONANZA CREEK ENERGY INC F/K/A HIGHPOINT RESOURCES CORP",0,0,1,0,21,0631,CO,DENVER,80202
2022,"CL CORPORATION",1,0,0,0,33,2458,CO,AURORA,80011
2022,"CLEAR CORP ENTERPRISES INC",1,0,0,0,33,2483,CO,LONGMONT,80503
2022,"CLEERLY INC",0,0,1,0,54,4993,CO,DENVER,80202
2022,"CLICKFOX INC",0,0,1,0,54,2585,CO,"GREENWOOD VILLAGE",80111
2022,"CLOUD CAMPAIGN INC",0,0,1,0,51,1772,CO,BOULDER,80302
2022,"CLOUD COACH INC",1,0,0,0,54,4359,CO,"FORT COLLINS",80524
2022,"CLOUD CONSULTING SERVICES INC",0,0,1,0,54,9947,CO,ENGLEWOOD,80112
2022,"CLOVIS ONCOLOGY INC",0,0,1,0,62,5355,CO,BOULDER,80301
2022,"CO SCH OF MINES",1,0,0,0,61,0551,CO,GOLDEN,80401
2022,"COALFIRE SYSTEMS INC",1,0,1,0,54,0418,CO,BROOMFIELD,80021
2022,"COALFIRE SYSTEMS INC",1,0,4,0,54,0418,CO,WESTMINSTER,80021
2022,"COALFIRE SYSTEMS INC",0,0,1,0,45,0418,CO,BROOMFIELD,80021
2022,"COCHLEAR AMERICAS",0,0,1,0,54,5658,CO,"LONE TREE",80124
2022,"CODEFIED INC D/B/A HOUSECALL PRO",1,0,1,0,51,7962,CO,DENVER,80216
2022,"CODEFIED INC D/B/A HOUSECALL PRO",3,0,5,0,54,7962,CO,DENVER,80216
2022,"CODEFIED INC DBA HOUSECALL PRO",1,0,1,0,51,7962,CO,DENVER,80216
2022,"CODEFIED INC DBA HOUSECALL PRO",1,0,2,0,54,7962,CO,DENVER,80216
2022,"COGNITION LLC",3,0,0,0,54,3064,CO,DENVER,80237
2022,"COGNIZANT TRIZETTO SOFTWARE GROUP",1,0,19,0,51,1159,CO,ENGLEWOOD,80112
2022,"COGNIZANT TRIZETTO SOFTWARE GROUP",0,0,2,0,54,1159,CO,ENGLEWOOD,80112
2022,"COGNIZANT TRIZETTO SOFTWARE GRP IN",0,0,1,0,51,1159,CO,ENGLEWOOD,80112
2022,"COLAS ISS INC",0,0,6,0,23,7812,CO,DENVER,80237
2022,"COLORADO CHIN BAPTIST CHURCH LTD",0,0,1,0,81,0361,CO,DENVER,80207
2022,"COLORADO CHRISTIAN UNIVERSITY",0,0,1,0,61,2429,CO,DENVER,80226
2022,"COLORADO COLLEGE",3,0,4,0,61,2510,CO,"COLORADO SPRINGS",80903
2022,"COLORADO CREDIT UNION",0,0,1,0,52,0269,CO,LITTLETON,80127
2022,"COLORADO HEALTH BENEFIT EXCHANGE",1,0,0,0,52,3823,CO,DENVER,80237
2022,"COLORADO MESA UNIV",1,0,0,0,61,1656,CO,"GRAND JUNCTION",81501
2022,"COLORADO MESA UNIVERSITY",2,0,0,0,61,1656,CO,"GRAND JUNCTION",81501
2022,"COLORADO MOUNTAIN JUNIOR COLLEGE DISTRICT D/B/A COLORADO MOUNTAIN COLLEGE",1,0,1,0,61,7768,CO,"GLENWOOD SPRINGS",81601
2022,"COLORADO RAMPAGE",0,0,1,0,61,0971,CO,MONUMENT,80132
2022,"COLORADO ROCKIES BASEBALL CLUB LTD",0,0,1,0,71,2452,CO,DENVER,80205
2022,"COLORADO SCHOOL OF MINES",12,0,8,0,61,0551,CO,GOLDEN,80401
2022,"COLORADO STATE UNIV PUEBLO",2,0,0,0,61,7947,CO,PUEBLO,81001
2022,"COLORADO STATE UNIVERSITY",36,0,20,5,61,0545,CO,"FORT COLLINS",80523
2022,"COLORADO STONE QUARRIES INC",1,0,0,0,21,6971,CO,DELTA,81416
2022,"COLORADO WEST HEALTHCARE SYSTEM DB",2,0,2,0,62,9270,CO,"GRAND JUNCTION",81505
2022,"COMMUNITY COLLEGE AURORA",0,0,1,0,61,1881,CO,AURORA,80011
2022,"COMMUNITY DENTAL CLINIC INC D B A",1,0,0,0,62,1200,CO,MONTROSE,81401
2022,"COMMUNITY HOSPITAL ASSOCIATION DBA",0,0,1,0,62,5870,CO,BOULDER,80301
2022,"COMPASSION INTERNATIONAL",0,0,1,0,81,3707,CO,"COLORADO SPRINGS",80921
2022,"CONGRUEX GRP LLC",0,0,1,0,54,5924,CO,BOULDER,80302
2022,"CONNEXALL USA INC",0,0,1,0,51,7657,CO,BOULDER,80304
2022,"CONSOLIDATED INVESTMENT GROUP",1,0,0,0,52,5540,CO,ENGLEWOOD,80112
2022,"CONTINENTAL EXCHANGE SOLUTIONS INC",0,0,1,0,52,9900,CO,DENVER,80202
2022,"COPIC TRUST & SUBSIDIARIES",1,0,0,0,52,0618,CO,DENVER,80230
2022,"CORE CONSTRUCTION & DEVELOPMENT INC",1,0,0,0,23,5563,CO,"COLORADO SPRINGS",80920
2022,"CORE GEOLOGIC LLC",1,0,0,0,21,2469,CO,DENVER,80202
2022,"CORNERSTONE INSURANCE FINANCIAL GROUP LLC",1,0,0,0,52,5479,CO,GYPSUM,81637
2022,"COUNTIES OF ADAMS & WELD SCHOOL DISTRICT 27J",2,0,0,0,61,2304,CO,BRIGHTON,80601
2022,"COUNTY OF ADAMS & ARAPAHOE SCHOOL DIST 32J DBA BYERS SCHOOL DIST 32J",1,0,0,0,61,2496,CO,BYERS,80103
2022,"CPI CARD GROUP INC",1,0,0,0,52,4657,CO,LITTLETON,80127
2022,"CROCS INC",1,0,4,1,45,4234,CO,BROOMFIELD,80020
2022,"CROCS INC",0,0,1,0,31,4234,CO,BROOMFIELD,80020
2022,"CROWNPEAK TECHNOLOGY INC",0,0,2,0,51,9997,CO,DENVER,80202
2022,"CRUSOE ENERGY SYSTEMS INC",0,0,1,0,54,1319,CO,DENVER,80202
2022,"CSG FORTE PAYMENTS INC",0,0,1,0,52,3620,CO,ENGLEWOOD,80111
2022,"CSG FORTE PAYMENTS INC",0,0,4,0,52,3620,CO,"GREENWOOD VILLAGE",80111
2022,"CSG FORTE PAYMENTS INC",0,0,1,0,52,,CO,"GREENWOOD VILLAGE",80111
2022,"CSG FORTE PAYMENTS INC D/B/A CSG F",0,0,2,0,52,3620,CO,"GREENWOOD VILLAGE",80111
2022,"CSG SYSTEMS INC D/B/A CSG",0,0,1,0,54,2478,CO,"GLENWOOD VILLAGE",80111
2022,"CSG SYSTEMS INC D/B/A CSG",1,0,17,1,54,2478,CO,ENGLEWOOD,80111
2022,"CSG SYSTEMS INC D/B/A CSG",1,0,38,0,54,2478,CO,"GREENWOOD VILLAGE",80111
2022,"CSG SYSTEMS INC D/B/A CSG",0,0,1,0,54,2478,CO,"GREEWOOD VILLAGE",80111
2022,"CSG SYSTEMS INC D/B/A CSG",0,0,1,0,54,2478,CO,ENGLEWOOD,80111
2022,"CYBER SAINIK LLC",0,0,1,0,54,7387,CO,ENGLEWOOD,80111
2022,"CYBERGRX INC",0,0,1,0,51,2232,CO,DENVER,80202
2022,"DATA DUCTUS INC",2,0,0,0,54,9542,CO,LONGMONT,80501
2022,"DATA SUPPORT LLC",0,0,2,0,51,2319,CO,ENGLEWOOD,80112
2022,"DATAMANUSA LLC",0,0,1,0,54,2228,CO,CENTENNIAL,80112
2022,"DATAVAIL CORPORATION",4,0,13,0,54,7126,CO,BROOMFIELD,80021
2022,"DAVINCI EP LLC",0,0,1,0,23,0219,CO,DENVER,80202
2022,"DAVITA INC",1,0,1,0,62,4549,CO,DENVER,80202
2022,"DCP SERVICES LLC",0,0,1,0,48,0571,CO,DENVER,80202
2022,"DCP SERVICES LLC",1,0,0,0,48,1166,CO,DENVER,80237
2022,"DCP SERVICES LLC",0,0,1,0,48,0571,CO,DENVER,80237
2022,"DCP SERVICES LLC",0,0,1,0,32,0571,CO,DENVER,80237
2022,"DENVER ENERGY GROUP LLC",0,0,3,0,54,2120,CO,DENVER,80202
2022,"DENVER ENERGY GROUP LLC",0,0,2,0,52,2120,CO,DENVER,80202
2022,"DENVER PUBLIC SCHOOLS DISTRICT 1",39,0,54,1,61,1099,CO,DENVER,80203
2022,"DENVER SEMINARY",0,0,1,0,61,1879,CO,LITTLETON,80120
2022,"DENVER TRANSIT OPERATORS LLC",0,0,1,0,48,1123,CO,DENVER,80216
2022,"DESIGN WORKSHOP INC",9,0,1,0,54,9969,CO,ASPEN,81611
2022,"DEVEREUX CLEO WALLACE",1,0,0,0,62,6820,CO,BROOMFIELD,80021
2022,"DHARMACON INC",0,0,1,0,54,9796,CO,LAFAYETTE,80026
2022,"DIG STUDIO INC",0,0,2,0,54,8297,CO,DENVER,80202
2022,"DIGICOMM INTERNATIONAL, INC.",1,0,0,0,42,0671,CO,ENGLEWOOD,80112
2022,"DIGNITY HEALTH",0,0,5,0,62,6203,CO,ENGLEWOOD,80112
2022,"DISH NETWORK L L C",0,0,1,0,54,4039,CO,ENGLEWOOD,80112
2022,"DISH NETWORK L L C",26,0,156,0,51,4039,CO,ENGLEWOOD,80112
2022,"DISH WIRELESS L L C",17,0,70,0,51,6388,CO,ENGLEWOOD,80112
2022,"DISH WIRELESS L L C",0,0,8,0,99,6388,CO,ENGLEWOOD,80112
2022,"DISPATCHHEALTH MGMT LLC",0,0,1,0,54,1074,CO,DENVER,80205
2022,"DISTILL LLC",0,0,1,0,51,9202,CO,BOULDER,80301
2022,"DJJCPA LLC",0,0,0,1,54,4334,CO,DENVER,80264
2022,"DNPR SERVICES LLC",0,0,1,0,54,8868,CO,BOULDER,80301
2022,"DOCTORS EXCHANGE OF COLORADO P C",0,0,1,0,62,7248,CO,LAKEWOOD,80215
2022,"DOMINION VOTING SYSTEMS INC",2,0,1,0,54,5149,CO,BROOMFIELD,80038
2022,"DOMINION VOTING SYSTEMS, INC.",2,0,0,0,54,5149,CO,BROOMFIELD,80038
2022,"DONYATI LLC",0,0,1,1,54,9151,CO,GOLDEN,80401
2022,"DOUGLASS COLONY GROUP INC",0,0,1,0,21,3471,CO,"COMMERCE CITY",80022
2022,"DVHP INC",0,0,0,1,54,8191,CO,DENVER,80202
2022,"E SOURCE COMPANIES LLC",2,0,0,0,54,2870,CO,BOULDER,80301
2022,"E2 CONSULTING ENGINEERS INC",10,0,13,0,54,1417,CO,DENVER,80203
2022,"EAGLE COUNTY SCHOOL DISTRICT RE 50 J",2,0,0,0,61,2253,CO,EAGLE,81631
2022,"EAST DALEY CAPITAL ADVISORS INC",1,0,0,0,54,2634,CO,"GREENWOOD VILLAGE",80111
2022,"EAST PHILLIPS COUNTY HOSPITAL DIST",1,0,0,0,62,4138,CO,HOLYOKE,80734
2022,"EAST WEST RESORTS EMPLOYEE COM",0,1,0,0,72,2537,CO,AVON,81620
2022,"EATING RECOVERY CENTER LLC DBA PATHLIGHT BEHAVIORAL HEALTH",4,1,0,0,62,5128,CO,DENVER,80230
2022,"ECHOSTAR OPERATING LLC",0,0,2,0,33,8919,CO,ENGLEWOOD,80112
2022,"EDM INTERNATIONAL INC",0,0,1,0,54,7538,CO,"FORT COLLINS",80525
2022,"EDS I HOMANSKY PRACTICES OF NV DBA",0,0,1,0,62,4217,CO,ENGLEWOOD,80111
2022,"EFFULGENT INC",1,0,0,0,54,9448,CO,LITTLETON,80130
2022,"EINFOCHIPS INC",7,0,4,0,54,1257,CO,CENTENNIAL,80112
2022,"EINFOCHIPS INC",1,0,3,0,54,1257,CO,ENGLEWOOD,80112
2022,"EL CONSULTORIO PLLC",1,0,0,0,62,6130,CO,AURORA,80014
2022,"ELITE DENTAL GROUP LAKEWOOD INC",0,0,1,0,62,6986,CO,LAKEWOOD,80232
2022,"EMERGY INC",1,0,0,0,31,2160,CO,BOULDER,80301
2022,"EMPOWER RETIREMENT LLC",2,0,12,0,52,3483,CO,ENGLEWOOD,80111
2022,"EMPOWER RETIREMENT LLC",0,0,11,0,52,3483,CO,"GREENWOOD VILLAGE",80111
2022,"EMPOWERED MARGINS INC",1,0,0,0,54,7357,CO,"COLORADO SPRINGS",80904
2022,"ENAVATE INC",1,0,0,0,54,6105,CO,ENGLEWOOD,80111
2022,"ENAYAT SCHNEIDER SMITH ENGINEERING",0,0,1,0,54,5663,CO,DENVER,80205
2022,"ENERGETICS CONSULTING ENGINEERS LLC",1,0,0,0,54,7170,CO,PARKER,80138
2022,"ENGINEERING OPERATIONS LLC",2,0,0,0,54,1781,CO,LITTLETON,80120
2022,"ENLITIC INC",1,0,0,0,54,1353,CO,"FORT COLLINS",80528
2022,"ENSEMBLE MUSIC SCHOOLS LLC",1,0,0,0,61,2924,CO,LOUISVILLE,80027
2022,"ENTERGRID LLC",0,0,1,0,33,4396,CO,LAFAYETTE,80026
2022,"ENVEDA THERAPEUTICS INC DBA ENVEDA BIOSCIENCES",2,0,1,0,54,1687,CO,BOULDER,80301
2022,"ENVISION PHYSICIAN SERVICES",1,0,0,0,62,4963,CO,ENGLEWOOD,80111
2022,"EPIROC USA LLC",0,0,1,0,33,4981,CO,BROOMFIELD,80021
2022,"EPTAM WEST LLC D B A EPTAM PRECISION METALS",0,0,1,0,33,1550,CO,"COLORADO SPRINGS",80915
2022,"ERP NEW LEVEL TECHNOLOGIES",1,0,0,0,51,7871,CO,ENGLEWOOD,80112
2022,"ESCO CONSTRUCTION COMPANY",0,0,1,0,23,0732,CO,EVERGREEN,80439
2022,"EUROFINS BOTANICAL TESTING US INC",1,0,0,0,54,5480,CO,BOULDER,80301
2022,"EVERCOMMERCE SOLUTIONS INC",0,0,2,0,54,4146,CO,DENVER,80205
2022,"EVERCOMMERCE SOLUTIONS INC",1,0,0,0,51,4146,CO,DENVER,80205
2022,"EVERSANA LIFE SCIENCE SERVICES LLC",0,0,1,0,54,1626,CO,WESTMINSTER,80234
2022,"EVERSIDE HEALTH LLC",0,0,5,0,62,9075,CO,DENVER,80202
2022,"EVOLVE VACATION RENTAL",0,0,1,0,72,5991,CO,DENVER,80202
2022,"EXER LABS INC",2,0,0,0,51,5493,CO,DENVER,80204
2022,"EXPLORATORY SCIENCES INC",1,0,0,0,54,9878,CO,DENVER,80223
2022,"EXUM INSTRUMENTS INC",1,0,0,0,54,9978,CO,DENVER,80214
2022,"FACTION INC",0,0,1,0,54,7645,CO,DENVER,80264
2022,"FAST ENTERPRISES LLC",6,1,5,0,54,8609,CO,CENTENNIAL,80112
2022,"FAST ENTERPRISES LLC",4,0,4,0,54,8609,CO,ENGLEWOOD,80112
2022,"FATHOM RADIANT PBC",1,0,0,0,54,4829,CO,BOULDER,80301
2022,"FELSBURG HOLT & ULLEVIG INC",0,0,1,0,54,5977,CO,ENGLEWOOD,80111
2022,"FENTRESS ARCHITECTS",0,0,1,0,54,5667,CO,DENVER,80203
2022,"FHE USA LLC",1,0,0,0,33,5384,CO,FRUITA,81521
2022,"FIGURE8 CLOUD SOLUTIONS LLC D/B/A ALLCLOUD",0,0,2,0,54,7712,CO,DENVER,80202
2022,"FILSINGER ENERGY PARTNERS INC",0,0,1,0,54,7004,CO,DENVER,80206
2022,"FINNA GROUP INC DBA FINNA SENSORS & SCS FOREST PRODUCTS INC",0,0,1,0,33,7493,CO,ENGLEWOOD,80111
2022,"FINSTRO US INC",0,0,1,0,52,1546,CO,DENVER,80226
2022,"FIRST MERIDIAN SERVICES INC DBA SKYPORT HOSPITALITY",1,0,0,0,48,5102,CO,ENGLEWOOD,80111
2022,"FISHCHOICE INC",0,0,1,0,81,0374,CO,"FORT COLLINS",80524
2022,"FLATIRON CONSTRUCTION CORP",3,0,7,1,23,7491,CO,BROOMFIELD,80021
2022,"FOLIUM BIOSCIENCES",0,0,1,0,32,5648,CO,"COLORADO SPRINGS",80915
2022,"FOOD VENTURES N AM INC DBA WILD",1,0,0,0,31,2280,CO,GREELEY,80634
2022,"FOREST STREET LTC LLLP",0,0,1,0,62,3574,CO,DENVER,80033
2022,"FORGEN LLC",2,0,0,0,23,7615,CO,CENTENNIAL,80111
2022,"FORT LEWIS COLLEGE",1,0,2,0,61,0556,CO,DURANGO,81301
2022,"FORTE INFORMATION RESOURCES LLC",0,0,1,0,51,9818,CO,DENVER,80222
2022,"FORTNIGHT COLLECTIVE",0,0,1,0,54,9858,CO,BOULDER,80302
2022,"FREQUENCY NETWORKS INC",0,0,1,0,54,7102,CO,DENVER,80223
2022,"FRONTIER AIRLINES",2,0,4,0,48,6945,CO,DENVER,80239
2022,"FULLCONTACT INC",0,0,1,0,54,0839,CO,DENVER,80202
2022,"FUND FOR A HEALTHIER COLORADO DBA HEALTHIER COLORADO",1,0,0,0,81,1801,CO,DENVER,80205
2022,"FUNDING CIRCLE USA INC",1,0,6,0,52,1624,CO,DENVER,80202
2022,"GATES CORPORATION",0,0,6,0,33,7401,CO,DENVER,80202
2022,"GEN II FUND SERVICES COLORADO LLC",0,0,1,0,54,2369,CO,DENVER,80237
2022,"GEORGIA IPS MEDICAL SERVICES P C D",0,0,0,1,62,6611,CO,ENGLEWOOD,80111
2022,"GLOBAL HEALTHCARE EXCHANGE INC",1,0,2,0,42,2378,CO,LOUISVILLE,80027
2022,"GLOBAL VILLAGE ACADEMY  NORTHGLENN",0,0,1,0,61,1562,CO,NORTHGLENN,80234
2022,"GLOBAL VILLAGE ACADEMY AURORA",4,0,1,0,61,1554,CO,AURORA,80017
2022,"GLOBAL VILLAGE ACADEMY DOUGLAS COU",0,0,1,0,61,5668,CO,PARKER,80134
2022,"GLOBALCLICK LLC",0,0,1,0,54,2328,CO,ENGLEWOOD,80112
2022,"GLOBALCLICK LLC",0,1,3,0,54,2328,CO,CENTENNIAL,80112
2022,"GLOBALCLICK LLC",0,0,1,0,54,2328,CO,ENGLEWOOD,80112
2022,"GLOVEBOX INC",1,0,0,0,52,7361,CO,ENGLEWOOD,80112
2022,"GOGO BUSINESS AVIATION LLC",0,0,2,0,99,2786,CO,BROOMFIELD,80021
2022,"GOGO BUSINESS AVIATION LLC",1,0,3,0,51,2786,CO,BROOMFIELD,80021
2022,"GOOGLE LLC",0,0,4,0,54,3581,CO,DENVER,80202
2022,"GREAT WEST LIFE & ANNUITY INSURANCE COMPANY D/B/A EMPOWER RETIREMENT",0,0,2,0,52,7907,CO,ENGLEWOOD,80111
2022,"GREAT WEST LIFE & ANNUITY INSURANCE COMPANY D/B/A EMPOWER RETIREMENT",0,0,3,0,52,7907,CO,"GREENWOOD VILLAGE",80111
2022,"GREAT WEST LIFE & ANNUITY INSURANCE COMPANY D/B/A EMPOWER RETIREMENT",1,0,0,0,52,7907,CO,"GREENWOOD VLG",80111
2022,"GREAT WEST LIFE ANNUITY INS CO DBA",0,0,2,0,52,7907,CO,ENGLEWOOD,80111
2022,"GREAT WEST LIFE ANNUITY INS CO DBA",1,0,0,0,52,7907,CO,"GREENWOOD VLG",80111
2022,"GREENSCAPE VENTURES LLC",1,0,0,0,55,8834,CO,DENVER,80215
2022,"GT INDUSTRIAL PRODUCTS LLC",0,0,1,0,42,1949,CO,AURORA,80011
2022,"GUILD EDUCATION INC",2,1,12,0,92,5198,CO,DENVER,80202
2022,"HACH COMPANY",1,0,4,0,33,4420,CO,LOVELAND,80538
2022,"HAEVN LLC",1,0,0,0,54,5118,CO,BOULDER,80302
2022,"HAKKODA INC",0,0,1,0,54,7567,CO,BOULDER,80302
2022,"HANNA, WARNER & ASSOCIATES CPAS",1,0,0,0,54,4693,CO,DENVER,80203
2022,"HARRISON SCHOOL DISTRICT TWO",1,0,0,0,61,1175,CO,"COLORADO SPRINGS",80905
2022,"HASELDEN CONSTRUCTION LLC",0,0,1,0,23,6514,CO,CENTENNIAL,80112
2022,"HAZEN RESEARCH INC",0,0,1,0,54,1412,CO,GOLDEN,80403
2022,"HEATH CONSTRUCTION LLC DBA SAUNDER",0,0,1,0,23,3583,CO,"FORT COLLINS",80524
2022,"HENSEL PHELPS CONSTRUCTION CO",1,0,3,0,23,6644,CO,GREELEY,80631
2022,"HERO DENTAL OF DENVER PC",0,0,1,0,62,7140,CO,"COLORADO SPRINGS",80909
2022,"HERO DENTAL OF WASHINGTON DC PC",1,0,0,0,62,6287,CO,"COLORADO SPRINGS",80909
2022,"HGS EBOS LLC",0,0,1,0,54,1511,CO,WESTMINSTER,80021
2022,"HGS HEALTHCARE LLC",0,0,1,0,54,8949,CO,BROOMFIELD,80021
2022,"HGS HEALTHCARE LLC",0,0,1,0,54,8949,CO,WESTMINSTER,80021
2022,"HOLLAND & HART LLP",2,0,2,0,54,2505,CO,DENVER,80202
2022,"HOMEADVISOR INC D/B/A ANGI LEADS",0,0,36,0,54,9960,CO,DENVER,80205
2022,"HOTEL JEROME INC",0,0,1,0,72,3896,CO,ASPEN,81611
2022,"HUGHES NETWORK SYSTEMS LLC",0,0,1,0,33,5091,CO,ENGLEWOOD,80112
2022,"HUNTER DOUGLAS FABRICATION COMPANY",1,0,1,0,33,8320,CO,BROOMFIELD,80020
2022,"HUNTER DOUGLAS INC",0,0,5,0,33,4416,CO,BROOMFIELD,80020
2022,"HYDE ENGINEERING AND CONSULTING INC",1,0,10,0,54,2928,CO,BOULDER,80301
2022,"HYDE ENGINEERING CONSULTING INC",0,0,1,0,54,2928,CO,BOULDER,80301
2022,"IBOTTA INC",1,0,6,0,54,6358,CO,DENVER,80202
2022,"ICONIC PROPERTIES JEROME LLC",1,0,0,0,72,3591,CO,ASPEN,81611
2022,"IES INTL ENVIRONMENTAL STANDARDS P",0,1,0,0,51,0004,CO,DENVER,80203
2022,"IHC SCOTT INC",1,0,0,0,23,4686,CO,CENTENNIAL,80112
2022,"IKEGPS INC",1,0,0,0,33,0037,CO,BROOMFIELD,80021
2022,"IMMENSE BRAINS LLC",2,0,0,0,54,2126,CO,"COLORADO SPRINGS",80906
2022,"INFINITY LAB GROUP INC",0,0,1,0,62,0666,CO,"CASTLE ROCK",80104
2022,"INFINOME BIOSCIENCES INC",0,0,1,0,54,9994,CO,BOULDER,80301
2022,"INFORMA TECH LLC",1,0,0,0,54,9919,CO,ENGLEWOOD,80112
2022,INFOSOFTLLC,1,0,0,0,54,3050,CO,"COLORADO SPRINGS",80919
2022,"INNOVATIVE SOFTWARE ENGINEERING LLC",1,0,1,0,54,9051,CO,BROOMFIELD,80021
2022,"INNOVATIVE SOFTWARE ENGINEERING LLC",2,0,1,0,54,9051,CO,WESTMINSTER,80021
2022,"INNOVATIVE SOFTWARE ENGRG LLC",2,0,1,0,54,9051,CO,WESTMINSTER,80021
2022,INOVONICS,0,0,1,0,42,1914,CO,WESTMINSTER,80021
2022,"INPATIENT SERVICES OF CALIFORNIA A",0,0,2,0,62,9009,CO,ENGLEWOOD,80111
2022,"INPATIENT SERVICES OF GEORGIA P C",0,0,0,1,62,9742,CO,"GREENWOOD VILLAGE",80111
2022,"INPATIENT SERVICES OF GEORGIA P C",0,0,3,0,62,9742,CO,ENGLEWOOD,80111
2022,"INPATIENT SERVICES OF N CAROLINA P",0,0,1,0,62,8579,CO,"GREENWOOD VILLAGE",80111
2022,"INPATIENT SERVICES OF NORTH CAROLINA P C DBA ENVISION PHYSICIAN SERVICES",0,0,1,0,62,8579,CO,"GREENWOOD VILLAGE",80111
2022,"INPATIENT SERVICES OF NORTH CAROLINA PC",0,0,1,0,62,8579,CO,"GREENWOOD VILLAGE",80111
2022,"INPATIENT SVCS OF GEORGIA P C D/B/",0,0,3,0,62,9742,CO,ENGLEWOOD,80111
2022,"INSCRIPTA INC",0,0,2,0,54,8713,CO,BOULDER,80301
2022,"INSPIRATO LLC",1,0,1,0,56,2353,CO,DENVER,80202
2022,"INST OF CONFIGURATION MGMT INC D/B",1,0,0,0,54,7080,CO,DENVER,80207
2022,"INTEC BILLING INC D/B/A CSG",0,0,0,1,54,9861,CO,ENGLEWOOD,80111
2022,"INTEGRA INC",1,0,0,0,54,7133,CO,DENVER,80202
2022,"INTEGRAL PARTNERS LLC",0,0,1,0,54,0810,CO,BOULDER,80302
2022,"INTEGRATED THERAPY OF NORTHERN COLORADO",1,0,0,0,62,6547,CO,"FORT COLLINS",80522
2022,"INTEGRITY CONCRETE & FOUNDATIONS LLC",1,0,0,0,23,5034,CO,PARKER,80134
2022,"INTELEX TECHNOLOGIES US INC",1,0,0,0,54,8122,CO,DENVER,80222
2022,"INTELLECTYX INC",1,0,0,0,54,7154,CO,DENVER,80202
2022,"INTERLAND MANAGEMENT LLC",1,0,0,0,53,5562,CO,DENVER,80202
2022,"INTERNATIONAL DEVELOPMENT SVCS INC",1,0,0,0,54,6077,CO,DENVER,80237
2022,"INTERNATIONAL STUDENTS INC",0,0,1,0,81,4853,CO,"COLORADO SPRINGS",80921
2022,"IONTRA LLC",0,0,1,0,54,3539,CO,DENVER,80222
2022,"IPS I PRACTICES OF CALIFORNIA AMC",0,0,1,0,62,0618,CO,ENGLEWOOD,80111
2022,"IQGEO AMERICA INC",0,0,2,0,54,6270,CO,DENVER,80202
2022,"IQGEO AMERICA INC",0,0,1,0,33,6270,CO,DENVER,80202
2022,"ITERATE STUDIO INC DBA ITERATE AI",0,0,1,0,54,3452,CO,LITTLETON,80123
2022,"JACOBS PROJECT MANAGEMENT COMPANY",0,0,1,0,23,1289,CO,ENGLEWOOD,80112
2022,"JAMES RANCH AGRIPRISES LLLP",1,0,0,0,11,9090,CO,DURANGO,81301
2022,"JANUS HENDERSON MGMT US CORP D/B/A JANUS HENDERSON INVESTORS",0,0,12,1,52,3966,CO,DENVER,80206
2022,"JANUS MANAGEMENT HOLDINGS CORPORAT",0,0,4,0,52,3966,CO,DENVER,80206
2022,"JEFFCO PUBLIC SCHOOLS DISTRICT R1",0,0,2,0,61,2817,CO,GOLDEN,80401
2022,"JOHNS MANVILLE",0,0,8,1,32,9690,CO,DENVER,80202
2022,"JUMPCLOUD INC",1,0,7,0,54,7218,CO,LOUISVILLE,80027
2022,"KAVKAZ EXPRESS LLC",1,0,0,0,48,0169,CO,DENVER,80224
2022,"KEYAVI DATA CORP",1,0,0,0,51,8740,CO,DURANGO,81301
2022,"KEYSTONE TOWER SYSTEMS",0,0,2,0,33,7189,CO,DENVER,80221
2022,"KIDS BOUNCE PARK LLC",0,1,0,0,71,2303,CO,DENVER,80222
2022,"KIMBERLY TIMMONS INTERIORS LLC",0,0,1,0,54,,CO,DENVER,80204
2022,"KIPP COLORADO SCHOOL",0,0,1,0,61,7534,CO,DENVER,80204
2022,"KNIGHT PIESOLD AND CO",0,0,1,0,54,5872,CO,DENVER,80202
2022,"KOBAYASHI DESIGN GROUP LLC",1,0,0,0,54,6176,CO,LAKEWOOD,80235
2022,"KSL ADVISORS LLC D/B/A KSL CAPITAL PARTNERS",0,0,1,0,52,0347,CO,DENVER,80206
2022,"LASER TECHNOLOGY INC",1,0,0,0,33,0494,CO,ENGLEWOOD,80112
2022,"LCS FINANCIAL SERVICES CORPORATION",1,0,0,0,56,9334,CO,CENTENNIAL,80112
2022,"LEACHMAN CATTLE OF COLORADO LLC",0,0,1,0,11,8940,CO,"FORT COLLINS",80524
2022,"LEPRINO FOODS COMPANY",0,0,11,0,31,0292,CO,DENVER,80211
2022,"LETS LOVE LIVE HELP LLC DBA ABYTEC",3,0,0,0,54,9947,CO,DENVER,80202
2022,"LIBERTY GLOBAL INC",1,0,1,0,51,7033,CO,DENVER,80202
2022,"LIBERTY OILFIELD SERVICES LLC",1,1,4,0,21,3116,CO,DENVER,80202
2022,"LINK3D INC",0,0,1,0,51,3626,CO,LAFAYETTE,80026
2022,"LITTLE BEAR LABS INC",1,0,0,0,54,9284,CO,BOULDER,80302
2022,"LMPWORKS LLC",1,0,0,0,54,6615,CO,BOULDER,80302
2022,"LOAD TO RIDE TRANSPORTATION LLC",0,0,1,0,48,7176,CO,DENVER,80216
2022,"LOGRHYTHM INC",0,0,4,0,51,4716,CO,BOULDER,80301
2022,"LONG PEAK ADVISORY SERVICES LLC",1,0,0,0,54,1417,CO,LONGMONT,80501
2022,"LOWER VALLEY HOSPITAL ASSOCIATION",0,0,1,0,62,7998,CO,FRUITA,81521
2022,"LUNARG INC",0,0,1,0,51,6005,CO,"FORT COLLINS",80525
2022,"LUTHERAN HOSP ASSN OF THE SAN LUIS",5,0,1,0,62,5530,CO,ALAMOSA,81101
2022,"LUTHERAN HOSPITAL ASSOCIATTION OF",3,0,0,0,62,5530,CO,ALAMOSA,81101
2022,"M E ENGINEERS INC",1,0,0,1,54,3581,CO,GOLDEN,80401
2022,"MAGSWITCH TECHNOLOGY INC",0,0,1,0,42,5541,CO,LAFAYETTE,80026
2022,"MANTIS INNOVATION",0,0,1,0,32,7651,CO,ENGLEWOOD,80111
2022,"MARK YOUNG CONSTRUCTION LLC",1,0,0,0,23,3245,CO,LONGMONT,80504
2022,"MASHEY LLC",1,0,0,0,54,2463,CO,MONUMENT,80132
2022,"MATRIX ANALYTICS INC",1,0,0,0,51,7411,CO,GLENDALE,80246
2022,"MAVEN COMPANIES INC",4,0,0,0,54,6696,CO,"COLORADO SPGS",80903
2022,"MAVEN COMPANIES INC",15,0,3,0,54,6696,CO,"COLORADO SPRINGS",80903
2022,"MAXAR MISSION SOLUTIONS INC",0,0,1,0,33,9698,CO,DENVER,80234
2022,"MAXWELL FINANCIAL LABS INC",1,0,0,0,52,5027,CO,DENVER,80202
2022,"MCACONNECT LLC",0,0,4,0,54,0228,CO,DENVER,80237
2022,"MEDIANEWS GROUP INC",0,0,1,0,51,5553,CO,DENVER,80216
2022,"MERCURY HEALTHCARE",0,0,6,1,54,3449,CO,DENVER,80202
2022,"MERCURY HEALTHCARE INC",0,0,8,1,54,3449,CO,DENVER,80202
2022,"MERRICK & COMPANY",0,0,1,0,54,9702,CO,"GREENWOOD VILLAGE",80111
2022,"MESA NATURAL GAS SOLUTIONS LLC",0,0,0,1,33,7340,CO,LOVELAND,80538
2022,"METRO COMMUNITY PROVIDER NETWORK",1,0,0,0,62,7108,CO,DENVER,80224
2022,"METROPOLITAN STATE UNIV OF DENVER",3,0,6,0,61,9160,CO,DENVER,80204
2022,"MICRO MOTION INC",0,0,1,0,33,5569,CO,BOULDER,80301
2022,"MILESHOLDINGS LLC DBA MOORE FINANCIAL",1,0,0,0,52,1836,CO,DENVER,80222
2022,"MISCIONE DESIGN STUDIO PLLC",0,0,1,0,54,7059,CO,CARBONDALE,81623
2022,"MISSION ROCK RESIDENTIAL LLC",0,0,1,0,53,2108,CO,DENVER,80222
2022,"MOBILE SOLUTIONS SERVICES HOLDINGS LLC DBA BRIGHTFIN",0,0,1,0,54,9696,CO,ENGLEWOOD,80112
2022,"MODIVCARE SOLUTIONS LLC",1,0,5,0,62,1253,CO,DENVER,80237
2022,"MODIVCARE SOLUTIONS LLC",0,0,2,0,99,1253,CO,DENVER,80237
2022,"MODIVCARE SOLUTIONS LLC",0,0,1,0,42,1253,CO,DENVER,80237
2022,"MOMENTUM OPTICS INC",1,0,0,0,33,7056,CO,LONGMONT,80501
2022,"MONARCH INVESTMENT AND MGMT GRP LLC",0,0,1,0,53,8057,CO,FRANKTOWN,80116
2022,"MONTESSORI CASA INTL",0,1,0,0,61,3836,CO,DENVER,80230
2022,"MWH CONSTRUCTORS INC",2,0,1,0,54,2056,CO,BROOMFIELD,80021
2022,"MY LOCAL COLORADO DENTAL PRACTICE LLC",0,0,1,0,62,0452,CO,"COLORADO SPRINGS",80922
2022,"NAGRASTAR LLC",1,0,2,0,51,7827,CO,ENGLEWOOD,80112
2022,"NATIONAL FIRE SAFETY INC",0,0,1,0,92,5403,CO,ENGLEWOOD,80111
2022,"NATIONAL JEWISH HEALTH",2,0,3,0,62,4647,CO,DENVER,80206
2022,"NATIONAL TECHNOLOGY TRANSFER INC",0,0,1,0,61,9707,CO,ENGLEWOOD,80111
2022,"NEAT CAPITAL INC",1,0,0,0,52,0226,CO,BOULDER,80301
2022,"NEPHROLOGY CLINIC PC",0,0,1,0,62,8332,CO,"FORT COLLINS",80525
2022,"NEPHROLOGY MEDICAL ASSOCIATES OF GEORGIA LLC",0,0,1,0,62,0693,CO,DENVER,80202
2022,"NEUROLOGY ASSOCIATES OF KANSAS LLC",0,0,2,0,62,2157,CO,DENVER,80237
2022,"NEW HAMPSHIRE IPS MED SVCS LLC DBA",0,0,1,0,62,0162,CO,ENGLEWOOD,80111
2022,"NEW HAMPSHIRE IPS MEDICAL SVCS LLC DBA ENVISION PHYSICIAN SVCS",0,0,1,0,62,0162,CO,ENGLEWOOD,80111
2022,"NEWCREST RESOURCES INC",1,0,0,0,21,7161,CO,GLENDALE,80246
2022,"NEWMONT CRIPPLE CREEK & VICTOR MINING COMPANY",2,0,2,0,33,5031,CO,VICTOR,80860
2022,"NEWMONT INTERNATIONAL SERVICES LIMITED",3,0,1,0,33,8906,CO,DENVER,80237
2022,"NEWMONT INTL SVCS LIMITED",1,0,0,0,33,8906,CO,DENVER,80237
2022,"NEXGEN TECHNOLOGIES INC",0,0,1,0,54,5644,CO,DENVER,80228
2022,"NILE GROUP",7,1,0,0,54,2888,CO,DENVER,80237
2022,"NILKANTH HOSPITALITY INC",0,0,1,0,72,0789,CO,DENVER,80207
2022,"NIMBL WORLDWIDE INC",1,0,7,0,54,5376,CO,DENVER,80204
2022,"NIMBL WORLDWIDE INC DBA NIMBL",0,0,1,0,54,5376,CO,DENVER,80204
2022,"NITEC LLC",0,0,1,0,54,7949,CO,DENVER,80202
2022,"NONAME GATE INC DBA NONAME SECURIT",0,0,1,0,56,6389,CO,"CASTLE PINES",80108
2022,"NONAME GATE INC DBA NONAME SECURIT",0,0,1,0,56,6389,CO,"CASTLE ROCK",80108
2022,"NONAME GATE INC DBA NONAME SECURITY",0,0,1,0,56,6389,CO,"CASTLE PINES",80108
2022,"NONAME GATE INC DBA NONAME SECURITY",0,0,2,0,51,6389,CO,"CASTLE PINES",80108
2022,"NONAME GATE INC DBA NONAME SECURITY",0,0,1,0,56,6389,CO,"CASTLE ROCK",80108
2022,"NORDIC PCL CONSTRUCTION INC",0,0,2,0,23,1972,CO,DENVER,80222
2022,"NORTHWOOD INVESTORS LLC",0,0,1,0,52,3451,CO,DENVER,80202
2022,"NR CONSULTING LLC",1,0,0,0,56,5387,CO,BOULDER,80302
2022,"NTT GLOBAL NETWORKS INCORPORATED",0,0,1,0,51,9247,CO,ENGLEWOOD,80111
2022,"NTT GLOBAL NETWORKS INCORPORATED",0,0,5,0,51,9247,CO,"GREENWOOD VILLAGE",80111
2022,"NTT GLOBAL NETWORKS INCORPORATED",0,0,1,0,99,9247,CO,ENGLEWOOD,80111
2022,"NTT GLOBAL NETWORKS INCORPORATED",0,0,2,0,99,9247,CO,"GREENWOOD VILLAGE",80111
2022,"NUMBER 2 HOMECARE INC",0,0,1,0,81,4557,CO,AURORA,80012
2022,"NUSS PROFESSIONAL SERVICES GROUP INC",1,0,0,0,54,3401,CO,DENVER,80216
2022,"NUTRIEN AG SOLUTIONS INC",0,0,1,0,42,9161,CO,LOVELAND,80538
2022,"NUTRIEN AG SOLUTIONS INC",0,0,2,0,32,9161,CO,LOVELAND,80538
2022,"OBJECT EXPERTS LLC",0,0,1,0,54,4017,CO,PARKER,89134
2022,"OBJECT EXPERTS LLC",9,0,12,1,54,4017,CO,AURORA,80016
2022,"OBJECT EXPERTS LLC",2,0,1,0,54,4017,CO,PARKER,80134
2022,"OBLONG INC",1,0,0,1,51,2442,CO,CONIFER,80433
2022,"OCEANSIDE TEN MGMT INC",1,0,0,1,54,8525,CO,DENVER,80206
2022,"OPEN & AFFORDABLE DENTAL LLC D/B/A",0,0,1,0,62,6219,CO,BENNETT,80102
2022,"OPTEAMIX LLC",1,0,0,0,54,2895,CO,"HIGHLANDS RANCH",80130
2022,"OPTEAMIX LLC",2,0,0,0,54,2895,CO,LITTLETON,80130
2022,"OPTEAMIX LLC",1,0,2,0,54,2895,CO,LITTLETON,80163
2022,"OPTIMUMG LLC",1,0,0,0,54,3588,CO,CENTENNIAL,80111
2022,"OSM PACK & SHIP LLC",1,0,0,0,45,2994,CO,"COLORADO SPRINGS",80907
2022,"OUTRIDER TECHNOLOGIES INC",3,0,4,0,54,0977,CO,GOLDEN,80403
2022,"PALANTIR TECHNOLOGIES INC",19,0,45,2,54,1851,CO,DENVER,80202
2022,"PANDIT VIEW SOFTWARE LLC",3,0,0,0,54,6878,CO,CENTENNIAL,80112
2022,"PANDIT VIEW SOFTWARE LLC",0,0,1,0,54,6878,CO,ENGLEWOOD,80112
2022,"PAONIA EXPRENTAL LDRSHP ACDMY INC",0,0,1,0,61,3142,CO,PAONIA,81428
2022,"PARADICE INVESTMENT MANAGEMENT LLC",0,0,1,0,52,9845,CO,DENVER,80206
2022,"PARADIGMONE INC",1,0,0,0,62,1548,CO,ENGLEWOOD,80110
2022,"PARASCRIPT LLC",0,0,1,0,54,4514,CO,LONGMONT,80503
2022,"PARKVIEW MEDICAL CENTER INC",4,0,3,0,62,5136,CO,PUEBLO,81003
2022,"PAX8 INC",0,0,1,0,51,1532,CO,"GREENWOOD VILLAGE",80111
2022,"PB TECH & ADVISORY LLC",0,0,1,0,54,9880,CO,DENVER,80202
2022,"PB TECH & ADVISORY LLC",1,0,3,0,71,9880,CO,DENVER,80202
2022,"PB TECH ADVISORY LLC",1,0,0,0,71,9880,CO,DENVER,80202
2022,"PCL CONSTRUCTION INC",2,0,3,0,23,8843,CO,DENVER,80222
2022,"PCL CONSTRUCTION SERVICES INC",2,0,9,0,23,7552,CO,DENVER,80222
2022,"PCL CONSTRUCTION SVCS INC",0,0,1,0,23,7552,CO,DENVER,80222
2022,"PEAK GASTROENTEROLOGY ASSO PC",0,0,1,0,54,7778,CO,"COLORADO SPRINGS",80907
2022,"PEAK SCHOOL",1,0,0,0,61,2947,CO,FRISCO,80443
2022,"PEAK17 CONSULTING INC",1,0,0,0,54,5571,CO,CENTENNIAL,80112
2022,"PEAKVIEW SOLUTIONS LLC",0,0,1,0,54,2595,CO,MONUMENT,80132
2022,"PEDIATRIC DENTAL GRP II LLC",0,0,2,0,62,8951,CO,"COLORADO SPRINGS",80909
2022,"PEOPLENET COMMUNICATIONS CORPORATION",0,0,2,0,54,3076,CO,WESTMINSTER,80021
2022,"PEREGRINE AVIONICS LLC",1,0,0,0,54,5357,CO,ENGLEWOOD,80112
2022,"PHASED RIGHT INC DBA NEI ELECTRIC",0,0,1,0,54,4970,CO,LAKEWOOD,80215
2022,"PHOENIX CAPITAL INC",1,0,0,0,52,5758,CO,DENVER,80202
2022,"PILGRIMS PRIDE CORPORATION",2,0,1,0,31,5071,CO,GREELEY,80634
2022,"PING IDENTITY CORPORATION",0,0,3,0,51,0456,CO,DENVER,80202
2022,"PINKARD CONSTRUCTION COMPANY",1,0,0,0,23,4920,CO,DENVER,80215
2022,"PITEAU ASSOCIATES USA LTD",1,0,0,0,54,7483,CO,PARKER,80138
2022,"PIX4D INC",0,0,1,0,42,7621,CO,DENVER,80202
2022,"PLC INDUSTRIAL CONSTRUCTION CO",0,0,2,0,23,0651,CO,DENVER,80222
2022,"PORTERCARE ADVENTIST HLTH SYSTEM D/B/A CASTLE ROCK ADVENTIST HOSP",0,0,1,0,62,8224,CO,"CASTLE ROCK",80109
2022,"POUDRE SCHOOL DISTRICT",1,0,0,0,61,3733,CO,"FORT COLLINS",80521
2022,"PRECISION PHYSICAL MEDICINE LLC",0,0,1,0,62,5775,CO,ASPEN,81611
2022,"PREMIER MANUFACTURING AND SUPPLY CHAIN SERVICES INC",1,0,0,0,33,8489,CO,FREDERICK,80504
2022,"PRESCIENT CO INC",0,0,1,0,54,1784,CO,ARVADA,80004
2022,"PRIMORIS RENEWABLE ENERGY INC",0,0,1,0,22,2132,CO,AURORA,80011
2022,"PROFESSIONAL ASSIST CORPORATION",0,0,1,0,81,8307,CO,GOLDEN,80401
2022,"PROLOGIS MANAGEMENT LLC",1,0,5,0,52,0977,CO,DENVER,80202
2022,"PS TECHNOLOGY INC",0,0,5,0,54,2667,CO,LOUISVILLE,80027
2022,"PULMONARY ASSOCIATES P C",1,0,0,0,62,1414,CO,"COLORADO SPRINGS",80909
2022,"PWN ARCHITECTS AND PLANNERS INC",0,0,2,0,54,1406,CO,DENVER,80237
2022,"PYXANT LABS INC",1,0,1,0,54,7377,CO,"COLORADO SPRINGS",80907
2022,"QUADRIGA PARTNERS LLC",1,0,0,0,52,0484,CO,DENVER,80206
2022,"QWINIX TECHNOLOGIES INC",1,0,0,0,54,4667,CO,CENTENNIAL,80112
2022,"RADIA INC",2,0,1,0,33,1394,CO,BOULDER,80302
2022,"RAISA ENERGY LLC",0,0,2,0,21,7608,CO,DENVER,80202
2022,"RAM INFO LLC",0,0,1,0,54,8772,CO,AURORA,80018
2022,"RANGLE OF MOTION PROJECT NFP",1,0,0,0,62,3927,CO,DENVER,80231
2022,"RCF MANAGEMENT LLC",1,0,0,0,52,0940,CO,DENVER,80202
2022,"RE MAX LLC",0,0,1,0,53,8065,CO,DENVER,80237
2022,"REDT LLC DBA REDT HOMES",1,0,0,0,54,6703,CO,DENVER,80223
2022,"REED GROUP MANAGEMENT LLC",0,0,1,0,54,1304,CO,BROOMFIELD,80021
2022,"REED GROUP MANAGEMENT LLC",0,0,1,0,54,1304,CO,WESTMINSTER,80021
2022,"REGIS UNIVERSITY",2,0,2,0,61,2707,CO,DENVER,80221
2022,"REHABILITATIVE RHYTHMS",0,0,1,0,62,9345,CO,AURORA,80014
2022,"RES AMERICA CONSTRUCTION INC",0,0,1,0,22,8183,CO,BROOMFIELD,80021
2022,"RESOURCE ENGINEERING GROUP INC",0,0,1,0,54,6425,CO,"CRESTED BUTTE",81224
2022,"RETAIL RESOURCES INC",0,0,1,0,23,0861,CO,BOULDER,80302
2022,"REVENTICS INC",0,0,1,0,56,0330,CO,"GREENWOOD VILLAGE",80111
2022,"RFI LLC",1,0,0,0,31,6166,CO,BROOMFIELD,80020
2022,"RHAP LLC DBA RHAP ARCHITECTURE & PLANING",1,0,0,0,54,4109,CO,BOULDER,80302
2022,"RIZE CONSTRUCTION LLC",1,0,0,0,23,5683,CO,ENGLEWOOD,80112
2022,"RK MECHANICAL INC",0,0,1,0,53,8907,CO,DENVER,80238
2022,"RK MECHANICAL INC",0,0,1,0,23,8907,CO,DENVER,80238
2022,"RM BEDELL & ASSOCIATES PC DBA BROOKSIDE ADVISORS",0,0,1,0,54,6480,CO,BOULDER,80303
2022,"ROARING FORK SCH DISTRICT RE 1",2,0,2,0,61,2220,CO,CARBONDALE,81623
2022,"ROARING FORK SCHOOL DISTRICT RE 1",5,0,2,1,61,2220,CO,CARBONDALE,81623
2022,"ROBAUTO INC",0,0,1,0,33,7444,CO,LONGMONT,80501
2022,"ROCKY MOUNTAIN CONFERENCE OF SEVEN",4,0,0,0,81,6014,CO,DENVER,80210
2022,"ROCKY MOUNTAIN CONFERENCE OF SEVENTH DAY ADVENTISTS",5,0,0,0,81,6014,CO,DENVER,80210
2022,"ROCKY MOUNTAIN INSTITUTE",22,1,18,0,54,4146,CO,BOULDER,80301
2022,"RODEOCPG INC",2,1,0,0,54,4592,CO,ASPEN,81611
2022,"ROESLEIN & ASSOCIATES OF DENVER LL",0,0,1,0,54,8348,CO,DENVER,80233
2022,"RS2 SOFTWARE INC",1,0,0,0,54,1416,CO,DENVER,80237
2022,"S&S FUELS MANAGEMENT LLC",0,0,1,0,44,3039,CO,LITTLETON,80127
2022,"SAFEBUILT INC",0,0,1,0,54,1305,CO,LOVELAND,80538
2022,"SAFEGRAPH INC",0,0,1,0,54,0907,CO,DENVER,80202
2022,"SALIDA DEL SOL ACADEMY",1,0,0,0,61,1552,CO,GREELEY,80631
2022,"SAMUEL GARY JR ASSOCIATES INC",1,0,0,0,21,3255,CO,DENVER,80202
2022,"SANGRE DE CRISTO SURGICAL ASSO PC",0,0,2,2,62,1853,CO,PUEBLO,81003
2022,"SBSA LLC",1,0,1,0,54,5025,CO,GOLDEN,80403
2022,"SCL HEALTH MED GROUP DENVER LLC",0,0,1,0,62,8226,CO,BROOMFIELD,80021
2022,"SDH SYSTEMS LLC",13,1,21,4,54,1589,CO,ENGLEWOOD,80112
2022,"SEAGATE US LLC",1,0,0,0,33,5987,CO,LONGMONT,80503
2022,"SEDGWICK COUNTY MEMORIAL HOSPITAL D/B/A SEDGWICK COUNTY HEALTH CENTER",2,0,0,0,62,6593,CO,JULESBURG,80737
2022,"SEMA CONSTRUCTION INC",0,0,2,0,23,3868,CO,CENTENNIAL,80112
2022,"SENEX FDN OF NEBRASKA INC",0,0,1,0,62,9912,CO,"WHEAT RIDGE",80033
2022,"SERVICESOURCE DELAWARE INC",0,0,1,0,56,9183,CO,DENVER,80202
2022,"SHEARS ADKINS ROCKMORE ARCHITECTS",1,0,0,0,54,3835,CO,DENVER,80202
2022,"SHERIDAN CHILDREN S HEALTHCARE SVC",0,0,1,0,62,1457,CO,"GREENWOOD VILLAGE",80111
2022,"SHERIDAN HEALTHCARE OF TEXAS P A",0,0,1,0,62,3044,CO,ENGLEWOOD,80111
2022,"SHERIDAN HEALTHCARE OF TEXAS P A DBA ENVISION PHYSICIAN SERVICES",0,0,1,0,62,3044,CO,ENGLEWOOD,80111
2022,"SHERMAN & HOWARD L L C",0,0,1,0,54,0314,CO,DENVER,80202
2022,"SIGNDEALZ CORPORATION",1,0,0,0,33,1724,CO,DENVER,80202
2022,"SILICH COMPANIES LLC",1,0,0,0,23,3150,CO,DENVER,80222
2022,"SILICONEXPERT TECHNOLOGIES INC",0,0,1,0,54,5613,CO,ENGLEWOOD,80112
2022,"SMARTLY INC DBA BONUSLY",1,0,0,0,51,6879,CO,BOULDER,80302
2022,"SOLARIS MANAGEMENT & CONSULTING LLC",0,0,1,0,53,8981,CO,VAIL,81657
2022,"SOLRIVER LLC DBA SOLRIVER CAPITAL LLC",1,0,0,0,22,9650,CO,DENVER,80202
2022,"SOMALOGIC INC",0,0,2,0,54,5896,CO,BOULDER,80301
2022,"SONTEC INSTRUMENTS INC",1,0,0,0,99,1517,CO,ENGLEWOOD,80112
2022,"SOURCEROCK GROUP LLC",0,0,1,0,52,7543,CO,DENVER,80206
2022,"SOVRN HOLDINGS INC",1,0,2,0,51,7559,CO,BOULDER,80301
2022,"SPACE DEVELOPMENT VENTURES LLC",1,0,0,0,54,9556,CO,LAKEWOOD,80228
2022,"SPACE SCIENCE INSTITUTE",1,0,0,0,54,5290,CO,BOULDER,80301
2022,"SPATIAL CORP",1,0,3,0,51,7841,CO,BROOMFIELD,80021
2022,"SPECTRALINK CORPORATION",0,0,4,0,33,1188,CO,BOULDER,80301
2022,"SPEKIT INC",0,0,1,0,51,0716,CO,DENVER,80205
2022,"SPICER JEFFRIES LLLP",0,0,1,0,54,0311,CO,DENVER,80237
2022,"SPORT OBERMEYER LTD",0,0,1,0,31,1574,CO,ASPEN,81611
2022,"SPORT OBERMEYER LTD",1,0,0,0,31,1574,CO,CARBONDALE,81623
2022,"SRK CONSULTING US INC",1,0,0,0,54,6430,CO,DENVER,80202
2022,"SRK CONSULTING US INC",0,0,1,0,52,6430,CO,DENVER,80202
2022,"STACK INFRASTRUCTURE INC",0,0,1,0,51,3760,CO,DENVER,80290
2022,"STANTEC CONSULTING SERVICES INC",24,0,47,1,54,7170,CO,BROOMFIELD,80021
2022,"STANTEC CONSULTING SERVICES INC",0,0,1,0,54,7171,CO,BROOMFIELD,80021
2022,"STARTEK USA INC",0,0,1,0,56,3922,CO,"GREENWOOD VILLAGE",80111
2022,"STEPPING STONES GROUP LLC SUCCESSOR IN INTEREST OF ALPHAVISTA SERVICES INC",0,0,1,0,62,2181,CO,LAFAYETTE,80026
2022,"STERLING INFOSYSTEMS INC",0,0,1,0,51,5313,CO,GREELEY,80631
2022,"STEVEN ROBERT ORIGINALS LLC",0,0,1,0,31,8535,CO,AURORA,80011
2022,"STEVEN ROBERT ORIGINALS LLC DBA STEVEN CHARLES A DESSERT COMPANY",1,0,1,0,31,8535,CO,AURORA,80011
2022,"STOUT STREET CAPITAL MANAGEMENT LLC",1,0,0,0,52,8586,CO,DENVER,80206
2022,"STRATEGIC FINANCE INC",1,0,0,0,52,5714,CO,DENVER,80222
2022,"STRIVE PREPARATORY SCHOOLS",0,0,1,1,61,2193,CO,DENVER,80211
2022,"SUMUP INC",0,1,1,0,52,7957,CO,BOULDER,80301
2022,"SUNSET LEARNING INSTITUTE",1,0,0,0,54,4407,CO,CENTENNIAL,80112
2022,"SWELL FINANCIAL INC",0,0,1,0,51,7407,CO,BOULDER,80302
2022,"SWIFT BEEF COMPANY A JBS USA SUBSI",0,0,1,0,54,9412,CO,GREELEY,80634
2022,"SWIFT BEEF COMPANY A JBS USA SUBSI",0,0,10,2,31,9412,CO,GREELEY,80634
2022,"SWIFT BEEF COMPANY A JBS USA SUBSIDIARY",0,0,2,0,55,9412,CO,GREELEY,80634
2022,"SWIFT BEEF COMPANY A JBS USA SUBSIDIARY",0,0,1,0,54,9412,CO,GREELEY,80634
2022,"SWIFT BEEF COMPANY A JBS USA SUBSIDIARY",4,0,18,2,31,9412,CO,GREELEY,80634
2022,"SWIFT PREPARED FOODS DBA PLUMROSE",1,0,1,0,31,0821,CO,GREELEY,80634
2022,"SWITCHFLY LLC",0,0,1,1,56,4071,CO,DENVER,80202
2022,"SYMETRIX CORPORATION",0,0,1,0,33,6234,CO,"COLORADO SPGS",80919
2022,"SYNOPTEK LLC",4,0,3,0,54,1703,CO,DENVER,80237
2022,"T M KILDUFF CONSULTING INC D/B/A K",0,0,3,0,54,9441,CO,DENVER,80202
2022,"T4S PARTNERS INC",0,0,1,0,54,0879,CO,"ENGLEWOOD VILLAGE",80111
2022,"TAKE THREE TECHNOLOGIES LLC",0,0,1,0,51,4324,CO,DENVER,80204
2022,"TANGRAM INC",0,0,0,1,72,7517,CO,DENVER,80204
2022,"TEKXEL LLC",3,0,0,0,54,3272,CO,"STEAMBOAT SPR",80487
2022,"TEKXEL LLC",11,0,2,0,54,3272,CO,"STEAMBOAT SPRINGS",80487
2022,"TELLURIDE SCH DIST R 1",1,0,0,0,61,1946,CO,TELLURIDE,81435
2022,"TELLURIDE SCHOOL DISTRICT R 1",6,0,1,0,61,1946,CO,TELLURIDE,81435
2022,"TEQUILA SUNRISE CHERRY CREEK PLLC",1,0,0,0,62,4180,CO,DENVER,80206
2022,"TERANEX SYSTEMS INC",1,0,0,0,33,6687,CO,"COLORADO SPRINGS",80903
2022,"TERUMO BCT INC",0,0,4,0,33,5788,CO,DENVER,80215
2022,"TERUMO BCT INC",2,0,4,0,33,5788,CO,LAKEWOOD,80215
2022,"THE CE SHOP INC",0,0,1,0,61,0315,CO,"GREENWOOD VILLAGE",80111
2022,"THE CLAY MATHEMATICS INSTITUTE INC",1,0,1,0,54,5978,CO,DENVER,80202
2022,"THE COLORADO SPRINGS SCHOOL",1,0,0,0,61,7369,CO,"COLORADO SPRINGS",80906
2022,"THE ROTHWELL GROUP LP",0,0,1,0,21,5745,CO,LITTLETON,80127
2022,"THE STEPPING STONES GROUP LLC",3,0,26,3,62,2181,CO,LAFAYETTE,80026
2022,"THE WUNDER COMPANY",0,0,1,0,52,4540,CO,BOULDER,80302
2022,"THERE WITH CARE",0,0,1,0,54,6330,CO,BOULDER,80304
2022,"THIRDERA LLC",1,0,0,0,54,1241,CO,BROOMFIELD,80021
2022,"THOMPSON SCHOOL DISTRICT R2 J",1,0,0,0,61,3346,CO,LOVELAND,80537
2022,"THOUSAND KEYS LLC",0,0,1,0,53,6981,CO,DENVER,80205
2022,"THREE JEWELS ACCOUNTING & TAX",0,0,1,0,54,8659,CO,ERIE,80516
2022,"THYSSENKRUPP INDUSTRIAL SOLUTIONS",0,0,1,0,54,8155,CO,ENGLEWOOD,80111
2022,"THYSSENKRUPP INDUSTRIAL SOLUTIONS",1,0,0,0,54,8155,CO,"GREENWOOD VLG",80111
2022,"TIFIN GROUP LLC",0,0,1,0,51,1697,CO,BOULDER,80302
2022,"TODYL INC",0,0,0,1,54,0660,CO,DENVER,80202
2022,"TOLMAR INC",0,0,2,0,54,0340,CO,"FORT COLLINS",80526
2022,"TRACKVIA INC",1,0,0,0,51,3089,CO,DENVER,80202
2022,"TRANSCARENT INC",2,0,0,0,52,6541,CO,DENVER,80237
2022,"TRANSLOGIC CORPORATION DBA SWISSLOG HEALTHCARE SOLUTIONS",0,0,2,0,51,1610,CO,BROOMFIELD,80020
2022,"TRANSPORTATION TECHNOLOGY CENTER I",0,0,1,0,54,0384,CO,PUEBLO,81001
2022,"TRANSPORTATION TECHNOLOGY CENTER INC",1,0,3,0,54,0384,CO,PUEBLO,81001
2022,"TRANSUNION RENTAL SCREENING SOLUTI",0,0,1,0,56,9271,CO,"GREENWOOD VILLAGE",80111
2022,"TRANSUNION RENTAL SCREENING SOLUTIONS INC",0,0,1,0,56,9271,CO,ENGLEWOOD,80111
2022,"TRANSUNION RENTAL SCREENING SOLUTIONS INC",0,0,1,0,56,9271,CO,"GREENWOOD VILLAGE",80111
2022,"TRANSUNION RENTAL SCREENING SOLUTIONS INC A WHOLLY OWNED SUBSIDIARY OF TRANSUNION LLC",0,0,1,0,56,9271,CO,ENGLEWOOD,80111
2022,"TRANSUNION RENTAL SCREENING SOLUTIONS INC A WHOLLY OWNED SUBSIDIARY OF TRANSUNION LLC",0,0,1,0,56,9271,CO,"GREENWOOD VILLAGE",80111
2022,"TRAVELPORT LP",0,0,1,0,56,7250,CO,CENTENNIAL,80112
2022,"TRELLEBORG SEALING SOLUTIONS US INC",0,0,1,0,33,3005,CO,LOUISVILLE,80027
2022,"TRIMBLE INC",13,0,17,0,33,2192,CO,BROOMFIELD,80021
2022,"TRIMBLE INC",5,0,20,1,33,2192,CO,WESTMINSTER,80021
2022,"TRIMBLE MAPS INC",0,0,1,0,54,4464,CO,BROOMFIELD,80021
2022,"TRIMBLE MAPS INC",0,0,1,0,54,4464,CO,WESTMINSTER,80021
2022,"TRIMBLE TRANSPORTATION ENTERPRISE",0,0,1,0,54,8884,CO,BROOMFIELD,80021
2022,"TRIMBLE TRANSPORTATION ENTERPRISE",1,1,0,0,54,8884,CO,WESTMINSTER,80021
2022,"TRIMBLE TRANSPORTATION ENTERPRISE",0,0,1,0,33,8884,CO,BROOMFIELD,80021
2022,"TRINIDAD AREA HLTH ASSN DBA MT SAN",1,0,0,0,62,6742,CO,TRINIDAD,81082
2022,"TRIPLEPOINT ENVIRONMENTAL LLC",0,0,1,0,33,6426,CO,CENTENNIAL,80111
2022,"TRIPLEPOINT ENVIRONMENTAL LLC",1,0,1,0,33,6426,CO,ENGLEWOOD,80111
2022,"TTEC CONSULTING INC",0,0,1,0,56,3870,CO,ENGLEWOOD,80112
2022,"TTEC DIGITAL LLC",0,0,2,0,51,3033,CO,ENGLEWOOD,80112
2022,"TTEC DIGITAL LLC",3,0,15,0,54,3033,CO,ENGLEWOOD,80112
2022,"TTEC SERVICES CORPORATION",0,1,2,0,54,6615,CO,ENGLEWOOD,80112
2022,"UNIFIED PRACTICE INC",0,0,1,0,54,1234,CO,DENVER,80205
2022,"UNION COLONY INSURANCE INC",1,0,0,0,52,9889,CO,GREELEY,80631
2022,"UNIV CORP FOR ATMOSPHERIC RESEARCH",0,0,1,0,54,2668,CO,BOULDER,80307
2022,"UNIV CORP FOR ATMOSPHERIC RESEARCH",10,1,27,1,54,2668,CO,BOULDER,80301
2022,"UNIV OF NORTHERN COLORADO",8,0,2,1,61,0546,CO,GREELEY,80639
2022,"UNIV PREPARATORY SCHOOLS",1,0,0,0,61,8126,CO,DENVER,80205
2022,"UNIVERSITY OF COLORADO DENVER",0,0,1,0,61,0555,CO,DENVER,80045
2022,"UNIVERSITY OF COLORADO DENVER",43,0,34,1,61,0555,CO,AURORA,80045
2022,"UNIVERSITY OF COLORADO DENVER",0,0,1,0,61,0555,CO,DENVER,80204
2022,"UNIVERSITY OF COLORADO DENVER",46,0,50,2,61,0555,CO,BOULDER,80309
2022,"UNIVERSITY OF COLORADO DENVER",20,0,23,0,61,0555,CO,DENVER,80217
2022,"UNIVERSITY OF COLORADO DENVER",0,0,1,0,61,0555,CO,DENVER,80217
2022,"UNIVERSITY OF DENVER",9,1,5,3,61,4231,CO,DENVER,80210
2022,"UNIVERSITY OF DENVER",0,0,1,1,61,4231,CO,DENVER,80208
2022,"UNIVERSITY OF NORTHERN COLORADO",7,0,2,1,61,0546,CO,GREELEY,80639
2022,"UNSUPERVISED COM INC",1,0,2,0,54,9109,CO,BOULDER,80301
2022,"UNSUPERVISED COM INC",0,0,1,0,54,9109,CO,BROOMFIELD,80021
2022,"UPLIFT ENERGY LLC DBA UPLIFT ENERG",1,0,0,0,54,4679,CO,DENVER,80202
2022,"UPLIGHT INC",1,0,1,1,54,2137,CO,BOULDER,80301
2022,"USA WEIGHTLIFTING INC",0,0,1,0,81,2362,CO,"COLORADO SPRINGS",80909
2022,"UTILITY DATA CONTRACTORS INC D/B/A UDC INC AND/OR UDC",0,0,1,0,54,8937,CO,ENGLEWOOD,80112
2022,"VAIL MOUNTAIN SCHOOL",0,0,1,0,61,3775,CO,VAIL,81657
2022,"VAIL REALTY & RENTAL MANAGEMENT",0,0,0,1,53,3413,CO,VAIL,81657
2022,"VANTAGE DATA CENTERS MANAGEMENT CO",0,0,1,0,54,2975,CO,DENVER,80206
2022,"VANTAGE DATA CENTERS MANAGEMENT COMPANY LLC",0,0,3,0,54,2975,CO,DENVER,80206
2022,"VANTAGE DATA CENTERS MGMT CO LLC",0,0,3,0,54,2975,CO,DENVER,80206
2022,VAYDA,1,0,0,0,11,6465,CO,LOVELAND,80528
2022,"VED OASIS SOLUTIONS LLC",1,0,0,0,54,6784,CO,PARKER,80134
2022,"VENDAVO INC",1,0,2,0,51,4364,CO,DENVER,80202
2022,"VERITONE INC",1,0,0,0,51,1641,CO,DENVER,80202
2022,"VERTAFORE INC",2,0,20,0,51,0776,CO,DENVER,80202
2022,"VERTEX IT SYSTEMS",3,0,0,0,54,2688,CO,AURORA,80012
2022,"VESTAS NACELLES AMERICA INC",0,0,1,0,22,8133,CO,BRIGHTON,80603
2022,"VF OUTDOOR LLC",1,0,11,0,31,4082,CO,DENVER,80202
2022,"VIEWPOINT INC",0,0,1,0,51,3235,CO,BROOMFIELD,80021
2022,"VIRTUALARMOUR LLC",1,0,0,0,54,8492,CO,CENTENNIAL,80112
2022,"VORTO LLC",1,0,0,0,51,5366,CO,DENVER,80202
2022,"WALL SMITH BATEMAN INC",1,0,0,0,54,4388,CO,ALAMOSA,81101
2022,"WATER REMEDIATION TECHNOLOGY LLC",0,0,0,1,33,6396,CO,WESTMINSTER,80234
2022,"WATSON INSTITUTE",1,0,1,0,61,1797,CO,BOULDER,80302
2022,"WECHATSYS INC",0,1,0,0,54,0545,CO,DENVER,80231
2022,"WELL DATA LABS INC",0,0,1,1,54,3130,CO,DENVER,80202
2022,"WELLTOK INC",0,0,1,0,54,2137,CO,DENVER,80216
2022,"WELLTOK INC",0,0,1,0,54,2137,CO,DENVER,80202
2022,"WESTERN CO UNIV",0,0,1,0,61,0558,CO,GUNNISON,81231
2022,"WESTERN COLORADO UNIVERSITY",1,0,1,0,61,0558,CO,GUNNISON,81231
2022,"WESTERN EXPORT SERVICES, INC",1,0,0,0,42,3477,CO,DENVER,80203
2022,"WESTERN UNION BUSINESS SOLUTIONS U",0,0,11,1,52,0076,CO,DENVER,80237
2022,"WESTERN UNION LLC",6,1,45,1,52,1550,CO,DENVER,80237
2022,"WHEEL PROS LLC",0,0,1,0,33,5738,CO,ENGLEWOOD,80111
2022,"WHIPPLEWOOD CPAS P C",0,0,1,0,54,2965,CO,LITTLETON,80127
2022,"WIDEOPENWEST FINANCE LLC",0,0,1,0,51,1298,CO,ENGLEWOOD,80111
2022,"WOMEN S HEALTH CENTER OF PUEBLO PLLC",0,0,1,0,62,1754,CO,PUEBLO,81003
2022,"WOODRIDGE ADVISORS LLC D/B/A WOODRIDGE SOFTWARE",0,0,1,0,99,0321,CO,LAKEWOOD,80226
2022,"WOODWARD INC",1,0,3,0,33,4010,CO,"FORT COLLINS",80524
2022,"WPM HOLDINGS LLC DBA WHEEL PROS",1,0,0,0,33,8487,CO,"GREENWOOD VLG",80111
2022,"WPM HOLDINGS LLC DBA WHEEL PROS",1,0,2,0,33,8487,CO,ENGLEWOOD,80111
2022,"WRAY COMMUNITY DISTRICT HOSPITAL",0,0,1,0,62,0617,CO,WRAY,80758
2022,"XERO INC",0,0,4,0,51,0932,CO,DENVER,80202
2022,"XTIVIA INC",0,0,15,2,54,4927,CO,"COLORADO SPRINGS",80905
2022,"XTIVIA INC",0,0,1,0,54,4924,CO,"COLORADO SPRINGS",80905
2022,"YES ENERGY LLC",0,0,2,0,54,9092,CO,BOULDER,80302
2022,"Z CRAFT LTD",1,0,0,0,23,4601,CO,WESTMINSTER,80030
2022,"ZAP ENGINEERING & CONSTRUCTION SERVICES INC",0,0,1,0,54,1845,CO,LAKEWOOD,80215
2022,"ZAYO GROUP LLC",3,0,5,0,99,2549,CO,BOULDER,80301
2022,"ZIMMER BIOMET SPINE INC",1,0,1,0,33,8290,CO,BROOMFIELD,80021
2022,"ZIMMER BIOMET SPINE INC",0,0,1,0,33,8290,CO,WESTMINSTER,80021
2022,"ZOLL DATA SYSTEMS INC",0,0,2,0,51,1124,CO,BROOMFIELD,80021
2022,"ZYNEX MEDICAL",1,0,2,0,33,1963,CO,ENGLEWOOD,80112
2022,"ZYNEX MEDICAL INC",1,0,1,0,33,1963,CO,ENGLEWOOD,80112
