"Fiscal Year",Employer,"Initial Approval","Initial Denial","Continuing Approval","Continuing Denial",NAICS,"Tax ID",State,City,ZIP
2022,"14 WEST ADMINISTRATIVE SVCS LLC",0,0,2,0,51,5681,MD,BALTIMORE,21201
2022,"2U INC",0,0,2,0,54,5939,MD,LANHAM,20706
2022,"3CLOGIC INC",0,0,3,0,54,2278,MD,ROCKVILLE,20850
2022,"4A CONSULTING LLC",1,0,2,0,54,0172,MD,"ELLICOTT CITY",21043
2022,"4M HOSPITALIST SERVICES LLC",1,0,0,0,62,5283,MD,GERMANTOWN,20876
2022,"A MORTON THOMAS & ASSOCIATES INC",0,0,1,0,54,8302,MD,ROCKVILLE,20850
2022,"A P VENTURES LLC",0,0,2,0,54,2519,MD,COLUMBIA,21046
2022,"A SQUARE GROUP LLC",1,0,2,0,54,4429,MD,FREDERICK,21704
2022,"A10 CONSULTANCY INC",1,0,2,0,54,4763,MD,ABINGDON,21009
2022,"A2F CONSULTING LLC",3,0,0,0,52,8686,MD,ROCKVILLE,20850
2022,"ABILITIES PHYSICAL THERAPY INC DBA",1,0,0,0,62,2035,MD,DUNDALK,21222
2022,"ABSOLUTE REHABILITATIVE THERAPY INC",0,0,1,0,62,6364,MD,LANHAM,20706
2022,"ABT ASSOCIATES INC",1,0,3,0,54,7643,MD,ROCKVILLE,20852
2022,"ACCELERED LLC",0,0,1,0,54,5282,MD,BETHESDA,20814
2022,"ACCESSIBLE PHYSICAL THERAPY",2,0,0,0,62,6609,MD,"GLEN BURNIE",21061
2022,"ACCU-CRETE INC",0,0,1,0,23,6041,MD,"UPPER MARLBORO",20774
2022,"ACCVISOR INC DBA K K ACCOUNTING",1,0,0,0,54,7497,MD,"ELLICOTT CITY",21043
2022,"ACETECH GROUP CORPORATION",24,0,12,0,54,9621,MD,COLUMBIA,21044
2022,"ACETECH GROUP CORPORATION",1,0,2,1,54,9621,MD,FULTON,20759
2022,"ACSE SOLUTIONS LLC",3,0,2,0,54,1475,MD,"ELLICOTT CITY",21042
2022,"ACTALENT INC",8,0,3,0,54,1777,MD,HANOVER,21076
2022,"ACTALENT SERVICES LLC",12,0,21,2,54,3566,MD,HANOVER,21076
2022,"ACTIVE PHYSICAL THERAPY SVCS LLC",0,0,1,0,62,6278,MD,"GLEN BURNIE",21061
2022,"ACUMEN SECURITY LLC",2,0,1,0,54,1380,MD,ROCKVILLE,20850
2022,"ADAPTIVE PHAGE THERAPEUTICS INC",0,0,1,0,54,8730,MD,GAITHERSBURG,20878
2022,"ADEPT HOMES LLC",1,0,0,0,23,4812,MD,LAUREL,20707
2022,"ADFINITAS HEALTH DBA MARYLAND INPATIENT CARE SPECIALISTS",0,0,1,0,62,6861,MD,HANOVER,21076
2022,"ADITI LLC",0,0,1,0,54,0147,MD,COLUMBIA,21045
2022,"ADITI LLC",4,0,20,0,54,8147,MD,COLUMBIA,21045
2022,"ADITI LLC",0,0,1,0,54,7147,MD,COLUMBIA,21045
2022,"ADVANCED COMPUTING SYSTEMS LLC",0,0,2,0,54,5103,MD,BETHESDA,20817
2022,"ADVANCED PAIN MGMT SPECIALISTS LLC",0,0,1,0,62,2838,MD,ANNAPOLIS,21401
2022,"ADVANCED RNA VACCINE TECHNOLOGIES",1,0,0,0,54,7291,MD,GAITHERSBURG,20852
2022,"ADVENTIST HEALTHCARE INC",5,0,14,0,62,2556,MD,GAITHERSBURG,20878
2022,"ADVISER COMPLIANCE ASSOCIATES LLC",2,0,1,0,54,7063,MD,"SILVER SPRING",20910
2022,"AEGIS PROJECT CONTROLS CORP",1,0,4,0,54,1239,MD,"SILVER SPRING",20910
2022,"AEROTEK INC",2,0,1,0,54,2806,MD,HANOVER,21076
2022,"AEROTEK INC",0,0,1,0,54,1777,MD,HANOVER,21076
2022,"AFFINITY REHABILITATION",0,0,1,0,62,3204,MD,COCKEYSVILLE,21030
2022,"AFFINITY REHABILITATION LLP",0,0,1,0,62,3204,MD,COCKEYSVILLE,21030
2022,"AGASTI LLC",2,0,4,0,54,0783,MD,NOTTINGHAM,21236
2022,"AGILEPATH LLC",2,0,0,0,54,6577,MD,BALTIMORE,21202
2022,"AGILIOUS LLC",1,0,0,0,54,5029,MD,GERMANTOWN,20874
2022,"AGISOL LLC",0,0,3,0,54,6277,MD,"ELLICOTT CITY",21043
2022,"AGNC MORTGAGE MANAGEMENT LLC",0,0,1,0,52,8812,MD,BETHESDA,20814
2022,"AGOVX LLC",1,0,2,0,54,4334,MD,GERMANTOWN,20874
2022,"AGRATA SOLUTIONS LLC",2,0,0,0,54,4268,MD,HAGERSTOWN,21742
2022,"AIDAR HEALTH INC",0,0,1,0,33,3440,MD,PIKESVILLE,21208
2022,"AIN LIMITED LIABILITY COMPANY",0,0,1,0,51,4371,MD,HAGERSTOWN,21740
2022,"AINS INC",0,0,1,0,54,5814,MD,GAITHERSBURG,20878
2022,"AINS LLC",0,0,3,0,54,5814,MD,GAITHERSBURG,20878
2022,"AIRGILITY INC",1,0,0,0,54,3045,MD,"COLLEGE PARK",20742
2022,"AIRPORT DESIGN CONSULTANTS INC",1,0,0,0,54,2991,MD,"ELLICOTT CITY",21043
2022,"AIW INC",1,0,0,0,33,4502,MD,HYATTSVILLE,20781
2022,"ALCOR TECHNICAL SOLUTIONS INC",0,0,1,0,54,9915,MD,CATONSVILLE,21228
2022,"ALCOR TECHNICAL SOLUTIONS LLC",1,0,0,0,54,9915,MD,BALTIMORE,21228
2022,"ALCOR TECHNICAL SOLUTIONS LLC",0,0,1,0,54,9915,MD,CATONSVILLE,21228
2022,"ALDEA SERVICES INC",1,0,0,0,54,5947,MD,FREDERICK,21704
2022,"ALDERSON LOOP LLC",1,0,0,0,54,1377,MD,SYKESVILLE,21784
2022,"ALFREDHOUSE ELDERCARE INC",1,0,0,0,62,3271,MD,ROCKVILLE,20853
2022,"ALLEGIS GLOBAL SOLUTIONS INC",0,0,3,0,54,8435,MD,HANOVER,21076
2022,"ALLEGIS GROUP INC",1,0,28,0,54,4931,MD,HANOVER,21076
2022,"ALLIANCE ARCHITECTURE OF MARYLAND",0,0,1,0,54,5404,MD,ANNAPOLIS,21401
2022,"ALLIANCE GLOBAL TECH INC",11,0,0,0,54,0671,MD,COLUMBIA,21045
2022,"ALLIANCE REHABILITATION LLC",0,0,1,0,62,8496,MD,"GLEN BURNIE",21061
2022,"ALPHATECH SYSTEMS AND CONSULTING INC",0,0,1,0,54,6148,MD,ABINGDON,21009
2022,"ALTERWOOD HEALTH MANAGEMENT CO",0,0,1,0,62,7472,MD,TOWSON,21204
2022,"ALTERWOOD HEALTH MANAGEMENT CO",0,0,1,0,62,7572,MD,TOWSON,21204
2022,"ALVI ASSOCIATES INC",1,0,0,0,54,5902,MD,TOWSON,21204
2022,"AMAREX CLINICAL RESEARCH LLC",2,0,4,1,54,8315,MD,GERMANTOWN,20874
2022,"AMERICAN PHYSICAL SOCIETY",1,0,2,0,54,6610,MD,"COLLEGE PARK",20740
2022,"AMIR & ASSOCIATES INC",1,0,0,0,23,4845,MD,"CHEVY CHASE",20815
2022,"AMOBEE INC",1,0,0,0,54,1822,MD,BALTIMORE,21230
2022,"AN BIOTECH LLC",1,0,0,0,54,0110,MD,BETHESDA,20817
2022,"ANGELS HEART ASSISTED LIVING HOME",0,0,1,0,62,2539,MD,"BRYANS ROAD",20616
2022,"ANNAPATH INC",0,0,1,0,62,5268,MD,BOWIE,20715
2022,"ANNE ARUNDEL COUNTY PUBLIC SCHOOLS",15,0,6,0,61,0882,MD,ANNAPOLIS,21401
2022,"ANTARES GROUP INC",0,0,1,0,54,2629,MD,EDGEWATER,21037
2022,"ANUNTA TECH INC",2,0,0,0,54,2218,MD,GAITHERSBURG,20878
2022,"APEX IT SERVICES LLC",0,0,1,0,54,1676,MD,COLUMBIA,21044
2022,"APEX TOOL GROUP LLC",0,0,4,0,33,6059,MD,"SPARKS GLENCOE",21152
2022,"APEX TOOL GROUP LLC",0,0,1,0,33,6059,MD,SPARKS,21152
2022,"APHENA PHARMA SOLUTIONS-MD LLC",0,0,1,0,33,1696,MD,EASTON,21601
2022,"APKUDO INC",0,0,1,1,54,7216,MD,BALTIMORE,21224
2022,"APPLICATIONSONLINE LLC",1,0,0,0,54,7652,MD,BALTIMORE,21210
2022,"APPLIED SOFTWARE INC DBA MAGVIEW",0,0,1,0,51,6347,MD,FULTON,20759
2022,"APT HOLDINGS LLC D/B/A ACTIVE PHYSICAL THERAPY",4,0,8,0,62,2042,MD,"GLEN BURNIE",21061
2022,"APT HOLDINGS LLC DBA ACTIVE PHYSIC",0,0,2,0,62,2042,MD,"GLEN BURNIE",21061
2022,"APT HOLDINGS LLC DBA ACTIVE PHYSICAL THERAPY",1,0,7,0,62,2042,MD,"GLEN BURNIE",21061
2022,"APTENODYTES INC",1,0,0,0,54,6218,MD,GLENELG,21737
2022,"AQUIL SYSTEMS INC",4,0,0,0,54,9891,MD,GERMANTOWN,20874
2022,"ARCELLX INC",0,0,1,0,54,5917,MD,GAITHERSBURG,20878
2022,"ARCH SYSTEMS LLC",0,0,1,0,54,5636,MD,BALTIMORE,21230
2022,"ARCH SYSTEMS LLC",0,0,1,0,54,5656,MD,BALTIMORE,21230
2022,"ARCTIC SLOPE MISSION SVCS LLC",0,0,1,0,54,0103,MD,BELTSVILLE,20705
2022,"AREENASOFT CORPORATION",0,0,1,0,54,0279,MD,ROCKVILLE,20850
2022,"ARGENTYS INFORMATICS LLC",0,0,1,0,54,3422,MD,GAITHERSBURG,20877
2022,"ARIADNE GENOMICS INC",1,0,2,0,54,3369,MD,GAITHERSBURG,20877
2022,"ARINC INC DBA COLLINS AEROSPACE",1,0,8,0,33,3720,MD,ANNAPOLIS,21401
2022,"ARINC INCORPORATED D/B/A COLLINS AEROSPACE",2,0,12,0,33,3720,MD,ANNAPOLIS,21401
2022,"ARK INFOTECH LLC",2,0,2,0,54,4973,MD,CLARKSBURG,20871
2022,"ARTEMIS REAL ESTATE PARTNERS LLC",0,0,1,0,53,5635,MD,"CHEVY CHASE",20815
2022,"ARYA CIVIL LLC",0,0,1,0,54,6478,MD,LAUREL,20707
2022,"ASBURY ATLANTIC INC",0,0,2,0,62,7956,MD,FREDERICK,21703
2022,"ASCELLAS SOLUTIONS LC",0,0,1,0,54,1846,MD,COLUMBIA,21046
2022,"ASCENTAGE PHARMA GROUP INC",1,0,1,0,54,4123,MD,ROCKVILLE,20850
2022,"ASCLEPIUS SOLUTIONS INC",1,0,1,0,99,9591,MD,KENSINGTON,20895
2022,"ASRC FEDERAL DATA NETWORX",0,0,2,0,51,0573,MD,BELTSVILLE,20705
2022,"ASRC FEDERAL DATA SOLUTIONS",0,0,2,0,51,8645,MD,BELTSVILLE,20705
2022,"ASRC FEDERAL HIGHLAND TECHNOLOGIES",0,0,2,0,54,4524,MD,BELTSVILLE,20705
2022,"ASSISTED REHAB INCORPORATED",0,0,1,0,62,2216,MD,BALTIMORE,21218
2022,"ASSOCIATED PRO REHABILITATION SERV",1,0,0,0,62,7113,MD,LAUREL,20708
2022,"ASSOCIATION OF UNIVERSITIES FOR RESEARCH IN ASTRONOMY AURA",4,0,4,0,92,8043,MD,BALTIMORE,21218
2022,"ASTON CARTER INC",1,0,1,0,54,3942,MD,HANOVER,21076
2022,"ASTOR & SANDERS CORPORATION",0,0,7,0,54,5248,MD,ROCKVILLE,20850
2022,"ASTRAZENECA PHARMACEUTICALS LP",0,0,1,0,54,7016,MD,GAITHERSBURG,20878
2022,"ASTRAZENECA PHARMACEUTICALS LP",23,0,60,0,32,7016,MD,GAITHERSBURG,20878
2022,"ATLAS SECURITY PRODUCTS INC",1,0,0,0,33,9080,MD,POTOMAC,20854
2022,"ATRADIUS TRADE CREDIT INSURANCE INC",0,0,1,0,52,7914,MD,"HUNT VALLEY",21031
2022,"AUDACIOUS INQUIRY LLC",1,0,0,0,54,1926,MD,BALTIMORE,21228
2022,"AUDACIOUS INQUIRY LLC",0,0,4,0,54,1926,MD,CATONSVILLE,21228
2022,"AURA SPACE TELESCOPE SCIENCE INSTI",2,0,0,0,92,8043,MD,BALTIMORE,21218
2022,"AUROTECH INC",0,0,2,0,54,5587,MD,"SILVER SPRING",20910
2022,"AUTO CARE ASSOCIATION",0,0,1,0,81,2219,MD,BETHESDA,20814
2022,"AUTONOMOUS THERAPEUTICS INC",1,0,0,0,54,8129,MD,"SILVER SPRING",20902
2022,"AVALERE HEALTH LLC",0,0,3,0,54,0787,MD,BOWIE,20716
2022,"AVAR CONSULTING INC",0,0,1,0,54,9508,MD,ROCKVILLE,20850
2022,"AVIDEONCRM LLC",1,0,0,0,54,2734,MD,BALTIMORE,21211
2022,"AXIOM SYSTEMS INC",0,0,3,0,54,1822,MD,FREDERICK,21701
2022,"AXLE INFORMATICS LLC",0,0,2,0,54,3966,MD,"N BETHESDA",20852
2022,"AXLE INFORMATICS LLC",11,0,2,0,54,3966,MD,"NORTH BETHESDA",20852
2022,"AXLE INFORMATICS LLC",4,0,8,0,54,3966,MD,ROCKVILLE,20852
2022,"AYERS SAINT GROSS INC",1,0,5,0,54,9570,MD,BALTIMORE,21230
2022,"AYT GROUP INC DBA AYT AUTO",1,0,0,0,81,2794,MD,"UPPER MARLBORO",20772
2022,"AZZUR GROUP LLC DBA AZZUR WASHINGTON LLC",0,0,1,0,54,7311,MD,BETHESDA,20814
2022,"BALITMORE AIRCOIL COMPANY",0,0,1,0,33,1722,MD,JESSUP,20794
2022,"BALTIMORE AIRCOIL COMPANY",0,0,2,0,33,1722,MD,JESSUP,20794
2022,"BALTIMORE AIRCOIL COMPANY INC",0,0,4,0,33,1722,MD,JESSUP,20794
2022,"BALTIMORE CITY PUBLIC SCHOOLS",0,1,0,0,61,4235,MD,BALTIMORE,21202
2022,"BALTIMORE COUNTRY CLUB",0,0,1,0,71,6190,MD,BALTIMORE,21210
2022,"BALTIMORE SYMPHONY ORCHESTRA BSO",0,0,1,0,71,9696,MD,BALTIMORE,21201
2022,"BANNER LIFE INSURANCE CO",0,0,1,0,52,6145,MD,FREDERICK,21704
2022,"BASTOLA ACCOUNTING & FINANCIAL SER",1,0,0,0,54,1833,MD,GAITHERSBURG,20879
2022,"BAY AREA COUNSELING & CONSULTATION",0,0,1,0,62,6645,MD,"GLEN BURNIE",21061
2022,"BAYWOOD HOTELS INC",1,0,1,0,72,3874,MD,COLUMBIA,21046
2022,"BCT ARCHITECTS LLC DBA BCT DESIGN",0,0,1,0,54,1969,MD,BALTIMORE,21201
2022,"BEHAVIORAL EDUCATIONAL SOLUTIONS",1,0,0,0,62,2631,MD,"SILVER SPRING",20910
2022,"BEL ENGINEERING LLC",1,0,0,0,54,7884,MD,"TEMPLE HILLS",20748
2022,"BELFAST VALLEY CONTRACTORS INC",0,0,1,0,23,6582,MD,DUNDALK,21222
2022,"BELL FRECH & JACOBS LLC",0,0,1,0,54,7311,MD,COLUMBIA,21044
2022,"BELLTECH LLC",1,0,0,0,54,3743,MD,CLARKSBURG,20871
2022,"BENJAMIN L ENGLAND & ASSOCIATES LL",1,0,0,0,54,7472,MD,"GLEN BURNIE",21061
2022,"BESTWAY RECYCLING LLC",0,1,0,0,56,3608,MD,ELKRIDGE,21075
2022,"BILL ME LATER INC",0,1,28,0,52,1578,MD,"LUTHERVILLE TIMONIUM",21093
2022,"BILL ME LATER INC",9,0,7,0,52,1578,MD,TIMONIUM,21093
2022,"BIOASTRUM CORPORATION",0,0,1,0,42,6154,MD,BELTSVILLE,20705
2022,"BIOINNOVATISE INC",1,0,0,0,62,8519,MD,ROCKVILLE,20850
2022,"BIOSTAT SOLUTIONS LLC",1,0,0,1,54,3663,MD,FREDERICK,21703
2022,"BIZIT CONSULTANTS INC",0,0,1,0,54,9704,MD,COLUMBIA,21046
2022,"BLACK ANKLE VINEYARDS LLC",1,0,0,0,31,4703,MD,"MOUNT AIRY",21771
2022,"BLEND360 LLC",17,1,17,0,54,5356,MD,COLUMBIA,21044
2022,"BLITZ IT SOLUTIONS INC",0,0,1,0,54,8472,MD,TOWSON,21204
2022,"BLOOMING BODH LLC",3,0,0,0,54,8051,MD,GERMANTOWN,20876
2022,"BLOSSOM SOLUTIONS INC",0,0,1,0,54,2252,MD,"ELLICOTT CITY",21043
2022,"BLOSSOMS SOLUTIONS INC",0,0,2,0,54,2252,MD,"ELLICOTT CITY",21043
2022,"BLUE PLANET INC",1,0,3,0,42,0499,MD,BELTSVILLE,20705
2022,"BOARD OF EDUCATION OF ALLEGANY COUNTY",1,0,1,0,61,0868,MD,CUMBERLAND,21502
2022,"BRIGHTFIND HOLDCO LLC T/A BRIGHTFI",0,0,1,0,54,4264,MD,"SILVER SPRING",20910
2022,"BRIVO SYSTEMS LLC",0,0,1,0,54,6161,MD,BETHESDA,20814
2022,"BRIVO SYSTEMS LLC",1,0,1,0,56,6161,MD,BETHESDA,20814
2022,"BRONTIDE LLC",0,0,1,0,54,3723,MD,BETHESDA,20817
2022,"BROWN CAPITAL MGT HOLDINGS INC",0,0,1,0,52,0665,MD,BALTIMORE,21202
2022,"BRUDIS & ASSOCIATES INC",0,0,1,0,54,1020,MD,COLUMBIA,21045
2022,"BTE TECHNOLOGIES LLC",0,0,2,0,33,6779,MD,HANOVER,21076
2022,"BUSINESS INTEGRA TECH SOLNS INC",0,0,3,0,54,9304,MD,BETHESDA,20817
2022,"BUSINESS INTEGRA TECHNOLOGY SOLUTIONS INC",0,0,7,1,54,9304,MD,BETHESDA,20817
2022,"BUTLER MONTESSORI MONTESSORI COUNT",0,0,1,0,61,1109,MD,GERMANTOWN,20874
2022,"C C JOHNSON & MALHOTRA P C CCJM",1,0,0,0,54,0780,MD,ROCKVILLE,20850
2022,"C C JOHNSON & MALHOTRA PC CCJM",2,0,1,0,54,0780,MD,ROCKVILLE,20850
2022,"CADMIUM LLC",0,0,1,0,99,4166,MD,"FOREST HILL",21050
2022,"CALIBRE CPA GROUP PLLC",0,0,1,1,54,0880,MD,BETHESDA,20814
2022,"CALLISONRTKL INC",0,0,1,1,54,4069,MD,BALTIMORE,21231
2022,"CANGENE BIOPHARMA LLC",1,0,0,0,32,6514,MD,BALTIMORE,21230
2022,"CANGENE BIOPHARMA LLC",0,0,3,0,32,6514,MD,GAITHERSBURG,20879
2022,"CANTON & COMPANY LLC",1,0,0,0,54,0026,MD,BALTIMORE,21224
2022,"CANTON CHEM INC",0,0,1,0,32,4725,MD,CLARKSVILLE,21029
2022,"CAPITAL BELTWAY LTD PARTNERSHIP DB",0,0,2,0,72,5042,MD,LANHAM,20706
2022,"CAPITIS SOLUTIONS INC",1,0,0,0,54,5884,MD,CLARKSVILLE,21029
2022,"CAPITOL DEVELOPMENT DESIGN INC",1,0,1,0,54,0546,MD,BELTSVILLE,20705
2022,"CAPITOL HILL GROUP",0,0,1,1,52,6561,MD,BETHESDA,20814
2022,"CAREFIRST OF MARYLAND INC DBA CARE",0,0,0,1,52,5894,MD,BALTIMORE,21224
2022,"CAREMETX LLC",0,0,3,0,51,,MD,BETHESDA,20814
2022,"CARNEGIE INSTITUTION FOR SCIENCE",1,0,0,0,54,6523,MD,BALTIMORE,21218
2022,"CARTER CONTROL SYSS INC DBA CARTER",0,0,1,0,33,9043,MD,FREDERICK,21704
2022,"CAV MANUFACTURING",0,0,1,0,33,5892,MD,SALISBURY,21801
2022,"CCL USA INC",0,0,1,0,33,9321,MD,JESSUP,20794
2022,"CENTER FOR CHILDREN INC",1,0,0,0,62,1026,MD,"LA PLATA",20646
2022,"CENTRAL BALTIMORE PARTNERSHIP INC",1,0,0,0,81,2736,MD,BALTIMORE,21218
2022,"CENTREVILLE DRUGS INC DBA EDWARDS PHARMACY",0,0,1,0,44,7774,MD,CENTREVILLE,21617
2022,"CERTIFY GLOBAL INC",2,0,2,0,54,8064,MD,GAITHERSBURG,20878
2022,"CEVA TECHNOLOGIES INC",0,0,1,0,54,6378,MD,ROCKVILLE,20850
2022,"CHABERTON ENERGY HOLDINGS INC",0,0,1,0,54,0851,MD,ROCKVILLE,20852
2022,"CHAGS HEALTH INFORMATION TECH LLC",1,0,23,0,54,8765,MD,COLUMBIA,21044
2022,"CHAKRA CONSULTING INC",2,0,0,1,54,8224,MD,CLARKSBURG,20871
2022,"CHALLENGER TRANSPORTATION INC",1,0,0,0,48,0655,MD,GAITHERSBURG,20879
2022,"CHARLES P JOHNSON & ASSOCIATES INC",0,0,1,0,54,9946,MD,"SILVER SPRING",20903
2022,"CHAWLA & CHAWLA PC",1,0,2,0,54,0178,MD,GAITHERSBURG,20877
2022,"CHEMPACIFIC CORPORATION",1,0,0,0,32,8942,MD,BALTIMORE,21224
2022,"CHILD TRENDS INC",1,0,0,0,54,2969,MD,BETHESDA,20814
2022,"CHINESE CULTURE & COMMUNITY SVC CE",0,0,1,0,62,7918,MD,GAITHERSBURG,20877
2022,"CHIRAG V PATEL AND ASSOCIATES PA",1,0,0,0,54,9748,MD,"CHEVY CHASE",20815
2022,"CHUGH LLP",1,0,0,0,54,0556,MD,"ELLICOTT CITY",21043
2022,"CI DESIGN INC",1,0,1,0,54,3435,MD,BALTIMORE,21202
2022,"CIENA COMMUNICATIONS INC",1,0,2,1,33,5579,MD,HANOVER,21076
2022,"CIENA CORPORATION",1,0,31,1,33,5311,MD,HANOVER,21076
2022,"CIENA CORPORATION",2,0,0,0,54,5311,MD,HANOVER,21076
2022,"CITY OF FREDERICK",1,0,0,0,92,0789,MD,FREDERICK,21701
2022,"CLARK CONSTRUCTION GROUP LLC",1,0,2,0,23,7399,MD,BETHESDA,20814
2022,"CLARK CONSTRUCTION GROUP LLC",0,0,4,0,54,7399,MD,BETHESDA,20814
2022,"CLARK FOUNDATIONS LLC",0,0,1,0,23,9015,MD,BETHESDA,20814
2022,"CLASS OF AMERICA LLC",0,0,1,0,54,2634,MD,"ELLICOTT CITY",21042
2022,"CLEAR GUIDE MEDICAL INC",0,0,1,0,33,5958,MD,BALTIMORE,21211
2022,"CLEARAVENUE LLC",0,0,1,0,54,0076,MD,COLUMBIA,21046
2022,"CLEARONE ADVANTAGE LLC",0,0,1,0,54,5163,MD,BALTIMORE,21224
2022,"CLIENT NETWORK SVCS LLC DBA CNSI",2,0,68,3,54,2098,MD,ROCKVILLE,20850
2022,"CLIENT SOFTWARE SERVICES LLC",7,0,6,0,54,5861,MD,GAITHERSBURG,20877
2022,"CLIENT SOFTWARE SERVICES LLC.",2,0,0,0,54,5861,MD,GAITHERSBURG,20877
2022,"CLINTON RIES LANDSCAPE ARCHITECTS",0,0,1,0,54,9987,MD,HYATTSVILLE,20781
2022,"CLOUDWARE LLC",1,0,0,0,54,9112,MD,GAITHERSBURG,20878
2022,"CMDS INC DBA CMDS",0,0,1,0,54,0844,MD,FULTON,20759
2022,"COASTAL SUNBELT LLC",0,0,1,0,42,9375,MD,LAUREL,20723
2022,"COBB SYSTEMS GROUP LLC",1,0,1,0,51,0603,MD,GAITHERSBURG,20878
2022,"CODE ACUITY INC",5,0,1,0,54,7988,MD,ROCKVILLE,20850
2022,"CODE ACUITY INC",0,0,1,0,54,7998,MD,ROCKVILLE,20850
2022,"CODEX BIOSOLUTIONS INC",1,0,0,0,54,5130,MD,ROCKVILLE,20852
2022,"COLERIDGE INITIATIVE INC",0,0,0,1,54,3735,MD,"CHEVY CHASE",20815
2022,"COLLABORATIVE LLC",2,0,0,0,56,5216,MD,"ELLICOTT CITY",21042
2022,"COLORLAB CORPORATION",0,0,1,0,51,9347,MD,ROCKVILLE,20852
2022,"COLUMBIA CHEMISTS LLC D/B/A FELDMANS MEDICAL CENTER PHARMACY",0,0,1,0,44,0727,MD,COLUMBIA,21044
2022,"COLUMBIA RX LLC DBA ULTRA CARE PHA",0,0,1,0,44,3162,MD,COLUMBIA,21044
2022,"COMMON SECURITIZATION SOLNS LLC",0,0,4,1,52,7230,MD,BETHESDA,20814
2022,"COMMON SECURITIZATION SOLUTIONS LLC",0,0,6,1,52,7230,MD,BETHESDA,20814
2022,"COMMUNICATIONS ELECTRONICS INC",0,0,1,0,54,9196,MD,"LUTHERVILLE TIMONIUM",21093
2022,"COMMUNITY BEHAVIORAL HEALTH LLC",1,0,0,0,52,0370,MD,COLUMBIA,21044
2022,"COMPASS LEXECON LLC",5,0,11,0,54,2099,MD,BOWIE,20715
2022,"COMPREHENSIVE RESEARCH SOLUTIONS LLC",1,0,0,0,54,1244,MD,BETHESDA,20817
2022,"COMPUBAHN INC",1,0,0,0,54,5148,MD,GAITHERSBURG,20878
2022,"COMPUBAHN INC",0,0,0,1,54,5148,MD,BETHESDA,20814
2022,"COMPUTER PACKAGES INC",1,0,1,0,54,9326,MD,ROCKVILLE,20850
2022,"CONCAT GLOBAL INC",0,0,1,0,54,2533,MD,"ELLICOTT CITY",21043
2022,"CONSORTIUM HEALTH PLANS INC",0,0,1,0,54,3715,MD,COLUMBIA,21044
2022,"CONSTELLIUM US HOLDINGS I LLC",0,0,1,0,33,6819,MD,BALTIMORE,21202
2022,"CONSTRUCTIVIQ INC",0,0,1,0,51,3816,MD,ROCKVILLE,20850
2022,"CONTEMPORARIES INC",1,0,0,0,56,6974,MD,"SILVER SPRING",20910
2022,"CORESPHERE LLC",0,0,2,0,54,6452,MD,BETHESDA,20817
2022,"CORETECHS CONSULTING, INC.",1,0,0,0,54,9227,MD,KENSINGTON,20895
2022,"CORPORATE BROKERS LLC DBA TENTIAL",0,0,6,0,56,8864,MD,ANNAPOLIS,21401
2022,"COUNCILOR BUCHANAN & MITCHELL PC",0,0,2,0,54,1839,MD,BETHESDA,20814
2022,"COVE POINT LNG LP",0,0,3,0,21,3076,MD,LUSBY,20657
2022,"COVE POINT LNG LP",0,0,1,0,99,3076,MD,LUSBY,20657
2022,"CR GOODMAN ASSOCIATES, INC.",1,0,0,0,54,8027,MD,BALTIMORE,21230
2022,"CRITICAL SYSTEMS LLC",1,0,0,0,54,4973,MD,ROCKVILLE,20852
2022,"CTIS INC",0,0,5,0,54,8917,MD,ROCKVILLE,20850
2022,"CURIOSITY INC",0,0,1,0,51,3421,MD,"SILVER SPRING",20910
2022,"CUSTOMERFIRST RENEWABLES LLC",1,0,0,0,54,6571,MD,BETHESDA,20814
2022,"CV INC",0,0,2,0,54,1932,MD,ROCKVILLE,20850
2022,"CVR MGT LLC DBA CTR FOR VEIN RESTO",0,0,2,0,62,2820,MD,GREENBELT,20770
2022,"CW PROFESSIONAL SERVICES LLC",0,0,1,0,54,3320,MD,BETHESDA,20817
2022,"CW PROFESSIONAL SERVICES LLC DBA",0,0,1,0,54,3320,MD,BETHESDA,20817
2022,"CYBER INFOTECH LLC",4,0,6,0,54,0164,MD,GAITHERSBURG,20877
2022,"CYQUENT INC",1,0,0,0,54,6912,MD,ROCKVILLE,20850
2022,"DAI GLOBAL LLC",0,0,1,0,92,4808,MD,BETHESDA,20814
2022,"DANFOSS LLC",3,0,10,0,33,4543,MD,"MIDDLE RIVER",21220
2022,"DANFOSS LLC",1,0,1,0,33,0979,MD,BALTIMORE,21220
2022,"DANFOSS LLC",1,0,4,0,33,0979,MD,"MIDDLE RIVER",21220
2022,"DANFOSS LLC",2,0,2,0,33,4543,MD,BALTIMORE,21220
2022,"DANIEL CONSULTANTS INC",0,0,1,0,54,4593,MD,COLUMBIA,21045
2022,"DAP GLOBAL INC",0,0,2,0,32,7308,MD,BALTIMORE,21224
2022,"DAS FEDERAL LLC",1,0,0,0,54,4292,MD,GAITHERSBURG,20877
2022,"DATA MANAGEMENT SERVICES INC",0,0,1,0,54,8039,MD,"SILVER SPRING",20910
2022,"DATALAB USA LLC",2,0,2,0,51,4299,MD,GERMANTOWN,20874
2022,"DATAPRISE LLC",0,0,1,0,54,0434,MD,ROCKVILLE,20850
2022,"DATAREVIVE USA LLC",5,0,0,0,54,7219,MD,ROCKVILLE,20850
2022,"DAVIS VISION INC",0,0,1,0,52,1991,MD,"LINTHICUM HEIGHTS",21090
2022,"DD&B CONSTRUCTION INC",1,0,5,0,23,4881,MD,GAITHERSBURG,20878
2022,"DECALOGUE INC",10,0,2,0,54,8020,MD,CLARKSBURG,20871
2022,"DECISIONPOINT CORPORATION",0,0,1,0,54,5202,MD,GAITHERSBURG,20877
2022,"DEMBO JONES PC",0,0,1,0,99,3331,MD,ROCKVILLE,20852
2022,"DESBUILD INC",0,0,1,0,23,5349,MD,HYATTSVILLE,20781
2022,"DHARANI JASTHI DMD PC DBA TODAYS DENTAL ASSOCS",0,0,1,0,62,1270,MD,CATONSVILLE,21228
2022,"DHILLON ENGINEERING INC",0,0,1,0,54,4282,MD,"OWINGS MILLS",21117
2022,"DIGICON CORPORATION",1,0,0,0,54,6314,MD,ROCKVILLE,20852
2022,"DIGITAL INFUZION INC",1,0,2,0,54,0398,MD,GAITHERSBURG,20878
2022,"DIGITAL MANAGEMENT LLC",0,0,13,0,54,5254,MD,BETHESDA,20817
2022,"DIGITAL MOBILE INNOVATIONS LLC",8,0,12,0,54,2271,MD,BETHESDA,20817
2022,"DISCOVERY COMMUNICATIONS LLC",0,0,1,0,51,4298,MD,"SILVER SPRING",20910
2022,"DISCOVERY LATIN AMERICA LLC",0,0,1,0,54,9598,MD,"SILVER SPRING",20910
2022,"DISTRICT SCHEDULING CONSULTANTS LL",0,0,1,0,99,9394,MD,ROCKVILLE,20850
2022,"DLA PIPER LLP US",1,0,3,0,54,6490,MD,BALTIMORE,21209
2022,"DM ENTERPRISES OF BALTIMORE LLC",0,0,1,0,99,3486,MD,BALTIMORE,21202
2022,"DONOSO & PARTNERS LLC",0,0,1,0,54,2368,MD,BETHESDA,20814
2022,"DOYLE CONSTRUCTION COMPANY",1,0,0,0,23,8466,MD,ROCKVILLE,20850
2022,"DRFIRST.COM INC",1,0,17,0,54,2902,MD,ROCKVILLE,20850
2022,"DRUGS CURE PHARMACY & SURGICALS LLC",0,0,1,0,44,9980,MD,DUNDALK,21222
2022,"DSFEDERAL INC",1,0,1,0,54,5178,MD,ROCKVILLE,20852
2022,"DSFEDERAL INC",1,0,2,0,54,5178,MD,ROCKVILLE,20850
2022,"DU ADVISORS LLC",1,0,0,0,54,0953,MD,CLARKSVILLE,21029
2022,"DURABLE CAPITAL PARTNERS LP",0,0,1,0,52,6043,MD,BETHESDA,20814
2022,"DUSTIN CONSTRUCTION INC",1,0,1,0,23,8630,MD,IJAMSVILLE,21754
2022,"DYNAFLOW INC",1,0,0,0,54,3410,MD,JESSUP,20794
2022,"DYNANET CORPORATION",0,0,1,0,54,6355,MD,ELKRIDGE,21075
2022,"EA ENGINEERING SCIENCE AND TECHN",0,0,1,0,56,1911,MD,"HUNT VALLEY",21031
2022,"EA ENGINEERING SCIENCE AND TECHNOLOGY INC PBC",1,0,1,0,56,1911,MD,"HUNT VALLEY",21031
2022,"EAGLESTONE WEALTH ADVISORS INC",0,0,1,0,54,1743,MD,ROCKVILLE,20852
2022,"EARTH RESOURCES TECHNOLOGY INC",0,0,1,0,54,9801,MD,LAUREL,20707
2022,"EASTLAND FOOD CORPORATION",6,0,3,1,42,9933,MD,JESSUP,20794
2022,"EBA ENGINEERING INC",0,0,1,0,54,2613,MD,LAUREL,20707
2022,"EBSOFT CONSULTING INC",1,0,2,0,54,0145,MD,LAUREL,20723
2022,"EDISQUARE INC",5,0,18,2,54,7031,MD,GERMANTOWN,20876
2022,"ELEMENT FLEET CORPORATION",0,0,1,0,53,4566,MD,SPARKS,21152
2022,"ELIASSEN GOVERNMENT SERVICES LLC",0,0,4,0,56,3536,MD,BETHESDA,20817
2022,"ELIXIR LAB USA INC",1,0,0,0,54,3839,MD,POTOMAC,20854
2022,"ELIXIR LAB USA INC DBA CARDINALITY",1,1,9,0,54,3839,MD,POTOMAC,20854
2022,"ELKTON NURSING AND REHABILITATION",0,0,1,0,62,5827,MD,ELKTON,21921
2022,"EMERGENCY MEDICINE ASSO PA PC",1,0,0,0,62,2668,MD,GERMANTOWN,20876
2022,"EMERGENCY MEDICINE ASSOCIATES PA P",2,0,0,0,62,2668,MD,GERMANTOWN,20876
2022,"EMERGENCY MEDICINE ASSOCIATES PA PC",0,0,3,0,62,2668,MD,GERMANTOWN,20874
2022,"EMERGENCY MEDICINE ASSOCIATES PA PC",2,0,1,0,62,2668,MD,GERMANTOWN,20876
2022,"EMERGENT BIODEFENSE OPERATIONS LANSING LLC",0,0,2,0,32,2788,MD,GAITHERSBURG,20879
2022,"EMERGENT MANUFACTURING OPS BALITMO",0,0,1,0,32,7093,MD,GAITHERSBURG,20879
2022,"EMERGENT MANUFACTURING OPS BALTIMO",0,0,2,0,32,7093,MD,GAITHERSBURG,20879
2022,"EMERGENT PRODUCT DEVELOPMENT GAITHERSBURG INC",0,0,2,0,32,6785,MD,GAITHERSBURG,20879
2022,"EMERGENT TRAVEL HEALTH INC",0,0,2,0,32,0505,MD,GAITHERSBURG,20879
2022,"EMINENT SERVICES CORPORATION",0,0,1,0,99,1275,MD,FREDERICK,21703
2022,"EMOCHA MOBILE HEALTH INC",1,0,0,0,51,5169,MD,BALTIMORE,21201
2022,"ENEWVISION LLC",9,0,3,0,54,0962,MD,COLUMBIA,21045
2022,"ENFOCUS CONSULTING GROUP LLC",0,0,1,0,54,7965,MD,BETHESDA,20817
2022,"ENT & SLEEP SPECIALISTS",1,0,0,0,62,6914,MD,GREENBELT,20770
2022,"ENTERPRISE PEOPLE INC",0,0,1,0,54,6144,MD,ROCKVILLE,20850
2022,"ENTERPRISE RESOURCE PLANNING INTL",0,0,1,0,54,4301,MD,LAUREL,20707
2022,"ENTMATRIX INC",4,1,8,0,54,4199,MD,"ELLICOTT CITY",21043
2022,"ERAN KESSOUS MD PC DBA MONTGOMERY SPORTS MEDICINE CTR",0,0,1,0,62,5618,MD,"SILVER SPRING",20904
2022,"EREVIVAL LLC",1,0,0,0,81,4982,MD,BALTIMORE,21230
2022,"ESAC INC",0,0,1,0,54,9278,MD,ROCKVILLE,20850
2022,"ESSENTIAL SOFTWARE, INC.",1,0,0,0,54,8333,MD,GAITHERSBURG,20878
2022,"ETEK IT SOLUTIONS INC",30,0,2,0,54,1202,MD,FREDERICK,21704
2022,"EUROFINS ELEC & ELECTRONIC TESTING",0,0,1,0,54,2529,MD,BALTIMORE,21230
2022,"EUROFINS ELECTRICAL AND ELECTRONIC TESTING NA INC",1,0,3,0,54,2529,MD,BALTIMORE,21230
2022,"EVERGREEN ADVISORS  LLC",1,0,0,0,52,2903,MD,COLUMBIA,21045
2022,"EVERGREEN THERAPEUTICS INC",0,0,1,0,99,7305,MD,BETHESDA,20817
2022,"EXPLORE DIGITS INC",0,0,1,0,54,7674,MD,"SILVER SPRING",20910
2022,"EYA LLC",0,0,1,0,23,9466,MD,BETHESDA,20814
2022,"EZENIUS INC",1,1,0,0,54,2661,MD,CATONSVILLE,21228
2022,"EZENIUS INC",0,0,1,0,54,2661,MD,COLUMBIA,21044
2022,"FED SUPPORT SPCS LLC DBA FSS GOVT",0,0,1,0,54,8730,MD,ANNAPOLIS,21409
2022,"FEI.COM INC DBA FEI SYSTEMS",0,0,1,0,51,7447,MD,COLUMBIA,21046
2022,"FEI.COM INC DBA FEI SYSTEMS",5,0,31,4,54,7447,MD,COLUMBIA,21046
2022,"FIDELIS CYBERSECURITY INC",0,0,2,0,56,3542,MD,BETHESDA,20814
2022,"FIDELITY BUILDING SERVICES GROUP DBA HVACC LLC",1,0,0,0,42,4716,MD,"SPARKS GLENCOE",21152
2022,"FIDELITY ENGINEERING LLC",1,0,0,0,54,7267,MD,SPARKS,21152
2022,"FILA USA INC",0,0,2,0,42,5992,MD,"SPARKS GLENCOE",21152
2022,"FINANCIAL TRAINING INC",0,0,1,0,61,3149,MD,GAITHERSBURG,20878
2022,"FINDLING INC",0,0,1,0,54,1452,MD,BALTIMORE,21215
2022,"FIRST WASHINGTON REALTY INC",0,0,1,0,53,6967,MD,BETHESDA,20814
2022,"FLAGSHIP REHABILITATION INC",0,0,4,0,62,4024,MD,CUMBERLAND,21502
2022,"FLEET TRANSIT INC",1,0,0,0,48,8775,MD,"CURTIS BAY",21226
2022,"FLYWHEEL DIGITAL LLC",1,0,1,0,54,0408,MD,BALTIMORE,21230
2022,"FOOD & DRUG ADMINISTRATION/HHS",10,0,14,1,54,6965,MD,BETHESDA,20892
2022,"FOOD AND DRUG ADMINISTRATION/HHS",22,0,37,4,54,6965,MD,BETHESDA,20892
2022,"FORRESTER CONSTRUCTION COMPANY",0,0,2,0,54,7647,MD,ROCKVILLE,20852
2022,"FORT LP",0,0,3,0,52,8570,MD,"CHEVY CHASE",20815
2022,"FORTEX LLC",0,0,1,0,54,8631,MD,FREDERICK,21703
2022,"FOULGER-PRATT CONTRACTING LLC",0,0,1,0,23,9759,MD,POTOMAC,20854
2022,"FRIENDS SCHOOL OF BALTIMORE INC",1,0,0,0,61,1602,MD,BALTIMORE,21210
2022,"FRONTLINE COMMUNITY SERVICES INC",1,0,1,1,62,1995,MD,BELTSVILLE,20705
2022,"FRONTLINE COMMUNITY SVCS INC",1,0,0,1,62,1995,MD,BELTSVILLE,20705
2022,"FTI CONSULTING INC",0,0,2,0,54,1113,MD,BOWIE,20715
2022,"FTI CONSULTING SC INC",0,0,2,1,54,8710,MD,BOWIE,20715
2022,"FTI CONSULTING TECHNOLOGY LLC",0,0,1,0,54,6098,MD,BOWIE,20175
2022,"FTI CONSULTING TECHNOLOGY LLC",4,0,3,0,54,6098,MD,BOWIE,20715
2022,"FTI LLC",8,0,19,1,54,5396,MD,BOWIE,20715
2022,"FUSIONSPAN LLC",0,0,2,0,54,0719,MD,ROCKVILLE,20852
2022,"FUTR INC DBA FUTURE",0,0,1,0,51,6489,MD,"SILVER SPRING",20910
2022,"FUTURALIS LLC",2,0,0,0,54,7616,MD,"CHEVY CHASE",20815
2022,"FUTURALIS LLC",1,0,0,0,54,7616,MD,BETHESDA,20815
2022,"FUTURIS TECHNOLOGY SERVICES INC",0,0,1,0,54,7195,MD,ROCKVILLE,20850
2022,"FUZBIEN TECHNOLOGY INSTITUTE INC",0,0,1,0,54,5765,MD,ROCKVILLE,20850
2022,"GALEN ROBOTICS INC",2,0,0,0,33,5826,MD,BALTIMORE,21230
2022,"GARLAND K DAVIS DDS",0,0,1,0,62,5875,MD,LAUREL,20707
2022,"GARRISON FOREST SCHOOL INC",1,0,0,0,61,1516,MD,"OWINGS MILLS",21117
2022,"GCOM INFORMATION TECHNOLOGY INC",9,0,2,0,54,8188,MD,COLUMBIA,21044
2022,"GCOM SOFTWARE LLC",2,0,39,0,54,2922,MD,COLUMBIA,21046
2022,"GCOM SOFTWARE LLC",0,0,1,0,54,2922,MD,FINKSBURG,21048
2022,"GEA SYSTEMS NORTH AMERICA LLC",0,0,1,0,81,1605,MD,COLUMBIA,21045
2022,"GEA SYSTEMS NORTH AMERICA LLC",0,0,2,0,33,1605,MD,COLUMBIA,21045
2022,"GEA SYSTEMS NORTH AMERICA LLC",0,0,1,0,54,1605,MD,COLUMBIA,21045
2022,"GEA SYSTEMS NORTH AMERICA LLC",0,0,1,0,52,1605,MD,COLUMBIA,21045
2022,"GEBBS CONSULTING",0,0,1,0,54,6689,MD,TOWSON,21286
2022,"GENECOPOEIA INC",1,0,0,0,54,4034,MD,ROCKVILLE,20850
2022,"GENERAL CONFERENCE OF SEVENTH DAY ADVENTISTS",1,0,2,0,81,3036,MD,"SILVER SPRING",20904
2022,"GEO TECHNOLOGY ASSOCIATES INC",1,0,0,0,54,4243,MD,ABINGDON,21009
2022,"GEORGETOWN HILL EARLY SCHOOL",0,0,2,0,99,2664,MD,ROCKVILLE,20852
2022,"GETWELLNETWORK INC",0,0,1,0,54,1559,MD,BETHESDA,20814
2022,"GLOBAL ALLIANT INC",2,0,0,0,54,2455,MD,COLUMBIA,21045
2022,"GLOBAL CENTER FOR AUTISM SERVICES LLC",1,0,0,0,62,5944,MD,LANHAM,20706
2022,"GLOBAL ENGINEERING SOLUTIONS INC",0,0,1,0,54,5665,MD,BETHESDA,20817
2022,"GLOBAL STRATEGIES LLC",0,0,1,0,54,8941,MD,LAUREL,20707
2022,"GLOBAL TRADING UNLIMITED INC",0,0,2,0,44,2132,MD,BALTIMORE,21224
2022,"GMED NORTH AMERICA INC",2,0,0,0,54,1815,MD,BETHESDA,20817
2022,"GNOMISH HAT INC DBA HUNT A KILLER",0,0,1,0,42,3279,MD,BALTIMORE,21230
2022,"GOUCHER COLLEGE",1,0,0,0,61,1613,MD,BALTIMORE,21204
2022,"GOVERNMENT EMPLOYEES INSURANCE COMPANY GEICO",0,0,147,4,52,5853,MD,"CHEVY CHASE",20815
2022,"GOVT EMPLOYEES INSUR CO GEICO",0,0,81,4,52,5853,MD,"CHEVY CHASE",20815
2022,"GP STRATEGIES CORP",0,0,2,0,54,5774,MD,COLUMBIA,21044
2022,"GR VALIDATION & COMPLIANCE SVCS I",0,0,2,1,54,9789,MD,IJAMSVILLE,21754
2022,"GRANT LEADING TECHNOLOGY LLC",0,0,2,0,54,9544,MD,RIVERDALE,20737
2022,"GRAY & MICHELLE EXPORT LLC",1,0,0,0,52,3633,MD,ROCKVILLE,20850
2022,"GRAYBUG VISION INC",0,0,1,0,54,0079,MD,BALTIMORE,21224
2022,"GROVE RESOURCE SOLUTIONS INC",0,0,3,0,54,7327,MD,BETHESDA,20817
2022,"GROVE RESOURCE SOLUTIONS INC",0,0,1,0,54,7327,MD,FREDERICK,21703
2022,"GSE SERVICES COMPANY LLC",0,0,1,0,54,7977,MD,COLUMBIA,21046
2022,"GWWO INC",0,0,1,0,54,6101,MD,BALTIMORE,21211
2022,"GYMFIT HEALTH NETWORK LLC DBA GYMFIT PHYSICAL THERAPY WELLNESS",0,0,1,0,62,6759,MD,WALDORF,20603
2022,"HAMILTON ENTERPRISES LLC DBA FRANKLIN AND TURNER",0,0,2,0,54,7883,MD,GREENBELT,20770
2022,"HANSOH BIO LLC",3,0,0,0,54,6793,MD,ROCKVILLE,20850
2022,"HARBOR DESIGNS & MANUFACTURING LLC",0,0,1,0,54,1783,MD,BALTIMORE,21230
2022,"HARBOR EXPERTS LLC",1,0,0,0,54,1514,MD,PIKESVILLE,21208
2022,"HEALABLE INC",0,0,1,0,54,9126,MD,ROCKVILLE,20850
2022,"HEALTH ANALYTICS LLC",2,0,0,0,54,9663,MD,COLUMBIA,21045
2022,"HEALTHCARE STRATEGY PARTNERS LLC",0,0,1,0,54,3194,MD,SYKESVILLE,21784
2022,"HEALTHPRO HERITAGE AT HOME LLC",0,0,1,0,62,1605,MD,"HUNT VALLEY",21030
2022,"HEALTHPRO HERITAGE LLC",0,0,1,0,62,9377,MD,COCKEYSVILLE,21030
2022,"HEALTHY DENTAL OF HYATTSVILLE LLC",0,0,1,0,62,9328,MD,HYATTSVILLE,20782
2022,"HEALTHY TEEN NETWORK INC",0,0,1,0,81,2530,MD,CHURCHVILLE,21028
2022,"HECTOR SYSTEMS INC",1,0,0,0,54,8144,MD,LAUREL,20707
2022,"HELIOCAMPUS INC",0,0,2,0,54,7643,MD,BETHESDA,20814
2022,"HEMEMICS BIOTECHNOLOGIES INC",1,0,0,0,54,2414,MD,GAITHERSBURG,20879
2022,"HERAEUS NOBLELIGHT AMERICA LLC",0,0,1,0,33,1179,MD,GAITHERSBURG,20878
2022,"HH MEDSTAR HEALTH INC",1,0,0,0,62,2230,MD,BALTIMORE,21236
2022,"HH MEDSTAR HEALTH INC",0,0,1,0,62,2230,MD,BALTIMORE,21237
2022,"HH MEDSTAR HEALTH INC",5,1,24,0,62,2230,MD,COLUMBIA,21044
2022,"HH MEDSTAR HEALTH INC",0,0,2,0,62,2230,MD,"SILVER SPRING",20904
2022,"HH MEDSTAR HEALTH INC",0,0,1,0,62,2230,MD,"WHITE MARSH",21236
2022,"HH MEDSTAR HEALTH INC",0,0,2,0,62,2230,MD,NOTTINGHAM,21236
2022,"HIGHSTREET IT SOLUTIONS LLC",0,0,3,0,54,9428,MD,ROCKVILLE,20852
2022,"HILABS INC",3,0,4,0,54,9968,MD,BETHESDA,20814
2022,"HILABS INC",0,0,3,1,54,9968,MD,OLNEY,20832
2022,"HILLIS-CARNES ENGINEERING ASSOCIATES INC",0,0,3,0,54,9263,MD,"ANNAPOLIS JUNCTION",20701
2022,"HIMALAYA TRADING INC.",1,0,0,0,45,5735,MD,BELTSVILLE,20705
2022,"HMSHOST CORPORATION",0,0,1,0,72,8672,MD,BETHESDA,20817
2022,"HOFFBERGER MOVING SERVICES LLC",0,1,0,0,48,0408,MD,BALTIMORE,21209
2022,"HOME INNOVATION RESEARCH LABS, INC.",1,0,0,0,54,9020,MD,"UPPER MARLBORO",20774
2022,"HOME INNOVATION RESEARCH LABS, INC.",1,0,0,0,54,9020,MD,"UPPR MARLBORO",20774
2022,"HOMECALL INC DBA HOMECALL",0,0,1,0,62,8217,MD,EASTON,21601
2022,"HOMEFREE USA, INC.",1,0,0,0,99,5132,MD,HYATTSVILLE,20785
2022,"HOOD COLLEGE",2,0,0,0,61,1608,MD,FREDERICK,21701
2022,"HOPKINS HOLDING LLC",0,1,1,0,53,9970,MD,"SILVER SPRING",20910
2022,"HORD COPLAN MACHT INC",1,0,1,1,54,6408,MD,BALTIMORE,21202
2022,"HOWARD COMMUNITY COLLEGE",0,0,1,0,61,0106,MD,COLUMBIA,21044
2022,"HOWARD HUGHES MEDICAL INSTITUTE",35,0,29,1,54,5717,MD,ROCKVILLE,20850
2022,"HOWARD HUGHES MEDICAL INSTITUTE",15,0,17,0,54,5717,MD,BETHESDA,20817
2022,"HOWARD HUGHES MEDICAL INSTITUTE HHMI",25,0,24,0,54,5717,MD,BETHESDA,20817
2022,"HOWARD HUGHES MEDICAL INSTITUTE HHMI",11,0,13,0,54,5717,MD,"CHEVY CHASE",20815
2022,"HOWARD HUGHES MEDICAL INSTITUTE HHMI",35,0,30,1,54,5717,MD,ROCKVILLE,20850
2022,"HRD INC",2,0,0,0,54,8951,MD,"GLENN DALE",20769
2022,"HUGHES NETWORK SYSTEMS LLC",57,0,100,6,33,5091,MD,GERMANTOWN,20876
2022,"HUGHES NETWORK SYSTEMS LLC",0,0,1,0,33,6091,MD,GERMANTOWN,20876
2022,"HUGHES NETWORK SYSTEMS LLC",0,0,1,0,33,5091,MD,"PORT REPUBLIC",20676
2022,"HUGHES SYSTIQUE PRIVATE LIMITED",6,0,4,0,54,1217,MD,ROCKVILLE,20850
2022,"HULL STREET ENERGY LLC",0,0,1,0,52,9255,MD,BETHESDA,20814
2022,"HUMAN BIOSCIENCES INC",1,0,0,0,33,7877,MD,GAITHERSBURG,20878
2022,"HUMPHRIES PHARMACEUTICAL CONSULTING, LLC.",1,0,0,0,54,5175,MD,BETHESDA,20817
2022,I4DM,0,0,1,0,54,4072,MD,MILLERSVILLE,21108
2022,"IBEX BIOSCIENCES LLC",0,0,1,0,54,1083,MD,CUMBERLAND,21502
2022,"ICORE INFOTECH INC",5,0,2,0,54,2301,MD,"ELLICOTT CITY",21043
2022,"ICORE INFOTECH INC",2,0,0,0,54,2301,MD,GERMANTOWN,20874
2022,"IDESIGN ENGINEERING INC",0,0,1,0,54,7462,MD,BELTSVILLE,20705
2022,"ILEARNINGENGINES INC",0,0,1,0,51,2335,MD,BETHESDA,20817
2022,"IMAGE DIRECT GROUP LLC",2,0,0,0,32,7472,MD,FREDERICK,21701
2022,"IMPACT ANALYTICS INC",1,0,0,0,54,8385,MD,LINTHICUM,21090
2022,"IMPACT ANALYTICS INC",0,0,2,0,54,8385,MD,"LINTHICUM HEIGHTS",21090
2022,"IMPACT RESEARCH LLC",2,0,0,0,54,5564,MD,COLUMBIA,21044
2022,IMPACTASSETS,1,0,0,0,52,8480,MD,BETHESDA,20814
2022,"IMPERIUM SOLUTIONS INC",1,0,0,0,23,4565,MD,COLUMBIA,21045
2022,"IMRE LLC",0,0,2,0,54,9359,MD,TOWSON,21204
2022,"INCAP GROUP LLC",1,0,0,0,52,5756,MD,BALTIMORE,21202
2022,"INCEPTION ROBOTICS LLC",0,0,1,0,54,1906,MD,LANHAM,20706
2022,"INDIGGO LLC",0,0,1,0,51,7497,MD,BETHESDA,20814
2022,"INDISOFT LLC",0,0,1,0,54,6296,MD,COLUMBIA,21044
2022,"INDIVUMED INC",1,0,0,0,54,5182,MD,FREDERICK,21703
2022,"INFINIA DENTAL INC",0,0,0,1,33,5916,MD,GERMANTOWN,20874
2022,"INFINITE COMPUTER SOLUTIONS INC",78,4,141,7,54,6223,MD,ROCKVILLE,20852
2022,"INFINITE COMPUTER SOLUTIONS INC",0,0,1,0,54,6223,MD,ROCKVILLE,20850
2022,"INFINITE COMPUTER SOLUTIONS INC",0,0,1,0,54,0223,MD,ROCKVILLE,20852
2022,"INFOJINI INC",0,0,3,0,54,4920,MD,COLUMBIA,21046
2022,"INFOTREND INC",1,0,0,0,54,0556,MD,"ELLICOTT CITY",21043
2022,"INNOVATIVE CELLULAR THERAPEUTICS INC",1,0,0,0,54,1557,MD,ROCKVILLE,20850
2022,"INNOVATIVE CONSULTING AND MANAGMENT SERVICES LLC",0,0,1,0,54,5953,MD,"COLLEGE PARK",20740
2022,"INNOVENT BIOLOGICS USA INC",0,0,1,0,99,4072,MD,ROCKVILLE,20850
2022,"INNOVENT BIOLOGICS USA INC",0,0,2,0,32,4072,MD,ROCKVILLE,20850
2022,"INOVALON INC",0,0,1,0,54,0119,MD,BOWIE,20716
2022,"INOVALON INC",7,0,90,4,54,7974,MD,BOWIE,20716
2022,"INOVALON INC",0,0,1,0,45,7974,MD,BOWIE,20716
2022,"INOVALON INC",0,0,1,0,54,7974,MD,BOWIE,20718
2022,"INPATIENT MEDICAL SERVICES INC",0,0,1,0,62,6264,MD,GERMANTOWN,20876
2022,"INSIGHTIN HEALTH INC",2,0,0,0,51,8855,MD,BALTIMORE,21230
2022,"INSIGMA INC",1,0,2,0,54,4671,MD,ROCKVILLE,20850
2022,"INSTITUTE FOR IN VITRO SCIENCES IN",0,0,1,0,54,9668,MD,GAITHERSBURG,20878
2022,"INSTITUTE FOR IN VITRO SCIENCES INC",1,0,2,0,54,9668,MD,GAITHERSBURG,20878
2022,"INSTITUTIONAL SHAREHOLDER SVCS INC",0,0,4,0,52,1449,MD,ROCKVILLE,20850
2022,"INT ASSOC OF MACH AND AERO WORKERS",1,0,0,0,81,1417,MD,"UPPER MARLBORO",20772
2022,"INTEGRACLOUD LLC",0,0,1,0,99,4945,MD,"ELLICOTT CITY",21043
2022,"INTEGRAL CONSULTING SERVICES INC",0,0,2,1,54,1090,MD,ROCKVILLE,20850
2022,"INTEGRATED FINANCIAL ENGINEERING INC",0,0,1,0,54,6473,MD,ROCKVILLE,20850
2022,"INTELLIGENT FUSION TECHNOLOGY INC",1,0,0,0,54,3474,MD,GERMANTOWN,20874
2022,"INTELLIGENT FUSION TECHNOLOGY INC",0,0,2,1,54,3474,MD,GERMANTOWN,20876
2022,"INTERFATH WORKS INC",0,0,1,0,62,2684,MD,ROCKVILLE,20850
2022,"INTERMODAL ASSOCIATION OF NA",0,0,1,0,92,3485,MD,BELTSVILLE,20705
2022,"INTERNATIONAL BUSINESS SALES & SERVICES CORPORATION",1,0,0,0,54,5836,MD,"SILVER SPRING",20910
2022,"INTERNATIONAL SOFTWARE SYSTEMS INC",5,0,23,0,54,5109,MD,GREENBELT,20770
2022,"INTERNET TESTING SYSTEMS LLC",0,0,1,0,54,7554,MD,BALTIMORE,21211
2022,"INTERSOFT DATA LABS INC",4,0,5,0,54,8820,MD,COLUMBIA,21045
2022,"INTYLLUS ADVISORS LLC",0,0,1,0,54,6861,MD,"ELLICOTT CITY",21043
2022,"INVENTWOOD LLC",1,0,0,0,32,6535,MD,"COLLEGE PARK",20742
2022,"IONQ INC",0,0,2,0,51,2175,MD,"COLLEGE PARK",20740
2022,"IONQ QUANTUM INC",3,0,0,0,33,2175,MD,"COLLEGE PARK",20740
2022,"IONQ QUANTUM INC",0,0,2,0,51,2175,MD,"COLLEGE PARK",20740
2022,"IRON FABRICATION SERVICES INC",1,0,0,0,33,4040,MD,"ANNAPOLIS JUNCTION",20701
2022,"ISLAND EMERGENCY MEDICAL SERVICES PC",0,0,1,0,62,7613,MD,GERMANTOWN,20874
2022,"ISTORMWATER LLC",1,0,0,0,56,5440,MD,ANNAPOLIS,21401
2022,"IT LABS INC",0,0,1,0,54,0969,MD,GERMANTOWN,20874
2022,"ITW FOOD EQUIPMENT GROUP LLC",0,0,1,0,33,8406,MD,DUNDALK,21222
2022,"IVY MORTGAGE INC DBA IVY DIRECT",4,3,5,0,52,5834,MD,FULTON,20759
2022,"IZUM INC",1,0,1,0,54,4375,MD,POTOMAC,20854
2022,"IZUM INC",3,0,1,0,54,4375,MD,ROCKVILLE,20854
2022,"JACS SOLUTIONS INC.",1,0,0,0,42,3769,MD,"LINTHICUM HEIGHTS",21090
2022,"JAI MED SYSS MANAGED CARE ORG INC",0,0,1,0,62,1517,MD,COCKEYSVILLE,21030
2022,"JARHER INVESTMENTS LLC",1,0,0,0,62,8691,MD,BETHESDA,20817
2022,"JASON PHARMACEUTICALS INC",1,0,7,1,42,7423,MD,BALTIMORE,21202
2022,"JECHO LABORATORIES INC",0,0,1,0,54,1816,MD,FREDERICK,21704
2022,"JENSEN HUGHES INC",4,0,0,0,54,9515,MD,BALTIMORE,21227
2022,"JOB SOLUTIONS LLC",0,0,1,0,54,1014,MD,ROCKVILLE,20850
2022,"JOHN KILEY CPA LLC",0,0,1,0,44,7408,MD,FREDERICK,21701
2022,"JOHN ZHENG & ASSOCIATES LLC",0,0,0,1,54,5423,MD,CATONSVILLE,21228
2022,"JOHNS HOPKINS COMMUNITY PHYSICIANS INC",1,0,1,0,62,7441,MD,BALTIMORE,21224
2022,"JOHNS HOPKINS HEALTH SYSTEM CORPORATION",3,0,3,0,92,5301,MD,BALTIMORE,21218
2022,"JOHNS HOPKINS HLTH SYSTEM CORP",1,0,3,0,92,5301,MD,BALTIMORE,21218
2022,"JOHNS HOPKINS REGIONAL PHYSICIANS LLC",1,0,1,0,62,4144,MD,BALTIMORE,21218
2022,"JOHNS HOPKINS UNIV",1,0,0,0,61,8700,MD,BALTIMORE,21211
2022,"JOHNS HOPKINS UNIVERSITY",1,0,2,0,61,5110,MD,BALTIMORE,21205
2022,"JOHNS HOPKINS UNIVERSITY",154,0,128,2,61,5110,MD,BALTIMORE,21211
2022,"JOHNS HOPKINS UNIVERSITY APPLIED PHYSICS LABORATORY",2,0,1,0,54,5111,MD,LAUREL,20723
2022,"JOSEPH B FAY COMPANY",0,0,1,0,23,0077,MD,"GLEN BURNIE",21060
2022,"JUBILANT CADISTA PHARMACEUTICALS INC",0,0,2,0,32,1329,MD,SALISBURY,21801
2022,"JY ADVISORY LLC",0,0,0,1,54,2347,MD,POTOMAC,20854
2022,"KALIBRI LABS LLC",1,0,0,0,51,1420,MD,POTOMAC,20859
2022,"KCI TECHNOLOGIES INC",1,0,1,0,54,4386,MD,SPARKS,21152
2022,"KCI TECHNOLOGIES INC",0,0,3,0,54,4386,MD,"SPARKS GLENCOE",21152
2022,"KEEN INSURANCE ASSOCIATES LLC",1,0,0,0,52,1298,MD,"OCEAN CITY",21842
2022,"KELLER NORTH AMERICA INC",0,0,1,0,23,1496,MD,HANOVER,21076
2022,"KELLER NORTH AMERICA INC",2,0,0,0,23,9235,MD,HANOVER,21076
2022,"KEMP PROTEINS LLC",0,0,1,0,99,1042,MD,FREDERICK,21704
2022,"KENNEDY KRIEGER INSTITUTE",8,0,6,0,62,7971,MD,BALTIMORE,21205
2022,"KMM TECHNOLOGIES INC",4,0,3,0,54,5962,MD,ROCKVILLE,20850
2022,"KNORR BRAKE COMPANY LLC",0,0,4,0,33,7214,MD,WESTMINSTER,21157
2022,"KOHLISYS LLC",0,0,1,0,54,0236,MD,GAITHERSBURG,20878
2022,"L-SOFT INTERNATIONAL INC",0,0,1,0,54,5428,MD,BETHESDA,20814
2022,"LAFAYETTE FEDERAL CREDIT UNION",0,0,1,0,52,7895,MD,ROCKVILLE,20852
2022,"LAKE SHORE DRUGS LLC DBA MIKES PHA",0,0,1,0,44,4733,MD,PASADENA,21122
2022,"LARES IT SOLUTIONS INC",2,0,2,0,54,8608,MD,GERMANTOWN,20876
2022,"LATTICE GROUP INC",1,0,1,0,54,3604,MD,GAITHERSBURG,20877
2022,"LAW OFFICE OF RONALD D RICHEY",0,0,0,1,54,5884,MD,ROCKVILLE,20850
2022,"LAW OFFICE OF SARABJIT SINGH",1,0,0,0,54,3416,MD,"SILVER SPRING",20910
2022,"LAW OFFICES OF CAMPOS AND ASSOCIATES LLC",0,0,1,0,54,7477,MD,"SILVER SPRING",20902
2022,"LAXMI DURGA RX LLC DBA EDMONDSON P",0,0,1,0,44,6580,MD,BALTIMORE,21229
2022,"LAXMI ENTERPRISES INC",1,0,0,0,99,2761,MD,TOWSON,21286
2022,"LCG INC",0,0,9,0,54,5862,MD,ROCKVILLE,20852
2022,"LEAD4LIFE INC",1,0,0,0,62,1881,MD,ROCKVILLE,20850
2022,"LEADER FUNDING INC",0,0,1,0,52,4931,MD,ROCKVILLE,20850
2022,"LEADIANT BIOSCIENCES INC",0,0,2,0,32,5370,MD,GAITHERSBURG,20878
2022,"LEAS PLACE LLC DBA MARYLAND NEURO REHAB AND WELLNESS CENTER",0,0,1,0,62,0340,MD,BALTIMORE,21215
2022,"LEGAL AND GENERAL AMERICA INC",0,0,1,0,52,6150,MD,FREDERICK,21704
2022,"LEGG MASON & CO LLC",0,0,1,0,52,1699,MD,BALTIMORE,21202
2022,"LEIDOS BIOMEDICAL RESEARCH INC",9,0,14,1,56,3185,MD,FREDERICK,21702
2022,"LEIDOS BIOMEDICAL RESEARCH INC",0,0,1,0,56,3185,MD,FREDERICK,21701
2022,"LEUTERIO THOMAS LLC",0,0,1,0,54,0293,MD,"OXON HILL",20745
2022,"LHCG CXLIX LLC DBA VNA OF MARYLAND",0,0,0,1,62,8475,MD,"WINDSOR MILL",21244
2022,"LIEBER INST IND D/B/A THE LIEBER I",2,0,1,0,99,0883,MD,BALTIMORE,21205
2022,"LIEBER INSTITUTE INC D/B/A THE LIE",2,0,2,0,99,0883,MD,BALTIMORE,21205
2022,"LIEBER INSTITUTE INC D/B/A THE LIEBER INSTITUTE FOR BRAIN DEVELOPMENT",8,0,4,0,54,0883,MD,BALTIMORE,21205
2022,"LIFEBRIDGE METROPOLITAN PHYSICIAN GROUP LLC",0,0,1,0,62,1538,MD,"OWINGS MILLS",21117
2022,"LIFESPRING COUNSELING SERVICES",1,0,0,0,62,8304,MD,MONKTON,21111
2022,"LINK LABS INC",4,0,0,0,54,7322,MD,ANNAPOLIS,21401
2022,"LIQUIDITY SERVICES INC",0,0,4,0,45,9244,MD,BETHESDA,20814
2022,"LIQUIDITY SERVICES INC",0,0,2,0,99,9244,MD,BETHESDA,20814
2022,"LIVEAREA INC",0,0,3,2,54,6570,MD,COLUMBIA,21046
2022,"LOCKHEED MARTIN CORPORATION",1,0,0,0,54,3632,MD,BETHESDA,20817
2022,"LONG FENCE AND HOME LLLC",1,0,0,0,23,5618,MD,SAVAGE,20763
2022,"LONZA WALKERSVILLE INC",2,0,1,0,32,7176,MD,WALKERSVILLE,21793
2022,"LOTAME SOLUTIONS INC",1,0,1,0,54,8422,MD,COLUMBIA,21045
2022,"LOUVIERE STRATTON & YOKEL LLC",2,0,1,0,54,6233,MD,"SILVER SPRING",20910
2022,"LOWER LLC",0,0,3,0,52,9142,MD,COLUMBIA,21046
2022,"LTN GLOBAL COMMUNICATIONS INC",1,0,0,0,51,3941,MD,COLUMBIA,21046
2022,"LUCID TECHNOLOGY INC",1,0,0,0,54,3324,MD,"OWINGS MILLS",21117
2022,"LUPIN INC",0,0,1,0,42,4814,MD,BALTIMORE,21202
2022,"LUPIN PHARMACEUTICALS INC",0,0,5,0,42,4598,MD,BALTIMORE,21202
2022,"LUPIN RESEARCH INC",0,0,1,0,32,0331,MD,BALTIMORE,21202
2022,"LURN INC",0,0,1,0,61,1912,MD,ROCKVILLE,20850
2022,"LUTHERAN IMMIGRATION AND REFUGEE SERVICE",1,0,0,0,81,4854,MD,BALTIMORE,21230
2022,"MAAKAY GROUP LLC",1,0,0,0,56,1183,MD,BOWIE,20720
2022,"MACHFU INC",0,0,1,0,33,6201,MD,ROCKVILLE,20850
2022,"MACROGENICS INC",0,0,1,0,99,1613,MD,ROCKVILLE,20850
2022,"MAGBIO GENOMICS INC",0,0,1,0,99,8478,MD,GAITHERSBURG,20878
2022,"MALONEY PROPERTY INVESTMENT INC",0,0,1,0,53,9037,MD,CROFTON,21114
2022,"MANSAI CORPORATION",0,0,1,0,54,3329,MD,GREENBELT,20770
2022,"MARINE ROBOTICS LLC",0,0,1,0,54,2785,MD,"SILVER SPRING",20910
2022,"MARINER FINANCE LLC",0,0,1,0,52,3977,MD,NOTTINGHAM,21236
2022,"MARKETSOURCE INC",0,0,1,0,54,5685,MD,HANOVER,21076
2022,"MARKETWISE SOLUTIONS LLC",0,0,9,0,51,2970,MD,BALTIMORE,21201
2022,"MARRIOTT INTERNATIONAL INC",0,0,2,0,72,3298,MD,BETHESDA,20817
2022,"MARRIOTT INTERNATIONAL INC",1,0,17,0,72,5918,MD,BETHESDA,20814
2022,"MARRIOTT INTERNATIONAL INC",2,0,36,1,72,5918,MD,BETHESDA,20817
2022,"MARYLAND INSTITUTE COLLEGE OF ART",2,0,0,0,61,1661,MD,BALTIMORE,21217
2022,"MARYLAND MEDICAL FIRST PA",2,0,2,0,62,0681,MD,PARKVILLE,21234
2022,"MARYLAND ONCOLOGY HEMATOLOGY PA",0,0,1,0,62,2573,MD,COLUMBIA,21044
2022,"MATOS BUILDERS LLC",0,0,1,0,23,1458,MD,BALTIMORE,21231
2022,"MAVIN TECHNOLOGIES INC",16,1,6,1,54,5466,MD,GAITHERSBURG,20879
2022,"MAXCYTE INC",0,0,1,0,54,0438,MD,ROCKVILLE,20850
2022,"MAXCYTE INC",0,0,1,0,54,0438,MD,GAITHERSBURG,20878
2022,"MAXIM CORPORATE SERVICES LLC",0,0,1,0,55,8853,MD,COLUMBIA,21046
2022,"MAXIM HEALTHCARE SERVICES INC",1,0,0,0,54,0951,MD,COLUMBIA,21046
2022,"MAXIM HEALTHCARE STAFFING SERVICES INC",0,0,1,0,56,6157,MD,"ELLICOTT CITY",21043
2022,"MAXTENA INC",1,0,1,0,54,3782,MD,DERWOOD,20855
2022,"MAXTENA INC",0,0,1,0,54,3782,MD,ROCKVILLE,20855
2022,"MAYFLOWER TEXTILE SERVICES COMPANY",0,0,1,0,54,3284,MD,BALTIMORE,21223
2022,"MC SERVICECO LLC DBA MIDCAP FINANC",0,0,1,0,52,2056,MD,BETHESDA,20814
2022,"MC SERVICECO LLC DBA MIDCAP FINANCIAL SERVICES LLC",0,0,2,0,52,2056,MD,BETHESDA,20814
2022,"MCB REAL ESTATE LLC",0,0,1,0,53,0052,MD,BALTIMORE,21211
2022,"MCCORMICK & COMPANY INC",0,0,4,0,31,8290,MD,"HUNT VALLEY",21031
2022,"MCDANIEL COLLEGE INC",1,0,0,0,61,1694,MD,WESTMINSTER,21157
2022,"MCM CAPITAL LLC",1,0,0,0,52,5345,MD,BETHESDA,20814
2022,"MEADOWBROOK AQUATIC PROPERTIES INC",0,0,0,1,61,0973,MD,BALTIMORE,21209
2022,"MEANING.TEAM INC",2,0,0,0,54,9813,MD,BALTIMORE,21211
2022,"MED CONSULTANTS LLC",1,0,0,0,54,7289,MD,GERMANTOWN,20874
2022,"MEDICAL AND CHIRURGICAL FACULTY OF",1,0,0,0,81,0730,MD,BALTIMORE,21201
2022,"MEDICAL SCIENCE & COMPUTING LLC",4,0,14,0,54,2563,MD,ROCKVILLE,20852
2022,"MEDICAL TECH & PRACTICE PATTERNS I",0,0,1,0,99,3174,MD,KENSINGTON,20895
2022,"MEDIMMUNE LLC",0,0,2,0,54,5759,MD,GAITHERSBURG,20878
2022,"MEDIMMUNE LLC",4,1,7,0,32,5759,MD,GAITHERSBURG,20878
2022,"MEDISOLV INC",0,0,2,0,54,5642,MD,COLUMBIA,21044
2022,"MEDSTAR GEORGETOWN MEDICAL CENTER",0,0,2,0,62,8584,MD,BALTIMORE,21218
2022,"MEDSTAR GEORGETOWN MEDICAL CENTER INC D B A MEDSTAR GEORGETOWN UNIVERSITY HOSPITAL MGUH",18,0,5,0,62,8584,MD,BALTIMORE,21218
2022,"MEDSTAR GEORGETOWN MEDICAL CENTER INC D/B/A MEDSTAR GEORGETOWN UNIVERSITY HOSPITAL MGUH",19,0,18,0,62,8584,MD,BALTIMORE,21218
2022,"MEDSTAR HEALTH INC",0,0,0,1,62,7445,MD,NOTTINGHAM,21236
2022,"MEDSTAR HEALTH INC",1,0,6,0,62,7445,MD,COLUMBIA,21044
2022,"MEDSTAR HEALTH RESEARCH INSTITUTE",2,0,3,0,54,6274,MD,HYATTSVILLE,20782
2022,"MEDSTAR MED GR II LLC DBA MEDSTAR",5,0,4,0,62,5580,MD,COLUMBIA,21044
2022,"MEDSTAR MEDICAL GROUP ANESTHESIOLOGY LLC (D/B/A MEDSTAR MEDICAL GROUP)",0,0,1,0,62,7407,MD,BALTIMORE,21230
2022,"MEDSTAR MEDICAL GROUP II LLC",13,0,6,0,62,5580,MD,COLUMBIA,21044
2022,"MEDSTAR MEDICAL GROUP SOUTHERN MAR",3,0,6,0,62,1028,MD,HOLLYWOOD,20636
2022,"MEDSTAR SHAH MSO LLC",5,0,0,0,62,0536,MD,COLUMBIA,21044
2022,"MEDSTAR SHAH MSO LLC",0,0,1,0,62,0536,MD,HOLLYWOOD,20636
2022,"MENTORUS GLOBAL LLC",2,0,0,0,54,2007,MD,"SEVERNA PARK",21146
2022,"MERCADO CONSULTANTS INC",0,0,1,0,23,2161,MD,ASHTON,20861
2022,"MERCHANT LINK LLC",0,0,3,0,52,4432,MD,"SILVER SPRING",20910
2022,"MERICAN INC",3,0,0,0,54,3824,MD,COLUMBIA,21045
2022,"MERICAN INC",4,1,0,0,54,3824,MD,TIMONIUM,21093
2022,"MERIDIAN LAND SOLUTIONS LLC",1,0,0,0,54,1873,MD,"PRNC FREDERCK",20678
2022,"MERKLE INC",10,0,55,3,54,5299,MD,COLUMBIA,21046
2022,"MESO SCALE DIAGNOSTICS LLC",0,0,5,0,33,4952,MD,ROCKVILLE,20850
2022,"MESSAGE SYSTEMS INC DBA SPARKPOST",0,0,2,0,54,1432,MD,COLUMBIA,21046
2022,"MESSAGEBIRD USA INC D/B/A SPARKPOST",0,0,3,0,54,1432,MD,COLUMBIA,21046
2022,"MESSAGEBIRD USA INC.",1,0,3,0,54,1432,MD,COLUMBIA,21046
2022,"METIS STRATEGY LLC",1,0,0,1,54,9904,MD,"CHEVY CHASE",20815
2022,"METTLER-TOLEDO AUTOCHEM INC",0,0,1,0,54,5021,MD,COLUMBIA,21046
2022,"MGM NATIONAL HARBOR LLC",0,0,1,0,72,9732,MD,"OXON HILL",20745
2022,"MICROBAN PRODUCTS COMPANY",0,0,1,0,54,9381,MD,GAITHERSBURG,20878
2022,"MICROTEK SYSTEMS INC",1,0,0,1,54,1432,MD,COLUMBIA,21044
2022,"MICROVEST CAPITAL MANAGEMENT LLC",1,0,0,0,52,2130,MD,BETHESDA,20814
2022,"MID-ATLANTIC PERMANENTE MEDICAL GROUP PC",3,0,2,0,62,6226,MD,ROCKVILLE,20852
2022,"MID-ATLANTIC PERMANENTE MEDICAL GROUP PC",0,0,1,0,52,6226,MD,ROCKVILLE,20852
2022,"MILLER & LONG COMPANY INC DELAWARE DBA MILLER & LONG COMPANY INC",1,0,0,0,23,0808,MD,BETHESDA,20814
2022,"MILLER CONSTRUCTION SERVICES, INC.",2,0,0,0,23,1083,MD,ROSEDALE,21237
2022,"MILTENYI BIOMEDICINE INC",0,0,1,0,99,1069,MD,GAITHERSBURG,20878
2022,"MILTENYI BIOTEC NORTH AMERICA INC",1,0,0,0,54,4020,MD,GAITHERSBURG,20878
2022,"MIMAR ARCHITECTS & ENGINEERS INC",0,0,1,0,54,4180,MD,BALTIMORE,21244
2022,"MIN ENGINEERING INC",0,0,1,0,54,5888,MD,PIKESVILLE,21208
2022,"MINDGRUB TECHNOLOGIES LLC",1,0,0,0,54,1772,MD,BALTIMORE,21230
2022,"MINDOLOGY LLC",0,0,1,0,62,5523,MD,"SILVER SPRING",20904
2022,"MINDPROS INC",3,0,1,0,54,6526,MD,BALTIMORE,21244
2022,"MINDPROS INC",0,0,7,0,54,6526,MD,"WINDSOR MILL",21244
2022,"MINDWORLD LLC",0,0,1,0,54,6723,MD,ELKRIDGE,21075
2022,"MITAJA CORPORATION",4,1,7,0,54,2372,MD,FULTON,20759
2022,"MKSP LLC",0,0,1,0,44,5701,MD,COLUMBIA,21046
2022,"MMA EVENTS LLC DBA DESIGN FOUNDRY",1,0,0,0,54,2546,MD,HYATTSVILLE,20785
2022,"MOKXA TECHNOLOGIES LLC",1,0,0,0,54,6042,MD,COLUMBIA,21046
2022,"MONTGOMERY COLLEGE",0,0,1,0,61,1845,MD,ROCKVILLE,20850
2022,"MONUMENT ANALYTICS INC",0,0,1,0,99,5531,MD,BALTIMORE,21209
2022,"MORRIS & RITCHIE ASSOCIATES INC",2,0,0,0,54,4966,MD,ABINGDON,21009
2022,"MORRIS & RITCHIE ASSOCIATES INC",0,0,1,0,54,4966,MD,"BEL AIR",21014
2022,"MOSADDEGH PHYSICAL THERAPY INC",0,0,1,0,62,8346,MD,OLNEY,20832
2022,"MOSAIC LEARNING INC",1,0,0,0,54,0218,MD,COLUMBIA,21046
2022,"MOUNT ST MARYS UNIVERSITY",0,0,2,0,61,1672,MD,EMMITSBURG,21727
2022,"MOVILITAS CONSULTING LLC",0,0,9,0,54,4450,MD,COLUMBIA,21045
2022,"MSQUARE HEALTHCARE INC",0,0,1,0,62,0904,MD,BALTIMORE,21202
2022,"MULTIPLAN INC",0,0,2,0,52,8979,MD,ROCKVILLE,20850
2022,"MYDIGITALOFFICE.COM LLC",0,0,2,0,51,0960,MD,BETHESDA,20814
2022,"MYOFFICE ANSWER LLC",0,1,0,0,54,8398,MD,LAUREL,20707
2022,"N5 SENSORS INC",0,0,1,0,33,3498,MD,ROCKVILLE,20850
2022,"N9 IT SOLUTIONS LLC",4,0,11,1,54,5572,MD,"ELLICOTT CITY",21043
2022,"NANDA INC",1,0,0,0,62,1724,MD,ROCKVILLE,20850
2022,"NATIONAL BOARD FOR THE CERTIFICATION IN OCCUPATIONAL THERAPY INC",0,0,1,0,61,0299,MD,GAITHERSBURG,20878
2022,"NATIONAL FOUNDATION FOR CANCER RES",0,0,1,0,81,1031,MD,ROCKVILLE,20852
2022,"NATIONAL INSTITUTES OF HEALTH/HHS",0,0,1,0,54,6960,MD,BETHESDA,20892
2022,"NATIONAL INSTITUTES OF HEALTH/HHS",140,0,161,10,54,6960,MD,BETHESDA,20892
2022,"NATIONAL TURFGRASS EVALUATION PROGRAM INC",1,0,0,0,54,4502,MD,BELTSVILLE,20705
2022,"NATL FDN FOR CANCER RESEARCH",0,0,2,0,81,1031,MD,ROCKVILLE,20852
2022,"NEIGHBORHOOD SUN BENEFIT CORP",3,0,1,0,22,7386,MD,"SILVER SPRING",20910
2022,"NEOIMMUNETECH INC",0,0,1,0,54,4352,MD,ROCKVILLE,20850
2022,"NETWORK BUILDING CONSULTING LLC",1,0,3,0,54,4247,MD,ELKRIDGE,21075
2022,"NETWORK SPECIALTY GROUP INC",0,0,1,0,54,8091,MD,GAITHERSBURG,20879
2022,"NETWORKING TECHNOLOGY INC DBA RXNT",2,0,2,0,54,5028,MD,ANNAPOLIS,21409
2022,"NEUTRONIT INC",1,0,0,0,54,5477,MD,IRVING,21044
2022,"NEW AGE AVIATION SECURITY US INC",1,0,0,0,54,7699,MD,ROCKVILLE,20852
2022,"NEW DAY FINANCIAL LLC",0,0,1,0,52,7207,MD,FULTON,20759
2022,"NEW ENTERPRISE ASSOCIATES INC",0,0,1,0,52,0673,MD,TIMONIUM,21093
2022,"NEWBRIDGE INC LLC",0,0,1,0,62,5992,MD,FREDERICK,27103
2022,"NEWPORT HALL INC",0,0,1,0,54,0236,MD,"CHARLOTTE HALL",20622
2022,"NEWWAVE TELECOM & TECHNOLOGIES INC",0,0,2,0,54,9479,MD,ELKRIDGE,21075
2022,"NEXT PHASE SOLUTIONS & SVCS INC",0,0,2,0,54,0258,MD,COLUMBIA,21044
2022,"NEXT PHASE SOLUTIONS AND SERVICES INC",0,0,9,0,54,0258,MD,COLUMBIA,21044
2022,"NEXTCURE INC",0,0,0,1,54,1247,MD,BELTSVILLE,20705
2022,"NEXTSTEP ROBOTICS INC",0,0,1,0,54,4287,MD,BALTIMORE,21201
2022,"NIELSEN AUDIO INC",0,0,1,0,54,8528,MD,COLUMBIA,21046
2022,"NIMBLE CO LLC DBA PURVIEW",1,0,0,0,54,2857,MD,ANNAPOLIS,21401
2022,"NIMBUS CONSULTING LLC",0,0,1,0,54,5527,MD,COLUMBIA,21045
2022,"NO TEARS LEARNING INC DBA LEARNING WITHOUT TEARS",0,0,1,0,61,9871,MD,GAITHERSBURG,20878
2022,"NOA ARCHITECTURE PLANNING INTERIOR",0,0,1,0,54,9482,MD,BETHESDA,20814
2022,"NOBLE LIFE SCIENCES  INC",1,0,0,0,54,6482,MD,SYKESVILLE,21784
2022,"NORTH AMERICAN DIVISION OF SEVENTH DAY ADVENTISTS",1,0,0,0,81,4300,MD,COLUMBIA,21046
2022,"NORTHSTAR GROUP INC",0,0,4,1,54,5957,MD,DERWOOD,20855
2022,"NOVAVAX INC",3,0,7,0,32,6046,MD,GAITHERSBURG,20878
2022,"NOVAVAX INC",1,0,6,0,62,6046,MD,GAITHERSBURG,20878
2022,"NOVAVAX INC",0,0,1,0,62,6049,MD,GAITHERSBURG,20878
2022,"NOVEL MICRODEVICES INC",0,0,1,0,54,1054,MD,BALTIMORE,21202
2022,"NOVELVOX NA INC",1,0,0,0,51,0047,MD,BETHESDA,20817
2022,"NR TECH SYSTEMS INC",1,0,0,0,54,5345,MD,SYKESVILLE,21784
2022,"NRICH ENTERPRISE SOLUTIONS, LLC",0,0,1,0,54,3418,MD,COLUMBIA,21045
2022,"NTECH SOLUTIONS INC",0,0,1,0,54,7536,MD,COLUMBIA,21045
2022,"NU INFO SYSTEMS INC",0,0,3,0,54,3075,MD,GAITHERSBURG,20877
2022,"NURSERY RD ENTERPRISES LLC",0,0,1,0,72,4918,MD,"LINTHICUM HEIGHTS",21090
2022,"NUSEP INC",1,0,0,0,99,4995,MD,GERMANTOWN,20876
2022,"NUVASIVE CLINICAL SVCS MONITORING",0,0,1,0,33,9941,MD,COLUMBIA,21044
2022,"OCR SERVICES INC",0,0,2,0,54,4557,MD,ROCKVILLE,20850
2022,"OCTAVE TECHNOLOGIES CORPORATION",0,0,1,0,54,1805,MD,CATONSVILLE,21228
2022,"OCTOPUS INTERNATIONAL INC",0,0,1,0,51,6694,MD,BETHESDA,20814
2022,"OGWIN PLANNING LLC",0,0,1,0,52,0286,MD,GAITHERSBURG,20877
2022,"OHI ASSET MANAGEMENT LLC",0,0,1,0,52,8979,MD,COCKEYSVILLE,21030
2022,"OMNI STRATEGY LLC",1,0,0,0,54,9245,MD,BALTIMORE,21201
2022,"OMS SOLUTIONS INC",0,0,1,0,54,4337,MD,"NEW MARKET",21774
2022,"ON DEMAND PHARMACEUTICALS INC",1,0,0,0,32,2433,MD,ROCKVILLE,20805
2022,"ON DEMAND PHARMACEUTICALS INC",0,0,1,0,32,2433,MD,ROCKVILLE,20850
2022,"ON SITE PERSONNEL OF MD INC",1,0,0,0,56,0167,MD,JESSUP,20794
2022,"ONYX TECHNOLOGY LLC",1,0,0,0,54,3450,MD,ELKRIDGE,21075
2022,"OPEN TEXT INC",0,0,40,2,51,5483,MD,GAITHERSBURG,20878
2022,"OPTIMAL SOLUTIONS GROUP LLC",1,0,0,0,54,6205,MD,"COLLEGE PARK",20740
2022,"OPTIMOZ INC",0,0,2,0,54,7585,MD,ROCKVILLE,20852
2022,"ORASES CONSULTING CORPORATION",0,0,1,0,51,4683,MD,FREDERICK,21704
2022,"ORGENESIS MARYLAND INC",0,0,1,0,99,9938,MD,GERMANTOWN,20876
2022,"OSS INC",12,0,4,0,54,1419,MD,GAITHERSBURG,20877
2022,"OTM LABS INC",2,0,1,0,54,5083,MD,COLUMBIA,21044
2022,"OUR LADY OF GOOD COUNSEL HIGH SCH",0,0,1,0,61,3118,MD,OLNEY,20832
2022,"OXIDE INTERACTIVE INC",1,0,0,0,54,8575,MD,TIMONIUM,21093
2022,"PACE COMPUTER SOLUTIONS INC",2,0,10,0,54,9309,MD,COLUMBIA,21044
2022,"PACIFIC PRODUCE LLC",0,0,1,0,99,0854,MD,ROCKVILLE,20850
2022,"PACIFIC WESTERN BANK",0,0,3,0,52,1242,MD,"CHEVY CHASE",20815
2022,"PADDER HEALTH SVCS LLC",0,0,1,0,62,1563,MD,LAUREL,20707
2022,"PANDORA JEWELRY LLC",0,0,1,0,42,1527,MD,BALTIMORE,21201
2022,"PARAB CONSULTING GROUP INC DBA PCGI",0,0,2,0,54,6904,MD,POTOMAC,20854
2022,"PARAB CONSULTING GROUP INC DBA PCGI",0,0,2,0,54,6904,MD,ROCKVILLE,20854
2022,"PARACLETE TECHNOLOGIES INC",1,0,0,0,54,6915,MD,"ELLICOTT CITY",21042
2022,"PARADIGM INFOTECH INC",2,0,5,0,54,8672,MD,COLUMBIA,21045
2022,"PARETO ADVISERS LLC",1,0,0,0,54,7461,MD,HANOVER,21076
2022,"PATTERSON PARK MONTESSORI LLC DBA THE NEW CENTURY SCHOOL",0,0,1,0,61,4810,MD,BALTIMORE,21231
2022,"PAYMENT SOLUTIONS INC",0,0,1,0,51,9030,MD,ROCKVILLE,20850
2022,"PCS ENTERPRISES INC",0,0,1,0,54,9705,MD,BOWIE,20716
2022,"PCTEST ENGINEERING LABORATORY INC",1,0,1,0,54,0288,MD,COLUMBIA,21045
2022,"PEBLLA INC",1,0,0,0,51,4551,MD,ROCKVILLE,20852
2022,"PEDIAMETRIX INC",1,0,0,0,51,7501,MD,ROCKVILLE,20850
2022,"PENDANT AUTOMATION INC",1,0,0,0,54,2895,MD,"HAVRE DE GRACE",21078
2022,"PENINSULA EYE CENTER",0,0,1,0,62,4706,MD,SALISBURY,21804
2022,"PENINSULA HOME CARE LLC",0,0,1,0,62,6165,MD,SALISBURY,21804
2022,"PENINSULA NEPHROLOGY ASSOCIATES PA",2,0,0,0,62,8452,MD,SALISBURY,21804
2022,"PEOPLE STAFF TECHNOLOGIES LLC",1,0,0,0,56,1025,MD,GERMANTOWN,20876
2022,"PERDUE FARMS INC",0,0,1,0,31,1876,MD,SALISBURY,21804
2022,"PERDUE FARMS INC",1,0,1,0,11,1876,MD,SALISBURY,21804
2022,"PERDUE FOODS LLC",0,0,1,0,11,1876,MD,SALISBURY,21804
2022,"PERDUE FOODS LLC",0,0,1,0,31,1876,MD,SALISBURY,21804
2022,"PERIGONSOFT LLC",6,0,3,0,54,6304,MD,COLUMBIA,21044
2022,"PETERSON PHYSICAL THERAPY",1,0,0,0,62,1713,MD,"LA PLATA",20646
2022,"PHARMACEUTICS INTL INCORPORATED PI",0,0,1,0,32,1342,MD,"HUNT VALLEY",21031
2022,"PHARMARON ABS INC",1,0,0,0,54,1894,MD,GERMANTOWN,20876
2022,"PHARMERIT INTERNATIONAL LP",1,0,1,1,62,6513,MD,BETHESDA,20814
2022,"PHYSICAL THERAPY & PAIN MGT CTR LL",0,0,1,0,62,6497,MD,"SILVER SPRING",20904
2022,"PN AUTOMATION INC",0,0,1,0,99,6607,MD,HALETHORPE,21227
2022,"POCKET PLANNER INC",1,0,0,0,54,2005,MD,COLUMBIA,21045
2022,"POINTCLICKCARE TECHNOLOGIES USA CORP",1,0,0,0,54,2503,MD,BALTIMORE,21228
2022,"POLAR IT SERVICES INC",2,0,3,0,54,6497,MD,ELKRIDGE,21075
2022,"POST-ACUTE PHYSICIAN PARTNERS LLC",0,0,1,0,62,1775,MD,BALTIMORE,21215
2022,"POTOWMAC ENGINEERS INC",0,0,1,0,54,6597,MD,"CAPITOL HEIGHTS",20743
2022,"PRECISE SOFTWARE SOLUTIONS INC",1,0,2,0,54,2722,MD,ROCKVILLE,20850
2022,"PRECISION FOR MEDICINE INC",0,0,2,0,54,3752,MD,FREDERICK,21701
2022,"PRECISION MEDICINE GROUP LLC",5,0,3,0,54,9432,MD,BETHESDA,20814
2022,"PREMIER GROUP SERVICES INC",2,0,0,0,54,9202,MD,LANHAM,20706
2022,"PRIME AE GROUP INC",0,0,1,0,54,6656,MD,CATONSVILLE,21228
2022,"PRIME AE GROUP INC",2,0,0,0,54,6656,MD,BALTIMORE,21228
2022,"PROGRESSIVE ONCOLOGY & HEMATOLOGY CENTER LLC",0,0,1,0,62,3140,MD,FREDERICK,21702
2022,"PROMETRIC LLC",0,0,1,0,61,6596,MD,BALTIMORE,21224
2022,"PROVIDENZ LLC",0,0,2,0,54,4158,MD,COLUMBIA,21046
2022,"PROVIDENZ LLC",1,0,0,0,54,4158,MD,MARRIOTTSVILLE,21104
2022,"PSA INSURANCE & FIN PARTNERS LLC",0,0,1,0,52,1377,MD,"HUNT VALLEY",21031
2022,"PSOMAGEN INC",1,0,2,0,62,0326,MD,ROCKVILLE,20850
2022,"PT NETWORK LLC DBA PIVOT PHYSICAL",0,0,4,1,62,1480,MD,TOWSON,21286
2022,"PULLMAN SST INC",0,0,1,0,23,0937,MD,COLUMBIA,21046
2022,"PULSEIQ LLC",1,0,0,0,54,2124,MD,"SILVER SPRING",20910
2022,"PURE TECHNOLOGIES U S INC",0,0,1,0,33,3190,MD,COLUMBIA,21045
2022,"Q9 SOFTWARE LLC",3,0,2,0,54,6136,MD,GERMANTOWN,20874
2022,"Q9 SOFTWARE LLC",2,0,2,0,54,6136,MD,GERMANTOWN,20876
2022,"QIAGEN LLC",2,0,3,0,54,1306,MD,GERMANTOWN,20874
2022,"QIAGEN SCIENCES LLC",2,0,5,0,54,1768,MD,GERMANTOWN,20874
2022,"QL2 SOFTWARE LLC",2,0,0,0,51,0342,MD,BALTIMORE,21224
2022,"QLARANT INTEGRITY SOLUTIONS INC",0,0,3,0,62,6994,MD,EASTON,21601
2022,"QUANTUM VISION LLC",1,0,7,0,54,3362,MD,GAITHERSBURG,20879
2022,"QUBER INC",1,0,1,0,54,1073,MD,"LUTHERVILLE TIMONIUM",21093
2022,"QUBER INC",2,0,0,0,54,1073,MD,TIMONIUM,21093
2022,"QUBER INC",4,0,0,0,54,1073,MD,COLUMBIA,21045
2022,"QUIDIENT LLC",0,0,2,0,54,5704,MD,COLUMBIA,21046
2022,"R2C SOLUTIONS INC",1,0,0,0,54,4577,MD,COLUMBIA,21045
2022,"R3 LLC",0,0,1,0,54,3483,MD,GAITHERSBURG,20878
2022,"RADIANT INFOTECH LLC",1,0,2,0,54,5207,MD,CATONSVILLE,21228
2022,"RADIANT INNOVATIVE INC",2,0,5,0,54,5997,MD,BETHESDA,20817
2022,"RAJBHOG DISTRIBUTORS MD INC",0,0,1,0,42,2844,MD,HYATTSVILLE,20785
2022,"RAPID FINANCIAL SERVICES LLC D/B/A RAPID FINANCE",0,0,2,0,52,3844,MD,BETHESDA,20814
2022,"RD JONES & ASSOCIATES INC",0,0,1,0,54,4179,MD,BALTIMORE,21202
2022,"REALITY ANALYTICS INC",1,0,0,0,51,9582,MD,COLUMBIA,21046
2022,"REALIZED WORTH, INC.",1,0,0,0,54,7347,MD,BALTIMORE,21231
2022,"RECORDED BOOKS INC",0,0,3,0,51,3122,MD,HYATTSVILLE,20785
2022,"REDEMPTORE LLC",1,0,0,0,54,2149,MD,"UPPER MARLBORO",20772
2022,"REDOX POWER SYSTEMS LLC",0,0,1,0,22,2064,MD,BELTSVILLE,20705
2022,"REFYN DATA LLC",8,0,0,0,54,9940,MD,CLARKSBURG,20871
2022,"REKOR SYSTEMS INC",0,0,1,0,54,6662,MD,COLUMBIA,21046
2022,"RELI GROUP INC",0,0,1,0,54,2555,MD,CATONSVILLE,21228
2022,"REMEDI SENIORCARE HOLDING CORP DBA",0,0,1,0,44,3454,MD,TOWSON,21204
2022,"REMOTE TIGER INC",11,0,18,0,54,8877,MD,GREENBELT,20770
2022,"RESENSYS LLC",0,0,1,0,33,0771,MD,"COLLEGE PARK",20742
2022,"RESOURCESYS INC",4,0,2,0,54,0219,MD,"ELLICOTT CITY",21042
2022,"RETAIL SERVICES AND SYSTEMS INC DBA TOTAL WINE & MORE",0,0,11,0,44,1856,MD,BETHESDA,20817
2022,"RETAIL SVCS & SYSS INC DBA TOTAL W",0,0,6,0,44,1856,MD,BETHESDA,20817
2022,"REVEAL GLOBAL CONSULTING LLC",0,0,2,0,54,8707,MD,FULTON,20759
2022,"RIPARIAN CAPITAL PARTNERS",0,0,1,0,52,0021,MD,"CHEVY CHASE",20815
2022,"RIVERDALE PARK PEDIATRICS PC",0,0,1,0,62,5702,MD,RIVERDALE,20737
2022,"RIVIERA DRUGS LLC DBA MIKE S PHARMACY",0,0,1,0,44,7249,MD,PASADENA,21122
2022,"RIZRAF LLC",1,0,0,0,54,9572,MD,"GLEN BURNIE",21061
2022,"RJ IT SOLUTIONS INC",0,0,1,0,54,5011,MD,BETHESDA,20817
2022,"ROBERT CHARLES LESSER & CO LLC",0,0,1,0,52,4830,MD,BETHESDA,20814
2022,"ROBERT CHARLES LESSER & CO LLC",0,0,1,0,54,4830,MD,BETHESDA,20814
2022,"ROBOTIC RESEARCH LLC",0,0,1,0,99,0984,MD,CLARKSBURG,20871
2022,"ROBOTIC RESEARCH LLC",0,0,2,0,54,0984,MD,CLARKSBURG,20871
2022,"ROBOTIC RESEARCH OPCO LLC",1,0,0,0,54,9683,MD,CLARKSBURG,20871
2022,"ROCHA & COMPANY PC",1,0,2,0,54,2424,MD,GAITHERSBURG,20878
2022,"ROCHAMBEAU THE FRENCH INTERNATIONAL SCHOOL OF WASHINGTON D C",15,0,1,0,61,7186,MD,BETHESDA,20814
2022,"ROCHAMBEAU THE FRENCH INTL SCHOOL",5,0,1,0,61,7186,MD,BETHESDA,20814
2022,"ROCKVILLE ANIMAL CARE LLC DBA ANIMAL PLACE VETERINARY HOSPITAL",1,0,0,0,54,0663,MD,"SILVER SPRING",20906
2022,"RODGERS CONSULTING INC",1,0,1,0,54,5929,MD,GERMANTOWN,20874
2022,"ROHDE & SCHWARZ USA INC",0,0,1,0,52,5528,MD,COLUMBIA,21046
2022,"ROHDE & SCHWARZ USA INC",0,0,9,0,42,5528,MD,COLUMBIA,21046
2022,"ROY JORGENSEN ASSOCIATES INC",0,0,1,0,23,0711,MD,BUCKEYSTOWN,21717
2022,"ROYALTYSTAT LLC",0,0,1,0,54,3361,MD,BETHESDA,20814
2022,"RPI CONSULTANTS LLC",0,0,1,0,54,0199,MD,BALTIMORE,21224
2022,"RR SOFTWARE SOLUTIONS LLC",5,0,0,0,54,5516,MD,BALTIMORE,21207
2022,"RR SOFTWARE SOLUTIONS LLC",1,0,0,0,54,5516,MD,COCKEYSVILLE,21030
2022,"RR SOFTWARE SOLUTIONS LLC",0,0,3,0,54,5516,MD,"GWYNN OAK",21207
2022,"RUBINO & COMPANY CHARTERED",0,0,3,0,54,6096,MD,BETHESDA,20817
2022,"RUMMEL KLEPPER & KAHL LLP",0,0,15,0,54,9112,MD,BALTIMORE,21202
2022,"RYAN AND WETMORE PC",0,0,1,0,54,3100,MD,BETHESDA,20814
2022,"SAGE GROWTH PARTNERS, LLC",1,0,0,0,54,7213,MD,BALTIMORE,21210
2022,"SAI GLOBAL SOLUTIONS INC",8,0,2,0,54,9366,MD,ELKRIDGE,21075
2022,"SAI SOFTWARE SOLUTIONS LLC",1,0,0,0,54,2181,MD,GAITHERSBURG,20878
2022,"SAILOTECH INC",2,0,2,0,54,2088,MD,FULTON,20759
2022,"SAIVEN TECHNOLOGIES INC",1,2,4,0,54,2618,MD,CATONSVILLE,21228
2022,"SALUS CAPITAL INC",0,0,1,0,62,5412,MD,BALTIMORE,21202
2022,"SARFINO AND RHOADES LLP",0,0,1,0,54,1657,MD,ROCKVILLE,20852
2022,"SAVANO DIRECT CAPITAL PARTNERS LLC",1,0,0,0,52,5520,MD,BALTIMORE,21209
2022,"SAXON INFOTECH INC",0,0,3,0,54,4445,MD,COLUMBIA,21045
2022,"SB & COMPANY LLC",1,0,1,0,54,3727,MD,"OWINGS MILLS",21117
2022,"SCEPTER TECHNOLOGIES INC",1,0,20,0,54,1616,MD,COLUMBIA,21045
2022,"SCHOOL READINESS CONSULTING LLC",1,0,0,0,61,9314,MD,"SILVER SPRING",20910
2022,"SCHOOLDUELS INC",1,0,0,0,61,2305,MD,"LUTHERVILLE TIMONIUM",21093
2022,"SCHWARTZ SIEVERS ANOIA ENGINEERING",1,0,0,0,54,6880,MD,BETHESDA,20814
2022,"SCIENCE SYSTEMS & APPLICATIONS INC",1,0,2,0,54,7599,MD,LANHAM,20706
2022,"SCIENCE SYSTEMS AND APPLICATIONS",0,0,2,0,54,7599,MD,LANHAM,20706
2022,"SCOPE INFOTECH INC",1,0,10,1,54,5371,MD,COLUMBIA,21044
2022,"SEAKEEPER INC",0,0,2,0,54,9105,MD,CALIFORNIA,20619
2022,"SECURRENCY INC",0,0,1,0,54,5639,MD,ANNAPOLIS,21401
2022,"SEMACONNECT INC",1,0,1,0,54,1776,MD,BOWIE,20715
2022,"SENSEONICS INCORPORATED",0,0,5,0,33,0730,MD,GERMANTOWN,20876
2022,"SERIGOR INC",2,0,0,0,54,1366,MD,BALTIMORE,21202
2022,"SERIGOR INC.",4,0,0,0,54,1366,MD,BALTIMORE,21202
2022,"SERVICE 1ST FINANCIAL LLC",0,0,1,0,52,9540,MD,"CHEVY CHASE",20815
2022,"SERVICE INDUSTRY SOLUTIONS INC",0,0,1,0,56,2823,MD,BALTIMORE,21202
2022,"SES GROUP & ASSOCIATES LLC",0,0,0,1,54,6582,MD,"CHESAPEAKE CITY",21915
2022,"SEVEN STARS SVCS LLC DBA SIMPALM",1,0,0,0,54,2080,MD,"N BETHESDA",20852
2022,"SEVEN STARS SVCS LLC DBA SIMPALM",0,0,2,0,54,2080,MD,ROCKVILLE,20852
2022,"SEVEN STARS SVCS LLC DBA SIMPALM",1,0,1,0,54,2080,MD,"NORTH BETHESDA",20852
2022,"SHAH AND ASSOCIATES INC",0,0,1,0,54,6042,MD,GAITHERSBURG,20877
2022,"SHEPPARD PRATT HEALTH SYSTEM INC",3,0,0,0,62,1684,MD,TOWSON,21204
2022,"SHEPPARD PRATT PHYSICIANS P A",2,0,0,0,62,2214,MD,TOWSON,21204
2022,"SHERRILL PARTNERS ARCHITECTS INC",1,0,0,0,54,1911,MD,"WINDSOR MILL",21244
2022,"SHORE BAYY HOSPITALISTS ASSOCIATES LLC",0,0,1,0,62,9463,MD,EASTON,21601
2022,"SIGNATURE RENOVATIONS LLC",0,0,2,0,23,7010,MD,"CAPITOL HEIGHTS",20743
2022,"SILCSBIO LLC",1,0,2,0,54,4923,MD,BALTIMORE,21230
2022,"SINAI HOSPITAL OF BALTIMORE INC",0,0,1,0,62,6540,MD,BALTIMORE,21215
2022,"SINAI HOSPITAL OF BALTIMORE INC",3,0,4,0,62,6540,MD,"OWINGS MILLS",21117
2022,"SIRNAOMICS, INC.",2,0,0,0,54,6549,MD,GAITHERSBURG,20879
2022,"SLN SYSTEMS INC",1,0,2,0,54,6983,MD,GAITHERSBURG,20879
2022,"SMART LOGIX INC",1,0,0,0,51,6933,MD,COLUMBIA,21046
2022,"SMILES OF HYATTSVILLE",1,0,0,0,62,1388,MD,HYATTSVILLE,20782
2022,"SMISLOVA KEHNEMUI & ASSOCIATES PA",1,0,2,0,54,7799,MD,POTOMAC,20854
2022,"SODEXO INC",1,0,12,0,72,6594,MD,GAITHERSBURG,20878
2022,"SOFTWARE ASSOCIATES INC",1,0,2,0,54,1724,MD,"ELLICOTT CITY",21043
2022,"SOLAR ENERGY SERVICES INC",0,0,1,0,22,8051,MD,MILLERSVILLE,21108
2022,"SOLUTIONSTREAMS INC",1,0,0,0,54,5214,MD,BALTIMORE,21223
2022,"SONAVI LABS INC",1,0,0,0,33,4818,MD,BALTIMORE,21230
2022,"SOUTHERN MARYLAND MEDICAL GROUP LLC",0,0,1,0,62,7846,MD,GREENBELT,20770
2022,"SPARKSOFT CORPORATION",3,0,28,0,54,9865,MD,COLUMBIA,21046
2022,"SPATIAL FRONT INC",1,0,4,1,54,2778,MD,BETHESDA,20817
2022,"SPECIALTY CONSTRUCTION MANAGEMENT INC",1,0,0,0,23,0332,MD,HYATTSVILLE,20781
2022,"SPORT SQUAD INC",0,0,1,0,42,8612,MD,ROCKVILLE,20850
2022,"SPORTS PRO PHYSICAL THERAPY LLC",1,0,1,0,62,1337,MD,"GLENN DALE",20769
2022,"SRI GANESH PHARMACY OF CUMBERLAND",0,0,2,0,44,4793,MD,"ELLICOTT CITY",21042
2022,"SRINGDALE PREPARATORY SCHOOL LLC",0,0,1,0,61,7258,MD,"NEW WINDSOR",21776
2022,"SRIVEN PHARMACY LLC DBA LAPLATA PH",0,0,1,0,99,6614,MD,"LA PLATA",20646
2022,"SSC BETHESDA OPERATING COMPANY LLC DBA BETHESDA HEALTH AND REHABILITATION CENTER",0,0,0,1,62,0791,MD,BETHESDA,20814
2022,"ST AGNES HEALTHCARE INC D/B/A ST A",0,0,1,1,62,1657,MD,BALTIMORE,21229
2022,"ST AGNES HEALTHCARE INC D/B/A ST AGNES HOSPITAL",7,0,2,1,62,1657,MD,BALTIMORE,21229
2022,"ST JOHN S COLLEGE",0,0,1,0,61,1421,MD,ANNAPOLIS,21404
2022,"ST JOHN S COLLEGE",1,0,0,0,61,1421,MD,ANNAPOLIS,21401
2022,"ST MARY S SEMINARY",1,0,0,0,61,2508,MD,BALTIMORE,21210
2022,"ST PAUL S SCHOOLS",1,0,0,0,61,0014,MD,BROOKLANDVILLE,21022
2022,"ST TIMOTHYS SCHOOL",0,0,1,0,61,1488,MD,STEVENSON,21153
2022,"STAGE FRONT TICKETS",0,0,2,0,56,9178,MD,COLUMBIA,21046
2022,"STANDARD ENERGY SOLUTIONS LLC",0,0,1,0,22,5723,MD,COLUMBIA,21046
2022,"STANDARD SOLAR INC",0,0,1,0,22,9746,MD,ROCKVILLE,20850
2022,"STANLEY BLACK & DECKER INC",0,0,2,0,33,8860,MD,TOWSON,21286
2022,"STARRY ASSOCIATES INC",0,0,2,0,54,1416,MD,ANNAPOLIS,21401
2022,"STATE CONSTRUCTION CORP",1,0,0,0,23,6587,MD,CLINTON,20735
2022,"STAYNTOUCH INC DBA STAYNTOUCH",0,0,3,0,54,2105,MD,BETHESDA,20814
2022,"STEER TECH LLC DBA STEER",0,0,3,0,54,0637,MD,"ANNAPOLIS JUNCTION",20701
2022,"STELLAR IT SOLUTIONS INC",2,0,8,0,54,8774,MD,ROCKVILLE,20850
2022,"STEVENSON UNIVERSITY INC",0,1,0,0,61,5392,MD,"OWINGS MILLS",21117
2022,"STRATIVIA LLC",1,0,0,0,54,1184,MD,LARGO,20774
2022,"STREAMS INC",2,0,0,0,54,1294,MD,BETHESDA,20817
2022,"STRUCTURAL GROUP INC",0,0,1,0,23,1818,MD,COLUMBIA,21046
2022,"STRUCTURAL PRESERVATION SYSS LL",0,0,1,0,23,8265,MD,COLUMBIA,21046
2022,"STRUCTURAL PRESERVATION SYSTEMS LLC",2,0,3,0,23,8265,MD,COLUMBIA,21046
2022,"STRUCTURAL TECHNOLOGIES LLC",0,0,1,0,23,3986,MD,COLUMBIA,21046
2022,"STRUCTURAL TECHNOLOGIES LLC",1,0,0,0,54,3986,MD,COLUMBIA,21046
2022,"SUBURBAN HOSPITAL INC",1,0,0,0,62,0545,MD,BETHESDA,20814
2022,"SUNGWON GROUP LLC D/B/A LOTTE PLAZ",1,0,0,0,44,9710,MD,JESSUP,20794
2022,"SUNGWON GROUP LLC DBA LOTTE PLAZA",2,0,0,0,44,9710,MD,JESSUP,20794
2022,"SUNNY SOFT SOLUTIONS LLC",2,0,0,0,54,3878,MD,HAGERSTOWN,21742
2022,"SUNROCK DISTRIBUTED GENERATION INC",0,0,1,0,52,1379,MD,BALTIMORE,21209
2022,"SUNWATER CAPITAL MANAGEMENT LLC",1,0,0,0,52,3452,MD,ROCKVILLE,20852
2022,"SUPERIOR VISION BENEFIT MGT INC",1,0,4,0,52,2930,MD,"LINTHICUM HEIGHTS",21090
2022,"SWIFT GLOBAL SYSTEMS INC",1,0,0,0,54,0498,MD,COLUMBIA,21044
2022,"SWINGTECH CONSULTING INC DBA SWINGTECH",1,0,2,0,54,4738,MD,GREENBELT,20770
2022,"SWINGTECH CONSULTING INC DBA SWINGTECH",0,0,1,0,54,4739,MD,GREENBELT,20770
2022,"SYBAL CORP",1,0,0,0,51,1281,MD,"NORTH BETHESDA",20852
2022,"SYMPHONY MEDICAL ASSOCIATES PA FORMERLY KNOWON AS SHAOIB A HASHMI MD PA",2,0,0,0,62,3053,MD,BALTIMORE,21201
2022,"SYNAPTIC ADVISORY PARTNERS",0,0,1,0,54,2965,MD,BALTIMORE,21230
2022,"SYNDICUS INC",0,0,1,0,54,9868,MD,ANNAPOLIS,21403
2022,"SYNERGY SPORTS GROUP LLC",0,0,1,0,71,7618,MD,ANNAPOLIS,21401
2022,"SYSRS IT SERVICES LLC",4,2,3,1,54,4299,MD,COLUMBIA,21044
2022,"SYSTEM AUTOMATION CORP",1,0,0,0,54,9870,MD,COLUMBIA,21046
2022,"SYSTEX INC",0,0,1,0,54,2219,MD,ROCKVILLE,20850
2022,"T ROWE PRICE ASSOCIATES INC",7,0,97,0,52,6948,MD,"OWINGS MILLS",21117
2022,"TA TRADING LLC",1,0,0,0,42,9545,MD,HYATTSVILLE,20781
2022,"TAN & ASSOCIATES INC",1,0,0,0,54,2459,MD,BALTIMORE,21228
2022,"TAN & ASSOCIATES INC",1,0,1,0,54,2459,MD,CATONSVILLE,21228
2022,"TARANTINO ENGRG CONSULTANTS PC",0,0,1,0,54,9174,MD,FULTON,20759
2022,"TATA AMERICA INTL CORP",0,0,3,0,54,5758,MD,ROCKVILLE,20850
2022,"TATA CONSULTANCY SERVICES LTD",0,0,1,0,54,9806,MD,ROCKVILLE,20850
2022,"TATA CONSULTANCY SERVICES LTD",1,0,0,0,54,9803,MD,ROCKVILLE,20850
2022,"TATA CONSULTANCY SVCS LTD",0,0,1,0,45,9806,MD,ROCKVILLE,20850
2022,"TATA CONSULTANCY SVCS LTD",2722,86,7238,255,54,9806,MD,ROCKVILLE,20850
2022,"TATA CONSULTANCY SVCS LTD",0,0,5,0,54,9086,MD,ROCKVILLE,20850
2022,"TATA CONSULTANCY SVCS LTD",0,0,1,0,54,3806,MD,ROCKVILLE,20850
2022,"TATA CONSULTANCY SVCS LTD",0,0,1,0,54,9809,MD,ROCKVILLE,20850
2022,"TATA CONSULTANCY SVCS LTD",0,0,2,0,54,9805,MD,ROCKVILLE,20850
2022,"TATA CONSULTANCY SVCS LTD",0,0,1,0,54,9806,MD,ROCKVILLE,20850
2022,"TATA CONSULTANCY SVCS LTD",0,0,2,0,54,2980,MD,ROCKVILLE,20850
2022,"TATA CONSULTANCY SVCS LTD",1,0,1,0,51,9806,MD,ROCKVILLE,20850
2022,"TATA CONSULTANCY SVCS LTD",0,0,2,0,54,1908,MD,ROCKVILLE,20850
2022,"TATA CONSULTANCY SVCS LTD",1,0,0,0,54,9806,MD,ROCKVILLE,20820
2022,"TATA CONSULTANCY SVCS LTD",0,0,1,0,54,9980,MD,ROCKVILLE,20850
2022,"TATA CONSULTANCY SVCS LTD",0,0,2,0,54,9806,MD,ROCKVILLE,20850
2022,"TATA CONSULTANCY SVCS LTD",0,0,1,0,54,9806,MD,ROCKVILLE,20850
2022,"TATA CONSULTANCY SVCS LTD",0,0,1,0,54,9806,MD,ROCKVILLE,20850
2022,"TATA CONSULTANCY SVCS LTD",0,0,1,0,54,9406,MD,ROCKVILLE,20850
2022,"TATA CONSULTANCY SVCS LTD",0,0,2,0,54,9806,MD,ROCKVILLE,20850
2022,"TATA CONSULTANCY SVCS LTE",0,0,1,0,54,9806,MD,ROCKVILLE,20850
2022,"TCS E-SERVE INTERNATIONAL LIMITED",0,0,1,0,54,6173,MD,ROCKVILLE,20850
2022,"TCS E-SERVE INTL LIMITED",0,0,5,1,54,6173,MD,ROCKVILLE,20850
2022,"TECHIZEE INC",2,0,0,0,54,0007,MD,COLUMBIA,21044
2022,"TECHNUF LLC",0,0,1,0,54,4380,MD,ROCKVILLE,20850
2022,"TECHOUTS INC",5,0,2,0,54,4228,MD,GERMANTOWN,20876
2022,"TECHOUTS, INC",2,0,0,0,54,4228,MD,GERMANTOWN,20876
2022,"TECHSHARP INC",1,0,0,0,54,5716,MD,COLUMBIA,21043
2022,"TECKPROS LLC",15,0,10,0,54,6354,MD,COLUMBIA,21044
2022,"TECORE INC DBA TECORE NETWORKS",0,0,1,0,99,4245,MD,HANOVER,21076
2022,"TEKAROON SOLUTIONS LLC",6,0,0,0,54,1580,MD,ELKRIDGE,21075
2022,"TEKLIBRIUM LLC",0,0,1,0,56,6867,MD,LAUREL,20723
2022,"TEKMIGHTS INC",2,0,1,0,54,0672,MD,COLUMBIA,21045
2022,"TEKSTAD INC",5,0,3,0,54,4542,MD,FREDERICK,21704
2022,"TEKSYSTEMS GLOBAL SERVICES LLC",15,0,49,2,54,7638,MD,HANOVER,21076
2022,"TEKSYSTEMS INC",7,0,12,0,54,0575,MD,HANOVER,21076
2022,"TELECOMMUNICATION SYSTEMS INC",0,0,3,0,51,6369,MD,ANNAPOLIS,21401
2022,"TELECOMMUNICATION SYSTEMS INC DBA COMTECH TELECOMMUNICATIONS CORP",1,0,8,0,51,6369,MD,ANNAPOLIS,21401
2022,"TELLIGENT MASONRY, LLC",1,0,0,0,23,9599,MD,ROCKVILLE,20850
2022,"TELNET INC",0,0,1,0,99,2780,MD,DERWOOD,20855
2022,"TELNET INC",0,0,3,0,54,2780,MD,DERWOOD,20855
2022,"TENABLE INC",1,0,7,0,42,6428,MD,COLUMBIA,21044
2022,"TENABLE INC",0,0,4,0,51,6428,MD,COLUMBIA,21044
2022,"TERAIMMUNE INC",2,0,0,0,54,2908,MD,GAITHERSBURG,20878
2022,"THE BARTLEY CORPORATION",0,0,1,0,99,1834,MD,"SILVER SPRING",20905
2022,"THE DEI GROUP",0,0,1,0,54,9953,MD,MILLERSVILLE,21108
2022,"THE EMMES COMPANY LLC",0,0,8,0,54,8268,MD,ROCKVILLE,20850
2022,"THE ESAB GROUP INC",0,0,0,1,33,6648,MD,"ANNAPOLIS JUNCTION",20701
2022,"THE ESAB GROUP INC",0,0,1,0,33,6648,MD,ROCKVILLE,20852
2022,"THE HENRY M JACKSON FOUNDATION",9,0,16,2,54,7896,MD,BETHESDA,20817
2022,"THE HUMANE LEAGUE",1,0,0,0,99,7491,MD,ROCKVILLE,20849
2022,"THE JOHNS HOPKINS HOSPITAL",12,0,2,0,62,1656,MD,BALTIMORE,21218
2022,"THE KNOT WORLDWIDE INC",0,0,5,0,51,7805,MD,"CHEVY CHASE",20815
2022,"THE KNOT WORLDWIDE INC",0,0,1,0,54,7805,MD,"CHEVY CHASE",20815
2022,"THE MARSHALL FINANCIAL GROUP LLC",1,0,0,0,52,9187,MD,COCKEYSVILLE,21030
2022,"THE OAKLEAF GROUP",0,0,1,0,54,3678,MD,OLNEY,20830
2022,"THE RESEARCH INSTITUTE FOR EMPLOYEE PRODUCTIVITY INC",0,1,0,0,54,3819,MD,WALKERSVILLE,21793
2022,"THE ST PAULS SCHOOLS",1,0,1,0,61,0014,MD,BROOKLANDVILLE,21022
2022,"THE U S PHARMACOPEIAL CONVENTION",8,0,9,0,42,6692,MD,ROCKVILLE,20852
2022,"THE U S PHARMACOPEIAL CONVENTION",0,0,1,0,54,6692,MD,ROCKVILLE,20852
2022,"THE WHITEOAK GRP INC",0,0,1,0,54,,MD,DERWOOD,20855
2022,"THE WILDLIFE SOCIETY",0,0,1,0,81,8946,MD,BETHESDA,20814
2022,"THENEWPUSH LLC",0,0,2,0,54,8304,MD,BALTIMORE,21202
2022,"THERAPEUTIC WELLNESS SERVICES",0,1,0,0,62,4908,MD,"GWYNN OAK",21207
2022,"THINK BIG SOLUTIONS INC",6,0,4,0,54,4265,MD,DAMASCUS,20872
2022,"THOMPSON GAS LLC",1,0,0,0,45,9833,MD,FREDERICK,21703
2022,"THOMPSON THERAPY LLC",1,0,0,0,62,7015,MD,COLUMBIA,21046
2022,"THORLABS QUANTUM ELECTRONICS INC",0,0,1,0,33,6896,MD,JESSUP,20794
2022,"TIBER CAPITAL GROUP LLC",0,0,2,0,53,0098,MD,"CAPITOL HEIGHTS",20743
2022,"TIBER CAPITAL GROUP LLC",1,0,0,0,52,0098,MD,"CAPITOL HEIGHTS",20743
2022,"TIDALHEALTH PENINSULA REGIONAL INC",0,0,1,0,62,1628,MD,SALISBURY,21801
2022,"TIDALHEALTH PHYSICIAN NETWORK INC",0,0,1,0,62,4470,MD,SALISBURY,21801
2022,"TIDALHEALTH SPECIALTY CARE LLC",8,0,5,0,62,9460,MD,SALISBURY,21801
2022,"TISTA SCIENCE AND TECHNOLOGY CORP",1,0,0,0,54,5498,MD,ROCKVILLE,20854
2022,"TISTA SCIENCE AND TECHNOLOGY CORP",1,0,5,0,54,5498,MD,POTOMAC,20854
2022,"TISTA SCIENCE AND TECHNOLOGY CORPORATION",1,0,11,0,54,5498,MD,POTOMAC,20854
2022,"TISTA SCIENCE AND TECHNOLOGY CORPORATION",3,0,0,0,54,5498,MD,ROCKVILLE,20854
2022,"TN AMERICAS LLC",0,0,2,0,22,9924,MD,COLUMBIA,21046
2022,"TOM SMITH LLC DBA GOLDEN BROTHERS",0,1,0,0,33,8643,MD,BALTIMORE,21201
2022,"TOOLE DESIGN GROUP LLC",1,0,0,0,54,5429,MD,"SILVER SPRING",20910
2022,"TOPALLIANCE BIOSCIENCE INC",0,0,3,0,54,8964,MD,ROCKVILLE,20850
2022,"TOPALLIANCE BIOSCIENCE INC",0,0,2,0,99,8964,MD,ROCKVILLE,20850
2022,"TOPONE MORTGAGE INC",0,0,1,0,52,5911,MD,ROCKVILLE,20852
2022,"TORCHSTONE GLOBAL LLC",1,0,0,0,56,5888,MD,ANNAPOLIS,21401
2022,"TOTAL CARE SERVICES, INC.",1,0,0,0,62,8736,MD,LANHAM,20706
2022,"TOTAL CIVIL CONSTRUCTION & ENGINEERING LLC",0,0,1,0,23,2722,MD,LANHAM,20706
2022,"TOURGEE & ASSOCS INC DBA TAI ENGRG",0,0,5,0,54,7382,MD,"OWINGS MILLS",21117
2022,"TRAN GROUP LLC",0,1,0,0,23,0518,MD,BALTIMORE,21202
2022,"TRANSTECH ENGRG CONSULTANTS INC",0,0,1,0,54,6433,MD,COLUMBIA,21045
2022,"TRIGINT SOLUTIONS LLC",8,0,3,0,54,5351,MD,GAITHERSBURG,20879
2022,"TRIWAVE SOLUTIONS INC",2,0,0,0,54,8734,MD,COLUMBIA,21046
2022,"TRUE WORLD FOODS DC LLC",0,0,2,0,42,5240,MD,JESSUP,20794
2022,"TURKISH AMERICAN COMMUNITY CENTER INC",1,0,0,0,81,7831,MD,LANHAM,20706
2022,"TURNING POINT GLOBAL SOLUTIONS",1,0,9,2,54,5201,MD,ROCKVILLE,20850
2022,"UHY ADVISORS MID-ATLANTIC MD INC",0,0,1,0,54,2957,MD,COLUMBIA,21046
2022,"UNDER ARMOUR INC",0,0,7,0,42,0078,MD,BALTIMORE,21230
2022,"UNDER ARMOUR INC",0,0,10,0,31,0078,MD,BALTIMORE,21230
2022,"UNIFIED PATENTS INC",0,0,1,0,54,4929,MD,"CHEVY CHASE",20815
2022,"UNIFY SOLUTIONS INC",4,0,21,0,54,6163,MD,COLUMBIA,21045
2022,"UNIQUE TECHNOLOGY GROUP CORP",0,0,1,0,54,2997,MD,SIMPSONVILLE,21150
2022,"UNISOFT TECHNOLOGY INC",0,0,1,0,54,5418,MD,GAITHERSBURG,20879
2022,"UNITED BUS TECHNOLOGY INC",0,0,2,0,99,3330,MD,ROCKVILLE,20852
2022,"UNITED EDUCATORS MANAGEMENT CO",0,0,1,0,52,1521,MD,BETHESDA,20814
2022,"UNITED EDUCATORS MANAGEMENT COMPANY",0,0,3,0,52,1521,MD,BETHESDA,20814
2022,"UNITED SAFETY TECHNOLOGY CORPORATION",2,0,0,0,42,3352,MD,"SPARROWS POINT",21219
2022,"UNITED THERAPEUTICS CORPORATION",0,0,6,0,32,4749,MD,"SILVER SPRING",20910
2022,"UNITED WAY OF CENTRAL MARYLAND INC",0,0,1,0,81,1543,MD,BALTIMORE,21201
2022,"UNIV OF MARYLAND CHARLES REGIONAL MED CENTER",1,0,0,0,62,5374,MD,"LA PLATA",20646
2022,"UNIV OF MARYLAND COMMUNITY MED GRP D/B/A SHORE MED GRP",1,0,0,0,62,4111,MD,EASTON,21601
2022,"UNIV OF MARYLAND MEDICAL SYSTEM",2,0,2,0,62,2793,MD,"LINTHICUM HEIGHTS",21090
2022,"UNIV OF MARYLAND MEDICAL SYSTEM",3,0,1,0,62,2793,MD,LINTHICUM,21090
2022,"UNIV OF MD BALTIMORE WA HEALTHCARE",0,0,1,0,62,0243,MD,"GLEN BURNIE",21060
2022,"UNIV OF MD COMMUNITY MED GRP",1,0,1,0,62,4111,MD,EASTON,21601
2022,"UNIV OF MD FACULTY PHYSICIANS INC",0,0,1,0,62,9563,MD,BALTIMORE,21201
2022,"UNIV OF MD MEDICAL CTR",0,0,1,0,62,3777,MD,"LINTHICUM HEIGHTS",21090
2022,"UNIVERSITIES SPACE RESEARCH ASSOC",5,0,2,0,54,2064,MD,COLUMBIA,21046
2022,"UNIVERSITY OF BALTIMORE",1,0,0,0,61,1687,MD,BALTIMORE,21201
2022,"UNIVERSITY OF BALTIMORE",0,0,1,0,61,1687,MD,"BALTIMORE CITY",21201
2022,"UNIVERSITY OF MARYLAND",18,0,17,2,61,2033,MD,BALTIMORE,21250
2022,"UNIVERSITY OF MARYLAND",2,0,1,0,61,2033,MD,"SAINT MARYS CITY",20686
2022,"UNIVERSITY OF MARYLAND",4,0,4,0,61,2033,MD,BALTIMORE,21251
2022,"UNIVERSITY OF MARYLAND",1,0,0,0,92,2033,MD,BALTIMORE,21230
2022,"UNIVERSITY OF MARYLAND",2,0,3,0,61,2033,MD,BOWIE,20715
2022,"UNIVERSITY OF MARYLAND",2,0,3,0,61,2033,MD,CAMBRIDGE,21613
2022,"UNIVERSITY OF MARYLAND",62,0,66,2,61,2033,MD,"COLLEGE PARK",20742
2022,"UNIVERSITY OF MARYLAND",3,0,5,1,61,2033,MD,FROSTBURG,21532
2022,"UNIVERSITY OF MARYLAND",10,1,9,0,61,2033,MD,TOWSON,21252
2022,"UNIVERSITY OF MARYLAND",1,0,6,1,61,2033,MD,SALISBURY,21801
2022,"UNIVERSITY OF MARYLAND",0,0,1,0,61,4328,MD,"COLLEGE PARK",20742
2022,"UNIVERSITY OF MARYLAND",43,0,33,1,61,2033,MD,BALTIMORE,21201
2022,"UNIVERSITY OF MARYLAND",0,0,1,1,61,2033,MD,"PRINCESS ANNE",21853
2022,"UNIVERSITY OF MARYLAND CENTER FOR",0,0,1,0,61,0203,MD,CAMBRIDGE,21613
2022,"UNIVERSITY OF MARYLAND ST JOSEPH MEDICAL GROUP LLC",0,0,1,0,62,4041,MD,TOWSON,21204
2022,"UNIVERSITY OF MD MEDICAL SYSTEM",1,0,1,0,62,2793,MD,LINTHICUM,21090
2022,"UNTETHERED LABS INC",1,0,0,0,54,0745,MD,"COLLEGE PARK",20740
2022,"URBAN ONE",1,0,0,0,51,6660,MD,"SILVER SPRING",20910
2022,"URBAN TEACHER CTR INC",0,0,1,0,61,9006,MD,BALTIMORE,21230
2022,"USA EB5 IMG LLC DBA EB5 CAPITAL",0,0,1,0,52,4935,MD,BETHESDA,20816
2022,"USA INFOTECH INC",0,0,1,0,54,6272,MD,"ELLICOTT CITY",21042
2022,"USERWORKS INC",1,0,0,0,99,5900,MD,"SILVER SPRING",20903
2022,"USIS CONSULTS LLC",0,0,1,0,54,1983,MD,"LINTHICUM HEIGHTS",21090
2022,"UTILITY SYTEMS CONSTRUCTION & ENGINEERING LLC",1,0,0,0,23,9212,MD,ROCKVILLE,20852
2022,"UTILLI LLC",1,0,0,0,54,7498,MD,BETHESDA,20814
2022,"UVS INFOTECH LLC",0,0,1,0,54,5676,MD,LAUREL,20707
2022,"V EMPOWER INC",0,1,0,0,99,8263,MD,BOWIE,20720
2022,"VALARCORP INC",3,0,0,0,54,1046,MD,LAUREL,20707
2022,"VALARCORP INC",2,0,0,0,54,1046,MD,HANOVER,21076
2022,"VARIYAS GLOBAL SOLUTIONS INC",9,1,7,0,54,5968,MD,COLUMBIA,21045
2022,"VAYUSOFT SOLUTIONS INC",0,0,1,0,54,0899,MD,COLUMBIA,21045
2022,"VECTORWORKS INC",1,0,5,0,54,7016,MD,COLUMBIA,21046
2022,"VEDASOFT INC",1,0,3,0,54,2918,MD,"SEVERNA PARK",21146
2022,"VENEZIA STONE INC",0,0,2,0,42,1075,MD,HALETHORPE,21227
2022,"VENKATACHANDRA LLC",5,0,0,0,54,3729,MD,COLUMBIA,21044
2022,"VERBAL BEGINNINGS LLC",1,0,0,0,62,3391,MD,COLUMBIA,21046
2022,"VIDHI HOSPITALITY LLC",0,0,1,0,72,5455,MD,BELTSVILLE,20705
2022,"VIDOORI INC",1,0,0,0,54,4467,MD,"SILVER SPRING",20903
2022,"VIKAT SOLUTIONS LLC",0,0,1,0,54,6146,MD,COLUMBIA,21046
2022,"VIRTUAL LABS INC",1,0,1,0,99,0445,MD,"WINDSOR MILL",21244
2022,"VIRTUAL LABS INC",4,0,2,0,51,0445,MD,"WINDSOR MILL",21244
2022,"VISICU INC",0,0,1,0,99,7238,MD,BALTIMORE,21202
2022,"VISISONICS CORPORATION",1,0,0,0,33,1112,MD,"COLLEGE PARK",20742
2022,"VITALAXIS INC",0,0,1,0,62,9172,MD,ROCKVILLE,20853
2022,"VIVIKTAH LLC D B A VIVSOFT",1,0,0,0,54,0779,MD,GAITHERSBURG,20879
2022,"VIVIKTAH LLC D B A VIVSOFT",0,1,0,0,54,0779,MD,ROCKVILLE,20850
2022,"VOLT INC",1,0,0,0,54,4499,MD,BETHESDA,20817
2022,"VSD INFOTECH LLC",1,0,0,0,54,2887,MD,ELKRIDGE,21075
2022,"VSOFT CORPORATION INC",0,0,4,0,54,1686,MD,COLUMBIA,21045
2022,"VTECH LLC",1,0,6,0,54,3767,MD,"ELLICOTT CITY",21043
2022,"W M SCHLOSSER COMPANY INC",1,0,0,0,99,4432,MD,HYATTSVILLE,20781
2022,"W R GRACE & CO",0,0,4,0,32,3649,MD,COLUMBIA,21044
2022,"WALKER & DUNLOP LLC",0,0,4,0,52,2140,MD,BETHESDA,20814
2022,"WALLACE MONTGOMERY AND ASSOCIATES LLP",2,0,0,0,54,1946,MD,COCKEYSVILLE,21030
2022,"WARRING & COMPANY LLC",0,0,1,0,52,8962,MD,ROCKVILLE,20852
2022,"WARRING & COMPANY LLC",0,0,1,0,54,8962,MD,ROCKVILLE,20852
2022,"WASHINGTON ADVENTIST UNIV",0,0,1,0,61,3528,MD,"TAKOMA PARK",20912
2022,"WASHINGTON ADVENTIST UNIVERSITY",0,0,2,0,61,3528,MD,"TAKOMA PARK",20912
2022,"WASHINGTON COLLEGE",2,0,3,0,61,1691,MD,CHESTERTOWN,21620
2022,"WASHINGTON CORE LLC",0,0,1,0,54,3640,MD,BETHESDA,20814
2022,"WASHINGTON EDUCATION ZONE LLC",1,0,0,0,53,2553,MD,LANHAM,20706
2022,"WATER SONG FOOD AND BEVERAGE LLC",1,0,1,0,72,2860,MD,BALTIMORE,21230
2022,"WEBHAWKX LLC",2,0,0,0,54,0272,MD,LAUREL,20707
2022,"WEINBERG MEDICAL PHYSICS INC",0,0,1,0,54,5198,MD,ROCKVILLE,20852
2022,"WES PHARMA INC",0,0,1,0,32,1097,MD,WESTMINSTER,21157
2022,"WESTEX GROUP INC",0,0,1,0,99,2303,MD,ROCKVILLE,20850
2022,"WHITEBOX TECHNOLOGIES INC",0,0,1,0,45,0755,MD,"CURTIS BAY",21226
2022,"WIENER AND GARG LLC",1,0,0,0,54,5740,MD,ROCKVILLE,20852
2022,"WILKERSON AND ASSOCIATES INC",1,0,0,0,54,1909,MD,OWINGS,20736
2022,"WILLIAM TAN & ASSOCIATES INC",1,0,0,0,54,2459,MD,BALTIMORE,21228
2022,"WILLIAM TAN & ASSOCIATES INC",0,0,1,0,54,2459,MD,CATONSVILLE,21228
2022,"WILLIAMS SCOTSMAN INC",0,0,2,0,23,5775,MD,BALTIMORE,21231
2022,"WILMOT SANZ INC",0,0,1,0,99,1079,MD,ROCKVILLE,20850
2022,"WISE COMMERCIAL LENDING LLC",0,0,1,0,52,6351,MD,CLARKSBURG,20871
2022,"WISELINK GLOBAL INC",4,0,0,0,54,5497,MD,GERMANTOWN,20876
2022,"WOODS AVIATION LLC DBA CHESAPEAKE SPORT PILOT",1,0,0,0,48,7913,MD,STEVENSVILLE,21666
2022,"WORD AMONG US INC DBA THE WORD AMONG US",1,0,0,0,51,0592,MD,FREDERICK,21704
2022,"WORLD PLUS, LLC",1,0,0,0,54,6067,MD,KENSINGTON,20895
2022,"WORLDSHINE INTL LLC DBA WORLD SHIN",0,0,1,0,99,0577,MD,GERMANTOWN,20874
2022,"WR GRACE & CO",0,0,2,0,32,3649,MD,COLUMBIA,21044
2022,"WR SEWAGE & EXCAVATION INC",0,0,1,0,23,2532,MD,"FORT WASHINGTON",20744
2022,"WRIGHT CONSTABLE & SKEEN LLP",0,0,1,0,54,7984,MD,BETHESDA,20814
2022,"WRIGHT MANUFACTURING INC",0,0,1,0,33,9930,MD,FREDERICK,21703
2022,"WYE OAK HEALTHCARE OF HYATTSVILLE",1,0,5,0,62,6858,MD,HYATTSVILLE,20782
2022,"WYE OAK HEALTHCARE OF WHEATON LLC",0,0,1,0,62,5246,MD,"SILVER SPRING",20902
2022,"X ENERGY LLC",1,0,0,0,54,1265,MD,ROCKVILLE,20852
2022,"X GENE INC",1,0,0,0,62,5164,MD,FREDERICK,21703
2022,"X-ENERGY, LLC",2,0,0,0,54,1265,MD,ROCKVILLE,20852
2022,"X-WAVE INNOVATIONS INC",0,0,1,0,99,8135,MD,GAITHERSBURG,20878
2022,"XCISION MEDICAL SYSTEMS LLC",0,0,1,0,33,1654,MD,COLUMBIA,21045
2022,"XENTIT LLC",0,0,1,0,54,8595,MD,CROFTON,21114
2022,"XOMETRY INC",0,0,1,0,33,5449,MD,GAITHERSBURG,20879
2022,"XPERTSINFOTECH INC",1,0,0,0,54,8453,MD,COLUMBIA,21045
2022,"YISHENG US BIOPHARMA INC",1,0,0,0,32,9482,MD,GAITHERSBURG,20878
2022,"YOUREKA LABS INC",0,0,1,0,51,0365,MD,ANNAPOLIS,21401
2022,"ZDAAS LLC",0,0,1,0,54,9002,MD,BALTIMORE,21224
2022,"ZENIMAX MEDIA INC",0,0,1,0,51,4997,MD,ROCKVILLE,20850
2022,"ZEST LLC",1,0,0,0,54,1326,MD,GREENBELT,20770
2022,"ZYTER INC",2,0,1,0,54,8677,MD,ROCKVILLE,20852
