"Fiscal Year",Employer,"Initial Approval","Initial Denial","Continuing Approval","Continuing Denial",NAICS,"Tax ID",State,City,ZIP
2022,"3BRIDGE SOLUTIONS LLC DBA THREEBRI",1,0,1,0,54,3477,MN,MINNEAPOLIS,55402
2022,"3M COMPANY",23,1,24,0,33,7775,MN,"SAINT PAUL",55144
2022,"3M COMPANY",0,0,5,0,33,7775,MN,"ST PAUL",55144
2022,"AB CARVAL INVESTORS LP",0,0,1,0,52,3520,MN,MINNEAPOLIS,55416
2022,"ABOUT HEALTHCARE INC",0,0,1,0,52,2899,MN,"ST PAUL",55102
2022,"ABOUT HEALTHCARE INC",0,0,1,0,52,2899,MN,"SAINT PAUL",55102
2022,"ACCENTURE LLP",0,0,1,0,54,2904,MN,EDINA,55435
2022,"ACHIEVE TWIN CITIES",0,0,1,0,61,5264,MN,MINNEAPOLIS,55414
2022,"ADOLFSON PETERSON INC",0,0,1,0,23,1300,MN,MINNEAPOLIS,55416
2022,"AFFINITY PLUS FEDERAL CREDIT UNION",0,0,2,0,52,7541,MN,"SAINT PAUL",55107
2022,"AGENCY SQUID LLC",0,0,1,0,54,1281,MN,MINNEAPOLIS,55406
2022,"AGILEITSERVICE LLC",1,0,5,0,54,5187,MN,"APPLE VALLEY",55124
2022,"AGILEITSERVICE LLC",6,0,3,0,54,5187,MN,"SAINT PAUL",55124
2022,"AGILITI HEALTH INC",1,0,0,0,53,0940,MN,"EDEN PRAIRIE",55344
2022,"ALBERT LEA AREA SCHOOLS",0,0,1,0,61,1171,MN,"ALBERT LEA",56007
2022,"ALDRICH BOARDING CARE HOME LLC DBA",1,0,0,0,62,2011,MN,"SAINT PAUL",55104
2022,"ALEVAR TECHNOLOGIES INC",1,0,0,0,54,6648,MN,EAGAN,55121
2022,"ALEVAR TECHNOLOGIES INC",0,0,2,0,54,6648,MN,"SAINT PAUL",55121
2022,"ALLINA HEALTH SYSTEM",3,0,5,0,62,1413,MN,MINNEAPOLIS,55407
2022,"ALLINA HEALTH SYSTEM",0,0,1,0,62,1413,MN,MINNEAPOLIS,55430
2022,"ALLINA HLTH SYS",0,0,1,0,62,1413,MN,MINNEAPOLIS,55407
2022,"ALLINA HLTH SYS",0,0,1,0,62,1413,MN,MINNEAPOLIS,55430
2022,"AMER ACAD OF TRAD CHI MEDICINE INC",0,0,0,1,62,8683,MN,ROSEVILLE,55113
2022,"AMERICAN ACADEMY TRAD CHINESE MED",1,0,0,1,62,8683,MN,ROSEVILLE,55113
2022,"AMERICAN ENTERPRISE INVESTMENT",0,0,1,0,52,7086,MN,MINNEAPOLIS,55474
2022,"AMERICAN SPIRIT CORPORATION",0,0,1,0,54,2476,MN,"EDEN PRAIRIE",55344
2022,"AMERIPRISE FINANCIAL INC",7,0,67,1,52,0631,MN,MINNEAPOLIS,55474
2022,"AMERIPRISE FINANCIAL SERVICES LLC",1,0,2,0,52,3005,MN,MINNEAPOLIS,55474
2022,"AMES CONSTRUCTION INC",0,0,3,0,23,1375,MN,BURNSVILLE,55337
2022,"AMES CONSTRUCTION INC",0,0,1,0,99,1375,MN,BURNSVILLE,55337
2022,"AMHERST H WILDER FOUNDATION",0,0,1,0,81,3889,MN,"SAINT PAUL",55104
2022,"ANDERSEN CORPORATION",0,0,1,0,32,3208,MN,BAYPORT,55003
2022,"ANDERSEN CORPORATION",1,0,5,0,32,3208,MN,"OAK PARK HEIGHTS",55082
2022,"ANIP ACQUISITIONS INC",17,3,4,0,32,8920,MN,BAUDETTE,56623
2022,"ANTEA USA INC",1,0,0,0,54,1791,MN,"ST PAUL",55126
2022,"AO1 HOLDINGS INC DBA PLAYERS HEALTH",1,0,0,0,52,0453,MN,MINNEAPOLIS,55401
2022,"API CONSTRUCTION",1,0,0,0,23,0985,MN,"NEW BRIGHTON",55112
2022,"APOTHECARY PRODUCTS LLC",1,0,0,0,32,5538,MN,BURNSVILLE,55337
2022,"APPLE TREE DENTAL",1,0,4,0,62,1437,MN,MINNEAPOLIS,55433
2022,"APPLESEED MONTESSORI SCHOOLS INC DBA APPLESEED MONTESSORI SCHOOL CHILD CARE CENTER",1,0,0,0,62,3359,MN,MINNEAPOLIS,55423
2022,"APPLIED DATA SYSTEMS INC",0,0,1,0,54,3810,MN,"GOLDEN VALLEY",55427
2022,"APPLIED DATA SYSTEMS INC",0,0,1,0,54,3810,MN,MINNEAPOLIS,55427
2022,"ARCA RECYCLING INC",0,0,1,0,56,3973,MN,MINNEAPOLIS,55439
2022,"ARCH GROUP LLC DBA EMERSON RUSH",3,0,0,0,54,1443,MN,"LAKE ELMO",55042
2022,"ARCUS TECHNOLOGIES DBA KAT TECH SY",3,0,3,0,54,4632,MN,"EDEN PRAIRIE",55344
2022,"ARCUS TECHNOLOGIES DBA KAT TECH SY",6,0,0,0,54,4632,MN,HOPKINS,55305
2022,"ARCUS TECHNOLOGIES DBA KAT TECH SY",10,0,2,1,54,4632,MN,MINNETONKA,55305
2022,"ARCUS TECHNOLOGIES DBA KAT TECH SYSTEMS INC",3,0,3,0,54,4632,MN,"EDEN PRAIRIE",55344
2022,"ARCUS TECHNOLOGIES DBA KAT TECH SYSTEMS INC",14,0,0,0,54,4632,MN,HOPKINS,55305
2022,"ARCUS TECHNOLOGIES DBA KAT TECH SYSTEMS INC",31,0,3,1,54,4632,MN,MINNETONKA,55305
2022,"ARROW SOLUTIONS INC",9,0,1,0,54,9872,MN,MINNEAPOLIS,55402
2022,"ART UNLIMITED INCORPORATED",0,1,0,0,54,7754,MN,ANGORA,55703
2022,"ARTIUS SOLUTIONS LLC",1,0,1,0,56,7913,MN,MINNETONKA,55305
2022,"ARTIUS SOLUTIONS LLC",0,0,1,0,56,7913,MN,HOPKINS,55305
2022,"ASCENTIS CORPORATION",0,0,0,1,54,0801,MN,"EDEN PRAIRIE",55344
2022,"ASCENTIS CORPORATION",0,0,4,0,51,0801,MN,"EDEN PRAIRIE",55344
2022,"ASIAN MEDIA ACCESS INC",0,0,1,0,61,6822,MN,MINNEAPOLIS,55411
2022,"ASSET MARKETING SERVICES LLC",0,0,1,0,45,8277,MN,"SAINT PAUL",55121
2022,"AST FIRE PROTECTION COMPANY",0,0,1,0,92,7269,MN,"BROOKLYN PARK",55445
2022,"AST FIRE PROTECTION COMPANY",0,0,1,0,23,7269,MN,"BROOKLYN PARK",55445
2022,"ATHLOS ACADEMY OF ST CLOUD",1,0,0,0,99,2821,MN,"SAINT CLOUD",56301
2022,"ATOMIC DATA LLC",0,0,2,0,54,3671,MN,MINNEAPOLIS,55401
2022,"AUGSBURG UNIVERSITY",2,0,2,0,61,4721,MN,MINNEAPOLIS,55454
2022,"AVANT ENERGY INC",1,0,0,0,54,1413,MN,MINNEAPOLIS,55402
2022,"AVERA MARSHALL D/B/A AVERA MARSHALL REGIONAL MEDICAL CENTER",1,0,0,0,62,9153,MN,MARSHALL,56258
2022,"AVERA MARSHALL D/B/A AVERA MARSHALL REGIONAL MEDICAL CTR",1,0,1,0,62,9153,MN,MARSHALL,56258
2022,"AVICENNA TECHNOLOGY INC",1,0,0,0,33,7213,MN,MONTEVIDEO,56265
2022,"AVIONTE LLC",0,0,2,0,51,4624,MN,BLOOMINGTON,55435
2022,"AXIS CLINICALS LLC",1,0,1,0,54,6826,MN,DILWORTH,56529
2022,"B2B TECHNOLOGY INC",0,0,1,0,54,4435,MN,MINNEAPOLIS,55447
2022,"B2B TECHNOLOGY INC",0,0,1,0,54,4435,MN,PLYMOUTH,55447
2022,"BAIN & COMPANY INC",0,0,1,0,54,8322,MN,MINNEAPOLIS,55401
2022,"BAIN DIGITAL MARKETING LLC",0,0,1,0,54,2919,MN,MINNEAPOLIS,55401
2022,"BALDINGER BAKERY LP",0,0,1,0,31,8245,MN,"SAINT PAUL",55106
2022,"BARDER LTD D B A BARDER CPAS AND ADVISORS",1,0,0,0,54,5282,MN,PLYMOUTH,55441
2022,"BARSNESS SOLUTIONS LLC DBA FJORGE",0,0,1,0,54,1427,MN,MINNEAPOLIS,55402
2022,"BELLISIO FOODS INC",0,0,1,0,31,3311,MN,MINNEAPOLIS,55401
2022,"BENTO TECHNOLOGIES INC DBA BENTO FOR BUSINESS",0,0,2,0,54,8045,MN,MINNEAPOLIS,55402
2022,"BEST BUY CO INC",8,1,57,0,44,7483,MN,MINNEAPOLIS,55423
2022,"BEST BUY CO INC",7,0,85,1,44,7483,MN,RICHFIELD,55423
2022,"BETASHARP INC",2,0,1,0,54,0638,MN,"GOLDEN VALLEY",55422
2022,"BETASHARP INC",1,0,0,0,54,0638,MN,MINNEAPOLIS,55422
2022,"BETHLEHEM COLLEGE & SEMINARY",1,0,0,0,61,0532,MN,MINNEAPOLIS,55415
2022,"BETHLEHEM COLLEGE AND SEMINARY",1,0,1,0,61,0532,MN,MINNEAPOLIS,55415
2022,"BIND BENEFITS INC",1,0,0,0,52,0965,MN,MINNEAPOLIS,55416
2022,"BIOCONTROL LLC D/B/A JORD BIOSCIENCE",1,0,0,0,54,9622,MN,"SAINT PAUL",55114
2022,"BLST OPERATING COMPANY LLC",5,0,4,0,45,7944,MN,"EDEN PRAIRIE",55344
2022,"BLST OPERATING COMPANY LLC",0,0,2,0,45,7944,MN,"EDEN PRAIRIE",55347
2022,"BLU DOT DESIGN MANUFACTURING INC",0,0,1,0,44,0158,MN,MINNEAPOLIS,55413
2022,"BLUE CROSS AND BLUE SHIELD OF MINNESOTA",0,0,1,0,52,4460,MN,EAGAN,55122
2022,"BLUE CROSS AND BLUE SHIELD OF MINNESOTA",0,0,1,0,52,4460,MN,"SAINT PAUL",55122
2022,"BLUE WATER FINANCIAL TECHNOLOGIES LLC",1,0,0,0,52,1901,MN,MINNEAPOLIS,55416
2022,"BLUE WATER FINANCIAL TECHNOLOGIES SERVICES LLC",2,0,0,0,51,1646,MN,"ST LOUIS PARK",55416
2022,"BOARMAN KROOS VOGEL GROUP INC",0,0,1,0,54,6637,MN,MINNEAPOLIS,55401
2022,"BOLTON & MENK, INC.",1,0,0,0,54,2249,MN,MANKATO,56001
2022,"BPK TECH INC",1,0,1,0,54,2456,MN,MINNETONKA,55343
2022,"BPTEK LLC",2,0,0,0,54,3647,MN,"GOLDEN VALLEY",55422
2022,"BRAINED MEDICAL CENTER INC",0,0,1,0,62,2148,MN,BRAINERD,56401
2022,"BRAUN INTERTEC CORPORATION",0,0,1,0,54,4205,MN,MINNEAPOLIS,55438
2022,"BRIGHT HEALTH MANAGEMENT INC",0,0,1,0,52,1296,MN,MINNEAPOLIS,55437
2022,"BRIGHT HEALTH MANAGEMENT INC",0,0,3,0,52,8911,MN,MINNEAPOLIS,55437
2022,"BTM GLOBAL CONSULTING LLC",0,0,5,0,54,4563,MN,MINNEAPOLIS,55401
2022,"BUHLER INC",0,0,1,0,33,1630,MN,MINNEAPOLIS,55441
2022,"C H ROBINSON SHARED SERVICES INC",0,0,1,0,54,8291,MN,"EDEN PRAIRIE",55347
2022,"C H ROBINSON WORLDWIDE INC",1,0,10,0,54,6721,MN,"EDEN PRAIRIE",55347
2022,"CALYAN TECHNOLOGIES INC",0,0,1,0,33,5950,MN,OAKDALE,55128
2022,"CAMBRIA COMPANY LLC",0,0,1,0,32,3872,MN,"BELLE PLAINE",56011
2022,"CANON MEDICAL INFORMATICS INC",1,0,3,0,51,1776,MN,MINNETONKA,55343
2022,"CARDINAL GLASS INDUSTRIES INC",0,0,1,0,32,9305,MN,"EDEN PRAIRIE",55344
2022,"CARGILL INCORPORATED",3,1,13,0,31,7680,MN,WAYZATA,55391
2022,"CARGILL INCORPORATED",0,0,1,0,52,7680,MN,MINNEAPOLIS,55447
2022,"CARGILL INCORPORATED",6,0,6,0,52,7680,MN,WAYZATA,55391
2022,"CARL ZEISS INDUSTRIAL METROLOGY",1,0,0,0,33,7663,MN,OSSEO,55369
2022,"CARL ZEISS INDUSTRIAL METROLOGY L",1,0,0,0,33,7663,MN,OSSEO,55369
2022,"CARL ZEISS INDUSTRIAL METROLOGY LLC",1,0,0,0,33,7663,MN,OSSEO,55369
2022,"CARL ZEISS INDUSTRIAL QUALITY SOLUTIONS LLC FORMERLY KNOWN AS CARL ZEISS METROLOGY SERVICES INC",0,0,1,0,33,2142,MN,"MAPLE GROVE",55369
2022,"CARLETON COLLEGE",5,0,0,0,61,4747,MN,NORTHFIELD,55057
2022,"CARMICHAEL LYNCH INC",0,0,1,0,54,2461,MN,MINNEAPOLIS,55403
2022,"CARRIS HEALTH LLC",2,0,0,0,62,6379,MN,WILLMAR,56201
2022,"CASTLELAKE L P",0,0,2,0,52,3857,MN,MINNEAPOLIS,55402
2022,"CENTER FOR ENERGY AND ENVIRONMENT",2,0,0,0,54,7799,MN,MINNEAPOLIS,55401
2022,"CENTRACARE CLINIC",4,0,1,0,62,6657,MN,"SAINT CLOUD",56303
2022,"CENTRACARE CLINIC SOUTHWEST LLC",0,0,1,0,62,5734,MN,"SAINT CLOUD",56303
2022,"CENTRACARE HEALTH SYSTEM",3,0,0,0,62,3221,MN,"SAINT CLOUD",56303
2022,"CENTRACARE HEALTH SYSTEM",0,0,1,0,62,3221,MN,"ST CLOUD",56303
2022,"CENTRACARE HEALTH SYSTEM",1,0,0,0,62,3221,MN,PAYNESVILLE,56362
2022,"CENTRACARE HEALTH SYTEM SAUK CENTRE",2,0,0,0,62,8973,MN,"SAINT CLOUD",56303
2022,"CERIDIAN HCM INC",1,0,4,0,54,8107,MN,MINNEAPOLIS,55425
2022,"CFMOTO POWERSPORTS INC",0,0,1,0,33,,MN,MINNEAPOLIS,55447
2022,"CH ROBINSON WORLDWIDE INC",1,0,2,0,54,6721,MN,"EDEN PRAIRIE",55347
2022,"CHI ST JOSEPH S HEALTH PARK RAPIDS MN",1,0,0,0,62,2696,MN,"PARK RAPIDS",56470
2022,"CHILDREN S HEALTH CARE DBA CHILDRE",1,0,3,0,62,4276,MN,MINNEAPOLIS,55404
2022,"CHRISTENSEN FARMS FEEDLOTS INC",0,0,2,0,11,8501,MN,"SLEEPY EYE",56085
2022,"CHS INC",2,0,19,0,42,1095,MN,"INVER GROVE HEIGHTS",55077
2022,"CHS INC",0,0,1,0,42,1095,MN,"INVER GROVE",55077
2022,"CIRCLEROCK LLC DBA FARIBAULT WOLLEN MILL COMPANY",1,0,0,0,54,8923,MN,FARIBAULT,55021
2022,"CIRRUS DESIGN CORPORATION",1,0,3,0,33,8274,MN,DULUTH,55811
2022,"CIRTEC MEDICAL CORPORATION",0,0,1,0,33,7459,MN,MINNEAPOLIS,55445
2022,"CIRTEC MEDICAL CORPORATION",0,0,1,0,33,7459,MN,"BROOKLYN PARK",55445
2022,"CLAM CORPORATION",1,0,0,0,42,1433,MN,OSSEO,55369
2022,"CLARITYTEK INC",5,0,0,0,54,4778,MN,BLAINE,55449
2022,"CLARITYTEK INC",1,0,0,0,54,4778,MN,MINNEAPOLIS,55449
2022,"CLIFF IT SOLUTIONS INC",1,0,1,0,54,3217,MN,BLAINE,55434
2022,"CLIFF IT SOLUTIONS INC",1,0,0,0,54,3217,MN,MINNEAPOLIS,55434
2022,"CLIFTONLARSONALLEN LLP",0,0,3,0,54,6749,MN,MINNEAPOLIS,55402
2022,"CODEX CORP DBA GUARDIAN RFID",0,0,1,0,51,8025,MN,"MAPLE GROVE",55311
2022,"CODEX CORP. DBA GUARDIAN RFID",1,0,1,0,51,8025,MN,"MAPLE GROVE",55311
2022,"COEN PARTNERS",2,0,0,0,54,0779,MN,MINNEAPOLIS,55401
2022,"COLDER PRODUCTS COMPANY",1,0,0,0,32,6210,MN,"SAINT PAUL",55113
2022,"COLLE MCVOY LLC",0,0,1,0,54,5581,MN,MINNEAPOLIS,55401
2022,COLLECTIVITY,1,0,0,0,54,1019,MN,"SAINT PAUL",55114
2022,"COLLEGE OF ST SCHOLASTICA INC",0,0,1,0,61,8301,MN,DULUTH,55811
2022,"COLOPLAST CORP",0,0,2,0,33,5281,MN,MINNEAPOLIS,55411
2022,"COLUMBIA MANAGEMENT INVESTMENT ADVISERS LLC DBA COLUMBIA THREADNEEDLE INVESTMENTS",3,0,6,0,52,3211,MN,MINNEAPOLIS,55474
2022,"COLUMBIA MGMT INVESTMENT ADVISERS",0,0,2,0,52,3211,MN,MINNEAPOLIS,55474
2022,"COMMUNITY DENTAL CARE",0,0,1,0,62,2982,MN,"SAINT PAUL",55109
2022,"COMMUNITY SCHOOL OF EXCELLENCE",0,0,1,0,61,0161,MN,"SAINT PAUL",55113
2022,"COMSYS TECHNOLOGIES INC",2,0,0,0,54,0573,MN,PLYMOUTH,55447
2022,"CONCORD USA LLC",11,0,7,0,54,4885,MN,HOPKINS,55343
2022,"CONDUX INTERNATIONAL INC",0,0,1,0,54,1133,MN,MANKATO,56001
2022,"CONSTELLATION INC",0,0,1,0,55,5287,MN,EDINA,55435
2022,"CONSULTING ENGINEERS GROUP INC",0,0,2,0,54,9396,MN,LAKEVILLE,55044
2022,"CONVERGEONE INC",1,0,4,0,54,3228,MN,MINNEAPOLIS,55437
2022,"CONVERGEONE INC",0,0,1,0,51,3228,MN,BLOOMINGTON,55437
2022,"CONVERGEONE INC",0,0,3,0,54,3228,MN,BLOOMINGTON,55437
2022,"COTTER HIGH SCHOOL D/B/A COTTER SCHOOLS",1,0,0,0,61,3997,MN,WINONA,55987
2022,"COVIDIEN LP",15,0,88,1,33,2162,MN,MINNEAPOLIS,55432
2022,"CPC MANAGEMENT LLC",0,0,1,0,52,4842,MN,HOPKINS,55305
2022,"CRENLO CAB PRODUCTS LLC",1,0,5,0,54,3160,MN,ROCHESTER,55901
2022,"CREST ELECTRONICS INC",0,0,1,0,42,4793,MN,DASSEL,55325
2022,"CS SOLUTIONS INC",1,0,0,0,54,4255,MN,"EDEN PRAIRIE",55344
2022,"CWT US LLC",0,0,5,0,56,0007,MN,MINNETONKA,55305
2022,"CYBER POWER SYSTEMS USA INC",1,0,0,0,44,3196,MN,SHAKOPEE,55379
2022,"DAIKIN APPLIED AMERICAS INC",0,0,1,0,33,4230,MN,MINNEAPOLIS,55441
2022,"DATA RECOGNITION CORPORATION",0,0,1,0,51,0970,MN,BLAINE,55434
2022,"DATA SCIENCES INTERNATIONAL INC",0,0,1,0,54,0649,MN,"SAINT PAUL",55112
2022,"DATADRIVE LLC",1,0,0,0,51,2588,MN,MINNEAPOLIS,55416
2022,"DATADRIVE LLC",2,0,0,0,51,2588,MN,"ST LOUIS PARK",55416
2022,"DATASITE LLC",0,0,6,0,51,7271,MN,MINNEAPOLIS,55402
2022,"DAVINCI ACADEMY OF ARTS & SCIENCE",0,0,1,0,61,4914,MN,ANDOVER,55304
2022,"DC GROUP INC",8,0,21,0,33,7854,MN,MINNEAPOLIS,55411
2022,"DCK LEARNING LLC",0,1,0,0,99,2764,MN,MINNETONKA,55345
2022,"DDL INC",1,0,1,0,54,9017,MN,"EDEN PRAIRIE",55344
2022,"DELAGET LLC",1,0,0,0,54,1898,MN,"ST LOUIS PARK",55416
2022,"DELTA INDUSTRIAL SVCS INC DBA",0,0,0,1,33,8319,MN,RAMSEY,55303
2022,"DELUXE CORPORATION",2,0,9,0,56,6800,MN,MINNEAPOLIS,55402
2022,"DENTAL SPEC OF MN PLLC D B A",1,0,0,0,62,7204,MN,"SAINT PAUL",55113
2022,"DENTAL SPECIALISTS OF MINNESOTA PLLC DBA THE DENTAL SPECIALISTS",3,0,0,0,62,7204,MN,"SAINT PAUL",55113
2022,"DENTAL SPECIALISTS OF MINNESOTA PLLC DBA THE DENTAL SPECIALISTS",1,0,0,0,62,7204,MN,ROSEVILLE,55113
2022,"DESIGN READY CONTROLS INC",1,0,0,0,33,9617,MN,MINNEAPOLIS,55445
2022,"DESIRING GOD MINISTRIES",0,0,1,0,81,7083,MN,MINNEAPOLIS,55413
2022,"DEZURIK INC",1,0,0,0,33,7748,MN,SARTELL,56377
2022,"DIASORIN INC",1,0,0,0,54,0846,MN,STILLWATER,55082
2022,"DIGI INTERNATIONAL INC",0,0,1,0,33,2464,MN,HOPKINS,55343
2022,"DIGI INTERNATIONAL INC.",1,0,1,0,33,2464,MN,HOPKINS,55343
2022,"DIGI KEY CORPORATION",0,0,1,0,42,4968,MN,"THIEF RIVER FALLS",56701
2022,"DIGITAL RIVER INC",1,0,2,0,54,1640,MN,HOPKINS,55343
2022,"DIGITAL RIVER INC",1,0,3,0,54,1640,MN,MINNETONKA,55343
2022,"DIST 742 COMMUNITY SCHOOLS A/K/A ST CLOUD AREA SCH DIST",4,0,1,0,61,3926,MN,"WAITE PARK",56387
2022,"DISTRICT 742 COMMUNITY SCHOOLS A/K",2,0,0,0,61,3926,MN,"WAITE PARK",56387
2022,"DISTRICT 742 COMMUNITY SCHOOLS A/K/A ST CLOUD AREA SCHOOL DISTRICT",2,0,1,0,61,3926,MN,"WAITE PARK",56387
2022,"DOMINIUM CONSTRUCTION & ARCHITECTURAL SERVICES LLC",0,0,1,0,23,4441,MN,MINNEAPOLIS,55441
2022,"DONALDSON COMPANY INC",1,0,2,0,33,2640,MN,MINNEAPOLIS,55431
2022,"DONALDSON COMPANY INC",0,0,1,0,33,2640,MN,BLOOMINGTON,55431
2022,"DORSEY WHITNEY LLP",2,0,2,0,54,3337,MN,MINNEAPOLIS,55402
2022,DRISTEEM,0,0,2,0,33,5247,MN,"EDEN PRAIRIE",55344
2022,"DWAITH INFOTECH INC",2,0,0,0,54,7014,MN,"APPLE VALLEY",55124
2022,"E2 CONSULTING ENGINEERS INC",0,0,1,0,54,1417,MN,ROCHESTER,55905
2022,"EAC DESIGN INC DBA EAC PRODUCT DEVELOPMENT SOLUTIONS",1,0,0,0,54,2322,MN,MINNEAPOLIS,55408
2022,"EAGLE CREEK SOFTWARE SERVICES INC",6,0,1,0,54,0017,MN,"EDEN PRAIRIE",55344
2022,"ECAPITAL ADVISORS LLC",1,0,0,0,54,2733,MN,MINNEAPOLIS,55431
2022,"ECOLAB INC",1,0,4,0,22,1510,MN,"SAINT PAUL",55102
2022,"ECOLAB USA INC",0,0,1,0,32,1945,MN,"SAINT PAUL",55102
2022,"ECOLAB USA INC",4,0,19,0,22,1945,MN,"SAINT PAUL",55102
2022,"ELAVON INC",3,0,42,0,52,6822,MN,MINNEAPOLIS,55402
2022,"ELECTRICAL POWER SOLUTIONS INC",1,0,0,0,54,7894,MN,BAXTER,56425
2022,"ELEMENT TV COMPANY LP",1,0,0,0,33,9593,MN,"EDEN PRAIRIE",55344
2022,"ELIRE INC",0,0,1,0,54,0767,MN,MINNEAPOLIS,55402
2022,"ELTON EYECARE INC",0,0,1,0,62,8286,MN,MINNEAPOLIS,55404
2022,"EMA INC",0,0,1,0,54,8597,MN,"SAINT PAUL",55113
2022,"EMBLEMATIC TECH SOLUTIONS LLC",0,0,1,0,54,5578,MN,OSSEO,55369
2022,"EMBLEMATIC TECH SOLUTIONS LLC",0,0,1,0,54,5578,MN,MINNEAPOLIS,55369
2022,"EMPERY ROCHESTER HOSPITALITY LLC",1,0,0,0,72,7870,MN,ROCHESTER,55904
2022,"EMPLOYER SOLUTIONS GROUP LLC",1,0,0,0,54,1006,MN,"EDEN PRAIRIE",55344
2022,"ENABLE DATA INCORPORATED",0,0,2,0,54,3415,MN,MINNEAPOLIS,55414
2022,"ENERGY MANAGEMENT SOLUTIONS INC",1,0,0,0,54,7853,MN,EXCELSIOR,55331
2022,"ENHANCE PRODUCT DEVELOPMENT INC",0,0,1,0,54,2720,MN,CHAMPLIN,55316
2022,"ENTEGRIS INC",0,0,1,0,92,1551,MN,CHASKA,55318
2022,"ENTEGRIS INC",12,0,30,0,32,1551,MN,CHASKA,55318
2022,"ENTRUST CORPORATION",0,0,3,0,33,0297,MN,SHAKOPEE,55379
2022,"ERGOTRON INC",0,0,2,0,33,8218,MN,EAGAN,55121
2022,"ERICKSEN ROED AND ASSOCIATES INC",0,0,1,0,54,1226,MN,"SAINT PAUL",55114
2022,"ERICKSON ENGINEERING CO LLC",0,0,1,0,54,1169,MN,"EDEN PRAIRIE",55344
2022,"ESG ARCHITECTURE AND DESIGN INC",0,0,1,0,54,2786,MN,MINNEAPOLIS,55415
2022,"EVER GREEN ENERGY INC",0,0,1,0,22,8761,MN,"ST PAUL",55102
2022,"EVERETT CLINIC",0,0,1,0,62,4500,MN,MINNETONKA,55343
2022,"EVEREVE INCORPORATED",1,0,0,0,51,5766,MN,MINNEAPOLIS,55435
2022,"EVOLVE ADDITIVE SOLUTIONS INC",0,0,2,0,33,4246,MN,MINNETONKA,55343
2022,"EVS INC",2,0,6,0,54,3363,MN,"EDEN PRAIRIE",55344
2022,"EXPLICIT SYSTEMS USA INC",0,0,4,0,54,3691,MN,"EDEN PRAIRIE",55344
2022,"FAEGRE DRINKER BIDDLE REATH LLP",0,0,2,0,54,4008,MN,MINNEAPOLIS,55402
2022,"FAIRMONT AREA SCHOOLS",0,0,2,0,61,3686,MN,FAIRMONT,56031
2022,"FAIRVIEW HEALTH SERVICES",0,0,1,0,62,1680,MN,MINNEAPOLIS,55454
2022,"FAIRVIEW HEALTH SERVICES",0,0,5,0,62,1680,MN,MINNEAPOLIS,55454
2022,"FAIRVIEW HEALTH SERVICES",0,0,3,0,62,1680,MN,"SAINT PAUL",55104
2022,"FAIRVIEW HEALTH SVCS",0,0,1,0,62,1680,MN,"SAINT PAUL",55104
2022,"FAMILY HEALTH SERVICES MINNESOTA P A",1,0,0,0,55,7152,MN,"SAINT PAUL",55117
2022,"FAMILY SUPPORT SERVICES INC",0,0,1,0,62,6719,MN,"SAINT PAUL",55112
2022,"FARIBAULT FOODS INC",0,0,1,0,31,6215,MN,MINNEAPOLIS,55402
2022,"FASTENAL COMPANY",1,0,0,1,33,8415,MN,WINONA,55987
2022,"FASTEST INC",1,0,0,0,33,0024,MN,"SAINT PAUL",55113
2022,"FEDERAL RESERVE BANK OF MINNEAPOLIS",1,0,2,0,92,6292,MN,MINNEAPOLIS,55401
2022,"FIELD NATION LLC",0,0,1,0,54,0592,MN,MINNEAPOLIS,55402
2022,"FIGG INC",2,0,1,0,54,3809,MN,"ST PAUL",55114
2022,"FISH RICHARDSON PC",2,0,4,0,54,4521,MN,MINNEAPOLIS,55402
2022,"FITCH JOHNSON LARSON & HELD P A",1,0,0,0,54,7150,MN,"SAINT PAUL",55113
2022,"FLS CONNECT LLC",1,0,0,0,56,0841,MN,"SAINT PAUL",55128
2022,"FORSMAN FARMS INC",0,0,1,0,11,3675,MN,"HOWARD LAKE",55349
2022,"FRANK N MAGID ASSOCIATES INC DBA MAGID",1,0,0,0,54,4975,MN,MINNEAPOLIS,55437
2022,"FRIESEN S INC",0,0,1,0,33,9829,MN,"DETROIT LAKES",56501
2022,"FRONTAGE TECHNOLOGIES INC",0,0,2,0,54,8376,MN,ROCHESTER,55901
2022,"FSV PAYMENT SYSTEMS INC",0,0,5,0,52,8501,MN,MINNEAPOLIS,55402
2022,"GARDA CAPITAL PARTNERS LP",0,0,4,0,52,6073,MN,WAYZATA,55391
2022,"GENERAL MILLS INC",2,0,19,0,31,4440,MN,MINNEAPOLIS,55426
2022,"GENISYS TECHNOLOGIES INC",1,0,2,0,54,0514,MN,MINNEAPOLIS,55447
2022,"GENISYS TECHNOLOGIES INC",4,0,2,0,54,0514,MN,PLYMOUTH,55447
2022,"GERTEN GREENHOUSE GARDEN CENTER",0,0,1,0,11,7373,MN,"INVER GROVE HEIGHTS",55076
2022,"GHR FOUNDATION",0,0,1,0,81,6122,MN,MINNEAPOLIS,55402
2022,"GILLETTE CHILDREN S SPECIALTY HEAL",1,0,0,0,62,9150,MN,"SAINT PAUL",55101
2022,"GILLETTE CHILDREN S SPECIALTY HEALTHCARE",1,0,2,0,62,9150,MN,"SAINT PAUL",55101
2022,"GLOBAL INTELLECTUALS LLC",0,0,1,0,54,1870,MN,MINNEAPOLIS,55420
2022,"GLOBAL INTELLECTUALS LLC",0,0,2,0,54,1870,MN,BLOOMINGTON,55420
2022,"GLOBAL IT SOLUTIONS INC",3,0,3,0,54,0738,MN,MINNEAPOLIS,55423
2022,"GLOBAL OVERVIEW LLC",1,0,0,0,54,8694,MN,HOPKINS,55305
2022,"GLOBAL TRAFFIC TECHNOLOGIES INC",0,0,1,0,33,0311,MN,"SAINT PAUL",55128
2022,"GLOBAL TRAFFIC TECHNOLOGIES LLC",1,0,6,0,33,0311,MN,"SAINT PAUL",55128
2022,"GLOBAL TRAFFIC TECHNOLOGIES LLC",1,0,0,0,33,0311,MN,"ST. PAUL",55128
2022,"GOODWILL INDUSTRIES INC",0,0,1,0,62,6171,MN,"SAINT PAUL",55104
2022,"GRANICUS LLC",0,0,3,0,54,1088,MN,"SAINT PAUL",55102
2022,"GREAT PLAINS INSTITUTE FOR SUSTAINABLE DEVELOPMENT INC",1,0,0,0,54,1126,MN,MINNEAPOLIS,55407
2022,"GREAT RIVER ENERGY",0,0,1,0,22,4988,MN,OSSEO,55369
2022,"GROUP HEALTH PLAN INC DBA HEALTHPA",1,0,1,0,62,7853,MN,MINNEAPOLIS,55425
2022,"GROUP HEALTH PLAN INC DBA HEALTHPA",1,0,0,0,62,7853,MN,BLOOMINGTON,55425
2022,"GROUP HEALTH PLAN INC DBA HEALTHPARTNERS INC",2,0,12,0,62,7853,MN,BLOOMINGTON,55425
2022,"GROUP HEALTH PLAN INC DBA HEALTHPARTNERS INC",6,0,11,0,62,7853,MN,MINNEAPOLIS,55425
2022,"GUSTAVUS ADOLPHUS COLLEGE",1,0,1,0,61,5524,MN,"SAINT PETER",56082
2022,"GW CARTER LTD",0,0,1,0,54,6691,MN,EDINA,55435
2022,"HANSEN POLE BUILDINGS LLC",1,0,0,0,44,9426,MN,"BROWNS VALLEY",56219
2022,"HARMON INC",0,0,1,0,23,0565,MN,BLOOMINGTON,55431
2022,"HARMON INC",0,0,1,0,23,0565,MN,MINNEAPOLIS,55431
2022,"HAWKINS INC",0,0,1,0,42,1293,MN,ROSEVILLE,55113
2022,"HAWORTH MARKETING MEDIA COMPANY",0,0,1,0,54,0876,MN,MINNEAPOLIS,55402
2022,"HB FULLER COMPANY",0,0,2,0,32,8370,MN,"VADNAIS HEIGHTS",55110
2022,"HEALTH PLAN OF NEVADA INC",0,0,1,0,52,1035,MN,MINNETONKA,55343
2022,"HEALTHCARE PARTNERS MEDICAL GROUP PC",0,0,1,0,62,0584,MN,HOPKINS,55343
2022,"HEALTHCARE PARTNERS MEDICAL GROUP PC",0,0,1,0,62,0594,MN,MINNETONKA,55343
2022,"HEARTH HOME TECHNOLOGIES",0,0,1,0,33,1782,MN,LAKEVILLE,55044
2022,"HEIDI E F BURTON CHIEF HR OFFICER",0,0,1,0,54,3135,MN,MINNEAPOLIS,55402
2022,"HELP SYSTEMS LLC",0,0,1,0,55,0533,MN,"EDEN PRAIRIE",55344
2022,"HELP SYSTEMS LLC",0,0,5,0,51,0533,MN,"EDEN PRAIRIE",55344
2022,"HENNEPIN HEALTHCARE RESEARCH INSTITUTE",1,0,0,0,54,7920,MN,MINNEAPOLIS,55404
2022,"HENNEPIN HEALTHCARE SYSTEM INC",4,0,5,0,62,7837,MN,MINNEAPOLIS,55415
2022,"HERAEUS MEDICAL COMPONENTS LLC",0,0,1,0,33,9713,MN,"WHITE BEAR LAKE",55127
2022,"HIWAY CREDIT UNION",0,0,1,0,52,3750,MN,"SAINT PAUL",55103
2022,"HK CORP DBA SUPER AMERICA 4871",0,0,1,0,45,8644,MN,VICTORIA,55386
2022,"HM HOLDINGS INC DBA HELIOMETRICS",0,0,1,0,51,3160,MN,MINNEAPOLIS,55416
2022,"HOFFMAN ENCLOSURES INC",0,0,1,0,33,6273,MN,ANOKA,55303
2022,"HORIZON SCIENCE ACADEMY TWIN CITIE",0,1,0,0,61,3248,MN,RICHFIELD,55423
2022,"HORIZONTAL INTEGRATION INC",1,0,8,0,54,6047,MN,"SAINT LOUIS PARK",55416
2022,"HORMEL FOODS CORPORATE SERVICES LLC",0,0,4,0,31,2154,MN,AUSTIN,55912
2022,"HORMEL FOODS CORPORATE SVCS LLC",0,0,2,0,31,2154,MN,AUSTIN,55912
2022,"I E  NETWORK  LLC",1,0,0,0,54,6663,MN,MINNEAPOLIS,55403
2022,"I S GROUP INC",1,0,0,0,54,5051,MN,MANKATO,56001
2022,"ICARIO INC",0,0,1,0,54,2831,MN,MINNEAPOLIS,55416
2022,"ICON ITGROUP",0,0,2,0,54,4234,MN,MEDINA,55447
2022,"ICON ITGROUP",1,0,0,0,54,4234,MN,MINNEAPOLIS,55447
2022,"ICON ITGROUP",8,0,1,0,54,4234,MN,PLYMOUTH,55447
2022,"IDOM INC",1,1,0,0,54,7685,MN,MINNEAPOLIS,55401
2022,"IGBANUGO PARTNERS INTL LAW FIRM PL",0,0,1,0,54,1833,MN,MINNEAPOLIS,55401
2022,"IKONIC SOFT INC",6,0,3,0,54,9581,MN,ROSEVILLE,55113
2022,"IKONIC SOFT INC",3,0,0,0,54,9581,MN,"SAINT PAUL",55113
2022,"ILLINOIS TOOL WORKS INC",0,0,1,0,33,8310,MN,"EDEN PRAIRIE",55344
2022,"IMAGINE GROUP LLC",0,0,1,0,54,2906,MN,SHAKOPEE,55379
2022,"IMANIS LIFE SCIENCES LLC",1,0,0,0,54,0599,MN,ROCHESTER,55901
2022,"IMEDIA BRANDS INC",0,0,1,0,45,3770,MN,"EDEN PRAIRIE",55344
2022,"IMEDIA BRANDS INC FORMERLY EVINE LIVE INC",0,0,2,0,45,3770,MN,"EDEN PRAIRIE",55344
2022,"IMMIGRANT LAW CENTER OF MN INC",0,0,1,0,54,9036,MN,"SAINT PAUL",55104
2022,"INDEPENDENT SCHOOL DIST 273",0,0,1,0,61,1406,MN,MINNEAPOLIS,55424
2022,"INDEPENDENT SCHOOL DISTRICT 16 A/K",1,0,0,0,61,8529,MN,"SPRING LAKE PARK",55432
2022,"INDEPENDENT SCHOOL DISTRICT 196",0,0,2,0,61,7792,MN,ROSEMOUNT,55068
2022,"INDEPENDENT SCHOOL DISTRICT 270 HO",2,0,1,0,61,8248,MN,HOPKINS,55305
2022,"INDEPENDENT SCHOOL DISTRICT 270 HOPKINS",2,0,2,0,61,8248,MN,HOPKINS,55305
2022,"INDEPENDENT SCHOOL DISTRICT 518",1,0,0,0,61,8522,MN,WORTHINGTON,56187
2022,"INDUSTRIAL FABRICATION SVCS INC",1,0,0,0,33,4669,MN,"LAKE CRYSTAL",56055
2022,"INFINITE CAMPUS INC",0,0,1,0,51,5930,MN,MINNEAPOLIS,55449
2022,"INFINITE CAMPUS INC",1,0,0,0,51,5930,MN,BLAINE,55449
2022,"INNOVATIVE SURFACE TECHNOLOGIES INC DBA ISURTEC",0,0,1,0,54,4118,MN,"SAINT PAUL",55114
2022,"INNOVIZE INC",0,0,1,0,54,5891,MN,"SAINT PAUL",55127
2022,"INSPIRE MEDICAL SYSTEMS INC",0,0,1,0,33,7674,MN,"GOLDEN VALLEY",55416
2022,"INTACT SERVICES USA LLC",0,0,1,0,52,0555,MN,PLYMOUTH,55441
2022,"INTACT SERVICES USA LLC",0,0,1,0,52,0555,MN,MINNEAPOLIS,55441
2022,"INTEGRATED DECISIONS & SYSTEMS INC",1,0,0,0,54,1330,MN,BLOOMINGTON,55437
2022,"INTEGRATED DECISIONS AND SYSTEMS INC",1,0,2,0,54,1330,MN,BLOOMINGTON,55437
2022,"INTEGRATED EQUITY MANAGEMENT INC",0,0,1,0,52,0614,MN,BLOOMINGTON,55425
2022,"INTEGRATED HEALTH GROUP",0,0,0,1,54,6665,MN,"SAINT PAUL",55113
2022,"INTEGRATED HEALTH GROUP",3,2,3,1,54,6665,MN,ROSEVILLE,55113
2022,"INTEGRHYTHM INC D B A INRY",0,0,1,0,54,6336,MN,MINNEAPOLIS,55435
2022,"INTEGRIPATH INC",4,0,0,0,56,6561,MN,"PRIOR LAKE",55372
2022,"INTERTECH SYSTEMS LLC DBA CONTATA SOLUTIONS",1,0,2,0,54,3831,MN,MINNEAPOLIS,55402
2022,"INTL PROJECTS CONSULTANCY SVCS INC",1,0,0,0,99,0742,MN,MINNEAPOLIS,55426
2022,"ISTHMUS ENGINEERING, INC",0,0,1,0,54,7206,MN,"SAINT PAUL",55101
2022,"ITASCA CONSULTING GROUP",0,0,1,0,54,1811,MN,MINNEAPOLIS,55401
2022,"ITASCA CONSULTING GROUP INC",0,0,3,0,54,1811,MN,MINNEAPOLIS,55401
2022,"ITPROFOUND INC",6,0,2,0,54,3205,MN,WOODBURY,55125
2022,"ITPROFOUND INC",0,0,1,0,54,3205,MN,"INVER GROVE HEIGHTS",55076
2022,"ITPROFOUND INC",4,0,1,0,54,3205,MN,"SAINT PAUL",55125
2022,"ITR GROUP INC",0,0,1,0,56,1754,MN,WOODBURY,55125
2022,"IZIEL HEALTHCARE INC",0,0,2,0,54,8526,MN,MINNEAPOLIS,55401
2022,"J B GROUP INC",0,0,1,0,42,6598,MN,"SAINT MICHAEL",55376
2022,"JAMF SOFTWARE LLC",0,0,1,0,54,6814,MN,MINNEAPOLIS,55401
2022,"JAPS-OLSON COMPANY",1,0,0,0,32,3810,MN,MINNEAPOLIS,55426
2022,"JAVEN TECHNOLOGIES INC",4,0,8,0,54,6482,MN,BLOOMINGTON,55425
2022,"JAVEN TECHNOLOGIES INC",3,1,6,0,54,6482,MN,MINNEAPOLIS,55425
2022,"JONES METAL INC",0,0,1,0,33,3756,MN,MANKATO,56001
2022,"JP ECOMMERCE INC DBA BARE HOME",1,0,0,0,45,2238,MN,"FOREST LAKE",55025
2022,"KB LAW PLLC",1,0,0,0,54,7567,MN,MINNETONKA,55343
2022,"KENNYS CANDY AND CONFECTIONS",1,0,0,0,31,6483,MN,PERHAM,56573
2022,"KENSOFT LLC",0,0,1,0,54,3881,MN,"EDEN PRAIRIE",55344
2022,"KFI ENGINEERS PC",0,0,1,0,54,7297,MN,"SAINT PAUL",55113
2022,"KGP TELECOMMUNICATIONS LLC",0,0,1,0,42,0049,MN,FARIBAULT,55021
2022,"KINDEVA DRUG DELIVERY L P",0,0,1,0,32,2783,MN,"SAINT PAUL",55129
2022,"KINDEVA DRUG DELIVERY L P",1,0,0,0,32,2783,MN,WOODBURY,55129
2022,"KINECT ENERGY INC",0,0,1,0,54,1916,MN,MINNETONKA,55305
2022,"KITTSON MEMORIAL HOSP ASSN DBA KIT",1,0,0,0,62,,MN,HALLOCK,56728
2022,"KORBER SUPPLY CHAIN US INC",0,0,4,1,54,7300,MN,MINNEAPOLIS,55437
2022,"LAKELAND MENTAL HLTH CTR INC",1,0,0,0,42,3966,MN,"FERGUS FALLS",56537
2022,"LAKES INTERNATIONAL LANGUAGE ACADE",3,0,1,0,61,3839,MN,"FOREST LAKE",55025
2022,"LAKES INTERNATIONAL LANGUAGE ACADEMY",6,0,9,0,61,3839,MN,"FOREST LAKE",55025
2022,"LAKEWOOD HEALTH CENTER",1,0,0,0,62,8434,MN,BAUDETTE,56623
2022,"LAND O LAKES INC",1,0,6,0,31,5145,MN,"ARDEN HILLS",55126
2022,"LAND O LAKES INC",1,0,4,0,31,5145,MN,"SAINT PAUL",55126
2022,"LAND OLAKES INC",0,0,1,0,31,5145,MN,"ARDEN HILLS",55126
2022,"LAND OLAKES INC",0,0,1,0,31,5145,MN,"SAINT PAUL",55126
2022,"LARSON ENGINEERING INC",1,0,0,0,54,6375,MN,"WHITE BEAR LAKE",55110
2022,"LATINO ECONOMIC DEVELOPMENT CENTER",1,0,0,0,81,7167,MN,"SAINT PAUL",55106
2022,"LAWINGER CONSULTING INC",1,0,0,0,54,4815,MN,OSSEO,55369
2022,"LB CARLSON LLP",0,0,0,1,54,4933,MN,MINNEAPOLIS,55428
2022,"LEADING EDGE TECHNOLOGIES LLC",2,0,0,0,54,4926,MN,MINNEAPOLIS,55401
2022,"LEGRAND AV INC",1,0,1,0,33,7597,MN,"EDEN PRAIRIE",55344
2022,"LIFE TIME INC",1,0,4,0,71,9746,MN,CHANHASSEN,55317
2022,"LIFECARE MEDICAL CTR",2,0,1,0,62,4205,MN,ROSEAU,56751
2022,"LINKS SNACKS INC",0,0,1,0,31,2037,MN,MINNEAPOLIS,55403
2022,"LIVEFRONT INC",1,0,0,0,54,8507,MN,MINNEAPOLIS,55408
2022,"LJS SERVICES LLC",1,0,0,0,54,7380,MN,MINNEAPOLIS,55442
2022,"LOCUS ARCHITECTURE LTD",1,0,0,0,54,3913,MN,MINNEAPOLIS,55419
2022,"LOFTECH PROTOTYPE MANUFACTURING LLC",1,0,0,0,54,9541,MN,"SAINT PAUL",55110
2022,"LOGIC INFORMATION SYSTEMS INC",3,0,1,0,54,2770,MN,BLOOMINGTON,55435
2022,"LOGIC INFORMATION SYSTEMS INC",1,0,1,0,54,2770,MN,MINNEAPOLIS,55435
2022,"LOGIC INFORMATION SYSTEMS INC",1,0,1,0,54,2770,MN,BLOOMINGTON,55431
2022,"LONG TERM CARE GROUP INC DBA LTCG",0,0,3,0,52,4537,MN,"EDEN PRAIRIE",55344
2022,"LONGEVITY HOLDINGS INC",0,0,1,0,52,2389,MN,MINNEAPOLIS,55402
2022,"LUBE TECH SERVICES LLC",1,0,0,0,32,2202,MN,"GOLDEN VALLEY",55427
2022,"LUMINOUS MIND INC",1,0,0,0,62,0301,MN,"SAINT PAUL",55113
2022,"LURIE LLP",0,0,1,0,54,1734,MN,MINNEAPOLIS,55405
2022,"M A MORTENSON COMPANY",4,0,28,0,23,0923,MN,MINNEAPOLIS,55422
2022,"MACALESTER COLLEGE",3,0,1,0,61,3962,MN,"SAINT PAUL",55105
2022,"MAI N MOUA LAW OFFICE",0,1,0,0,54,5233,MN,MINNEAPOLIS,55404
2022,"MALLEY DESIGN LLC",0,0,1,0,54,0232,MN,MINNEAPOLIS,55413
2022,"MALLOY MONTAGUE KARNOWSKI RADOSEVICH & CO PA",1,0,0,0,54,0382,MN,MINNEAPOLIS,55416
2022,"MANKATO CLINIC LTD",0,0,1,0,62,9339,MN,MANKATO,56001
2022,"MARION ZOOLOGICAL INC",0,0,1,0,31,7359,MN,MINNEAPOLIS,55447
2022,"MARITZ CONSULTING GROUP",4,0,2,0,54,9297,MN,MINNETONKA,55343
2022,"MARITZ CONSULTING GROUP",0,0,2,0,54,9297,MN,HOPKINS,55343
2022,"MARITZ CONSULTING GROUP D/B/A LEDE",0,0,1,0,54,9297,MN,HOPKINS,55343
2022,"MARITZ CONSULTING GROUP D/B/A LEDE",4,0,1,0,54,9297,MN,MINNETONKA,55343
2022,"MARITZ CONSULTING GROUP DBA LEDELSEA",0,0,2,0,54,9297,MN,HOPKINS,55343
2022,"MARITZ CONSULTING GROUP DBA LEDELSEA",12,0,2,0,54,9297,MN,MINNETONKA,55343
2022,"MARMON LINK INC",1,0,0,0,33,8438,MN,"BROOKLYN PARK",55445
2022,"MARVIN LUMBER AND CEDAR COMPANY LLC",1,0,0,0,32,6845,MN,WARROAD,56763
2022,"MATRIXCARE INC",1,0,1,1,51,0260,MN,MINNEAPOLIS,55425
2022,"MATRIXCARE INC",1,0,3,0,51,0260,MN,BLOOMINGTON,55425
2022,"MAYO CLINIC",0,0,2,0,62,1702,MN,ROCHESTER,55905
2022,"MAYO CLINIC",242,1,159,2,61,1702,MN,ROCHESTER,55905
2022,"MCLAUGHLIN GORMLEY KING COMPANY",1,0,0,0,32,3600,MN,MINNEAPOLIS,55428
2022,"MCNEILUS TRUCK AND MANUFACTURING INC",3,0,2,0,33,7369,MN,"DODGE CENTER",55927
2022,"ME GLOBAL INC",0,0,1,0,42,0545,MN,MINNEAPOLIS,55421
2022,"MEDICA SERVICES COMPANY LLC",0,0,2,0,52,2940,MN,MINNETONKA,55305
2022,"MEDIVATORS INC",0,0,1,0,33,9121,MN,MINNEAPOLIS,55447
2022,"MEDTRONIC INC",59,1,257,2,33,3183,MN,MINNEAPOLIS,55432
2022,"MEDTRONIC INC",2,0,0,0,33,3183,MN,FRIDLEY,55432
2022,"MERCHANT GOULD PC",0,0,1,0,54,1388,MN,MINNEAPOLIS,55402
2022,"METRO SOCIAL SERVICES INC",1,1,0,0,62,3857,MN,"SAINT PAUL",55103
2022,"METROPOLITAN AREA AGENCY ON AGING",1,0,0,0,62,4247,MN,"ARDEN HILLS",55112
2022,"MEYER BORGMAN AND JOHNSON INC",1,0,4,0,54,8528,MN,MINNEAPOLIS,55402
2022,"MG WALDBAUM COMPANY DBA MICHAEL",0,0,1,0,31,5304,MN,MINNETONKA,55305
2022,"MICROBIOLOGIES INC",0,0,1,0,32,8292,MN,"SAINT CLOUD",56303
2022,"MID MINNESOTA LEGAL ASSISTANCE",0,0,1,0,54,2710,MN,MINNEAPOLIS,55403
2022,"MID MINNESOTA LEGAL ASSISTANCE INCORPORATED DBA MID MINNESOTA LEGAL AID",1,0,1,0,54,2710,MN,MINNEAPOLIS,55403
2022,"MIDWEST INTERVENTIONAL SYSTEMS, LLC",1,0,0,0,33,3707,MN,"MAPLE GROVE",55311
2022,"MIDWEST MOTION PRODUCTS INC",1,0,0,0,33,2230,MN,"HOWARD LAKE",55349
2022,"MILK SPECIALITIES COMPANY",1,0,0,0,31,2006,MN,"EDEN PRAIRIE",55344
2022,"MILK SPECIALTIES COMPANY DBA MILK SPECIALTIES GLOBAL",1,0,2,0,31,2006,MN,"EDEN PRAIRIE",55344
2022,"MILLE LACS BAND OF OJIBWE INDIANS",0,0,1,0,62,1577,MN,ONAMIA,56359
2022,"MILLE LACS CORPORATE VENTURES",0,0,1,0,71,6671,MN,ONAMIA,56359
2022,"MILLE LACS HLTH SYS",1,0,0,0,62,5161,MN,ONAMIA,56359
2022,"MILLE LACS ISANTI & SHERBURNE COUNTIES ISD 477 DBA ISD 477",1,0,0,0,61,8488,MN,PRINCETON,55371
2022,"MILLE LACS ISANTI & SHERBURNE COUNTIES ISD 477 DBA ISD 477",1,0,0,0,61,8488,MN,PRINCETON,55371
2022,"MINDSET CONSULTING LLC",1,0,1,0,54,0778,MN,MINNEAPOLIS,55401
2022,"MINNEAPOLIS HEART INSTITUTE FOUNDA",0,0,1,0,54,6406,MN,MINNEAPOLIS,55407
2022,"MINNEAPOLIS HEART INSTITUTE FOUNDATION",1,0,1,0,54,6406,MN,MINNEAPOLIS,55407
2022,"MINNEAPOLIS PUBLIC SCHOOLS",5,0,3,0,61,1980,MN,MINNEAPOLIS,55411
2022,"MINNEAPOLIS VA HEALTH CARE SYSTEM",3,0,0,0,62,6270,MN,MINNEAPOLIS,55417
2022,"MINNESOTA MATH AND SCIENCE ACADEMY",1,0,0,0,61,1308,MN,"SAINT PAUL",55117
2022,"MINNESOTA TEACHERS RETIREMENT ASSOCIATION",0,0,1,0,52,5511,MN,"SAINT PAUL",55103
2022,"MINNETONKA PUBLIC SCHOOLS",0,0,5,1,61,1402,MN,MINNETONKA,55345
2022,"MNGI DIGESTIVE HEALTH PA",0,0,1,0,99,1064,MN,MINNEAPOLIS,55413
2022,"MOBE LLC",0,0,1,0,62,0952,MN,MINNEAPOLIS,55441
2022,"MOBE LLC",1,0,0,0,62,0952,MN,PLYMOUTH,55441
2022,"MOCON INC",1,0,0,0,33,3312,MN,MINNEAPOLIS,55428
2022,"MOM BRANDS COMPANY LLC",0,0,4,0,31,5310,MN,LAKEVILLE,55044
2022,"MOMACMO LIMITED",0,0,1,0,21,3734,MN,MINNEAPOLIS,55406
2022,"MONTERIS MEDICAL CORPORATION",1,0,2,0,33,6265,MN,HOPKINS,55305
2022,"MOORHEAD AREA PUBLIC SCHOOLS",1,0,0,0,61,8721,MN,MOORHEAD,56560
2022,"MULTI TECH SYSTEMS INC",1,0,0,0,33,8843,MN,"MOUNDS VIEW",55112
2022,"MURATA VIOS INC",0,0,1,0,42,3886,MN,WOODBURY,55125
2022,"MVP MARKETING & DESIGN INC",1,0,0,0,99,4970,MN,MINNEAPOLIS,55401
2022,"MYPAVE LLC",0,1,1,0,54,2200,MN,WAYZATA,55391
2022,"NALCO COMPANY LLC",1,0,2,0,22,7045,MN,"SAINT PAUL",55102
2022,"NATALIS COUNSELING AND PSYCHOLOGY SOLUTIONS",1,0,0,0,62,3557,MN,"SAINT PAUL",55104
2022,"NATIONAL GRID RENEWABLES DEVELOPMENT LLC",0,0,1,0,22,3581,MN,BLOOMINGTON,55437
2022,"NATIONAL GRID RENEWABLES DEVELOPMENT LLC",1,0,0,0,22,3581,MN,MINNEAPOLIS,55437
2022,"NATIONAL MARROW DONOR PROGRAM",9,0,8,0,62,5803,MN,MINNEAPOLIS,55401
2022,"NATIVEX LLC",0,0,1,0,54,4643,MN,"SAINT CLOUD",56301
2022,"NATIVEX LLC",0,0,1,0,51,4643,MN,"SAINT CLOUD",56301
2022,"NCS PEARSON INC AN INDIRECT WHOLLY",0,0,13,1,61,0527,MN,BLOOMINGTON,55437
2022,"NCS PEARSON INC AN INDIRECT WHOLLY",2,0,5,0,61,0527,MN,MINNEAPOLIS,55437
2022,"NCS PEARSON INC AN INDIRECT WHOLLY OWNED SUBSIDIARY OF PEARSON PLC",4,0,15,1,61,0527,MN,BLOOMINGTON,55437
2022,"NCS PEARSON INC AN INDIRECT WHOLLY OWNED SUBSIDIARY OF PEARSON PLC",3,0,5,0,61,0527,MN,MINNEAPOLIS,55437
2022,"NETSPI LLC",0,0,1,0,54,2686,MN,MINNEAPOLIS,55401
2022,"NEVELEX CORPORATION",0,0,1,0,54,4047,MN,MINNEAPOLIS,55425
2022,"NEW MILLENNIUM ACADEMY",1,0,0,0,61,5836,MN,"BROOKLYN CENTER",55429
2022,"NEW MILLENNIUM ACADEMY",1,0,0,0,61,5836,MN,MINNEAPOLIS,55429
2022,"NEXT TECHNOLOGIES LLC",1,0,0,0,99,2936,MN,BLOOMINGTON,55431
2022,"NEXT TECHNOLOGIES LLC",1,0,1,0,54,2936,MN,BLOOMINGTON,55431
2022,"NEXT TECHNOLOGIES LLC",0,0,1,0,54,2936,MN,MINNEAPOLIS,55431
2022,"NEXTEK LLC",1,0,0,0,54,6970,MN,SHOREVIEW,55126
2022,"NGI CAPITAL INC DBA APEX IT",0,0,10,0,54,9572,MN,"COTTAGE GROVE",55016
2022,"NIHILENT ANALYTICS INC",0,0,1,0,54,1955,MN,"SAINT PAUL",55113
2022,"NIHILENT ANALYTICS INC",0,0,3,0,54,1955,MN,ROSEVILLE,55113
2022,"NIHILENT INC",3,0,0,0,54,5392,MN,"SAINT PAUL",55113
2022,"NIHILENT INC",2,0,2,0,54,5392,MN,ROSEVILLE,55113
2022,"NOKOMIS ENERGY",1,0,0,0,22,2174,MN,MINNEAPOLIS,55408
2022,"NONIN MEDICAL INC",0,0,1,0,33,0886,MN,PLYMOUTH,55441
2022,"NORDICCLICK INTERACTIVE CORPORATION",1,0,0,0,54,3537,MN,MINNETONKA,55343
2022,"NORTHERN TECHNOLOGIES INTERNATIONA",1,0,0,0,32,7886,MN,"CIRCLE PINES",55014
2022,"NORTHMARQ CAPITAL LLC",0,0,1,0,52,2937,MN,MINNEAPOLIS,55431
2022,"NORTHTEQ INC",1,0,0,0,54,1556,MN,EXCELSIOR,55331
2022,"NORTHWEST GRAINS INTERNATIONAL LLC",1,0,0,0,99,4189,MN,MINNEAPOLIS,55439
2022,"NORTHWESTERN HEALTH SCIENCES UNIVERSITY",0,0,1,0,61,4657,MN,BLOOMINGTON,55431
2022,"NOVA GROUP GBC",0,0,1,0,54,0923,MN,"ST LOUIS PARK",55416
2022,"NOVEL ENERGY SOLUTIONS LLC",0,0,1,0,22,9407,MN,"SAINT PAUL",55114
2022,"NVENT MANAGEMENT COMPANY",0,0,1,0,33,3161,MN,MINNEAPOLIS,55416
2022,"NVENT MANAGEMENT COMPANY",1,0,0,0,33,3161,MN,"ST LOUIS PARK",55416
2022,"NVENT THERMAL LLC",0,0,1,0,23,7284,MN,"ST LOUIS PARK",55416
2022,"OASYS TECHNOLOGIES INC",1,0,5,0,54,2011,MN,EAGAN,55122
2022,"OCTAHEDRON LLC",0,1,0,0,54,8399,MN,BLAINE,55449
2022,"OLMSTED MEDICAL CENTER",0,0,0,1,62,5367,MN,ROCHESTER,55904
2022,"OLR AMERICA INC",0,0,1,0,54,5791,MN,MINNEAPOLIS,55402
2022,"OPEN SYSTEMS INTERNATIONAL INC",4,0,0,0,54,2211,MN,HAMEL,55340
2022,"OPEN SYSTEMS INTERNATIONAL INC",0,0,1,0,33,2211,MN,MEDINA,55340
2022,"OPEN SYSTEMS INTERNATIONAL INC",16,0,9,0,54,2211,MN,MEDINA,55340
2022,"OPTIMINE SOFTWARE INC",0,0,1,0,42,1326,MN,MINNEAPOLIS,55401
2022,"OPTUM CARE INC",0,0,1,0,54,9511,MN,MINNETONKA,55343
2022,"OPTUM SERVICES INC",0,0,1,0,62,3454,MN,MINNETONKA,55343
2022,"OPTUM SERVICES INC",0,0,1,0,54,3454,MN,MINNETONKA,55343
2022,"OPTUM SERVICES INC",0,0,8,0,52,3454,MN,MINNETONKA,55343
2022,"OPTUM SERVICES INC",25,0,452,3,54,3454,MN,MINNETONKA,55343
2022,"OPTUM SERVICES INC",0,0,1,0,54,3424,MN,MINNETONKA,55343
2022,"OPTUM SERVICES INC",0,0,1,0,54,3454,MN,MINNETONKA,55343
2022,"OPTUM SERVICES INC",31,0,180,2,54,3454,MN,HOPKINS,55343
2022,"OPTUM SERVICES INC",0,0,3,0,52,3454,MN,HOPKINS,55343
2022,"OPTUM SERVICES INC",0,0,1,0,54,3454,MN,MIINNETONKA,55343
2022,"OPTUM SERVICES, INC.",0,0,1,0,54,2454,MN,HOPKINS,55343
2022,"OPTUM SERVICES, INC.",0,0,1,0,54,2454,MN,MINNETONKA,55343
2022,"OPTUM WASHINGTON NETWORK LLC",0,0,0,1,62,5012,MN,HOPKINS,55343
2022,"OPTUM360 SERVICES INC",0,0,1,0,54,3926,MN,MINNETONKA,55343
2022,"OPTUMCARE MANAGEMENT LLC",0,0,2,0,62,9662,MN,HOPKINS,55343
2022,"OPTUMCARE MANAGEMENT LLC",3,0,6,0,62,9662,MN,MINNETONKA,55343
2022,"OPTUMINSIGHT INC",0,0,3,0,54,8498,MN,MINNETONKA,55343
2022,"OPTUMINSIGHT INC",0,0,1,0,54,8498,MN,HOPKINS,55343
2022,"OREMDA INFOTECH INC",2,0,0,0,54,2472,MN,MINNEAPOLIS,55416
2022,"OREMDA INFOTECH INC",2,0,0,0,54,2472,MN,"ST LOUIS PARK",55416
2022,"OURFAMILYWIZARD LLC",0,0,1,0,54,3843,MN,MINNEAPOLIS,55413
2022,"OUTSELL CORPORATION",0,0,3,0,54,7815,MN,MINNEAPOLIS,55402
2022,"OVATIVE GROUP LLC",2,0,1,0,54,5614,MN,MINNEAPOLIS,55401
2022,"PACA INC",0,0,1,0,32,6138,MN,CHASKA,55318
2022,"PACE ANALYTICAL LIFE SCIENCES LLC",0,0,1,0,54,3920,MN,OAKDALE,55128
2022,"PACE ANALYTICAL LIFE SCIENCES LLC",1,0,0,0,54,3920,MN,"SAINT PAUL",55128
2022,"PACE ANALYTICAL SERVICES",0,0,1,0,54,1617,MN,MINNEAPOLIS,55414
2022,"PACT FOR FAMILIES COLLABORATIVE",1,0,0,0,62,7830,MN,WILLMAR,56201
2022,"PARAM TECHNOLOGIES INC",9,0,7,0,54,6495,MN,MINNEAPOLIS,55421
2022,"PARK NICOLLET HEALTH SVCS",1,0,1,0,62,5840,MN,MINNEAPOLIS,55416
2022,"PARTNERSHIP ACADEMY",1,0,0,0,61,1608,MN,MINNEAPOLIS,55423
2022,"PATTERSON COMPANIES INC",1,0,6,0,42,6515,MN,"SAINT PAUL",55120
2022,"PATTERSON DENTAL SUPPLY INC",0,0,1,0,42,3619,MN,"SAINT PAUL",55120
2022,"PEARSON EDUCATION INC",1,0,1,0,51,3684,MN,BLOOMINGTON,55437
2022,"PELI BIOTHERMAL LLC",0,0,1,0,54,2340,MN,"MAPLE GROVE",55369
2022,"PENTAIR MANAGEMENT COMPANY",0,0,1,0,33,1806,MN,"GOLDEN VALLEY",55416
2022,"PENTAIR MANAGEMENT COMPANY",1,0,0,0,33,1806,MN,MINNEAPOLIS,55416
2022,"PERFORCE SOFTWARE INC",2,0,8,0,54,0959,MN,MINNEAPOLIS,55401
2022,"PHDATA INC",0,0,1,0,54,8319,MN,MINNEAPOLIS,55415
2022,"PHDATA INC",4,0,8,0,54,8349,MN,MINNEAPOLIS,55415
2022,"PHILLIPS TEMRO INDUSTRIES INC",2,0,6,0,42,7491,MN,"EDEN PRAIRIE",55344
2022,"PHYSICIANS GROUP OF NEW ULM LTD",0,0,1,0,62,7800,MN,"NEW ULM",56073
2022,"PINNAKL EDGE LLC",0,0,0,1,54,2634,MN,MINNEAPOLIS,55415
2022,"PIONEER PLASTICS INC",1,0,0,0,32,2999,MN,EAGAN,55123
2022,"PIONEER PROJECT SVCS LLC DBA",0,0,1,0,54,3605,MN,MINNEAPOLIS,55401
2022,"PIPER SANDLER CO",0,0,2,1,52,3246,MN,MINNEAPOLIS,55402
2022,"PIPER SANDLER CO",0,0,1,0,52,3546,MN,MINNEAPOLIS,55402
2022,"PIPESTONE HOLDINGS LLC",0,0,1,0,11,3115,MN,PIPESTONE,56164
2022,"PLATFORM 3 SOLUTIONS LLC",1,0,0,0,54,1034,MN,HOPKINS,55305
2022,"PLATFORM 3 SOLUTIONS LLC",0,0,1,0,54,1034,MN,MINNETONKA,55305
2022,"POINTCLICKCARE TECHNOLOGIES USA CORP",0,0,4,0,54,2503,MN,BLOOMINGTON,55431
2022,"POINTCLICKCARE TECHNOLOGIES USA CORP",0,0,2,0,54,2503,MN,MINNEAPOLIS,55431
2022,"POINTWEST TECHNOLOGIES CORP US",1,0,0,0,54,7602,MN,"SAINT PAUL",55122
2022,"POLARIS INDUSTRIES INC",0,0,3,0,44,7431,MN,HAMEL,55340
2022,"POLARIS INDUSTRIES INC",3,0,15,0,44,7431,MN,MEDINA,55340
2022,"PRESBYTERIAN HOMES AND SERVICES",0,0,1,0,62,8756,MN,"SAINT PAUL",55113
2022,"PRIME THERAPEUTICS LLC",0,0,2,0,54,6803,MN,EAGAN,55121
2022,"PRIME THERAPEUTICS LLC",0,0,1,0,52,6803,MN,EAGAN,55121
2022,"PRIMERA TECHNOLOGY INC",1,0,0,0,33,9601,MN,MINNEAPOLIS,55447
2022,"PRINCETON ONE STOP LLC",0,0,1,0,44,2347,MN,HARRIS,55032
2022,"PROCESS DISPLAYS LLC",1,0,0,0,54,0126,MN,"NEW HOPE",55427
2022,"PRODUCTIVITY QUALITY INC",1,0,0,0,42,9370,MN,MINNEAPOLIS,55447
2022,"PROFESSIONAL CONSULTING INC",1,0,0,0,54,3345,MN,EDINA,55439
2022,"PROFESSIONAL CONSULTING INC",0,0,1,0,54,3345,MN,MINNEAPOLIS,55439
2022,"PROHEALTH PHYSICIANS P C",0,0,1,0,54,9068,MN,MINNETONKA,55343
2022,"PROJECT CONSULTING GROUP INC",0,0,1,0,54,9630,MN,MINNEAPOLIS,55403
2022,"PROJECT PORSCHE HOLDING CORPORATION DBA EDMENTUM INC",1,0,0,0,61,9005,MN,MINNEAPOLIS,55437
2022,"PROJECT PORSCHE HOLDING CORPORATION DBA EDMENTUM INC",0,0,1,0,61,9005,MN,BLOOMINGTON,55437
2022,"PROVATION SOFTWARE INC",0,0,5,0,54,9816,MN,MINNEAPOLIS,55415
2022,"PURE PRAIRIE FARMS INC",0,0,1,0,31,5133,MN,FAIRFAX,55332
2022,"QUALITY BICYCLE PRODUCTS GBC",0,0,2,0,49,1557,MN,MINNEAPOLIS,55438
2022,"QUALITY SYSTEMS INTEGRATORS",0,0,1,0,54,7700,MN,"GOLDEN VALLEY",55426
2022,"QUMU CORPORATION",0,0,1,0,54,7970,MN,MINNEAPOLIS,55415
2022,"RADIAN GROUP INC",1,0,0,0,54,5300,MN,EDINA,55435
2022,"RAHR CORPORATION",0,0,2,0,31,6630,MN,SHAKOPEE,55379
2022,"RAINBOW HEALTH MINNESOTA",1,0,0,0,62,4746,MN,"SAINT PAUL",55114
2022,"RALCO NUTRITION INC",1,0,0,0,31,8726,MN,MARSHALL,56258
2022,"RALLY HEALTH INC",0,0,1,0,62,3256,MN,HOPKINS,55343
2022,"RALLY HEALTH INC",0,0,5,0,62,3256,MN,MINNETONKA,55343
2022,"RAMSEY COUNTY",0,0,1,0,81,5875,MN,"ST PAUL",55101
2022,"RBC BANK GEORGIA NATIONAL ASSOCIATION",0,0,5,0,52,4030,MN,MINNEAPOLIS,55401
2022,"RBC BANK GEORGIA NATIONAL ASSOCIATION",1,0,5,0,52,4030,MN,MINNEAPOLIS,55402
2022,"RBC CAPITAL MARKETS LLC",16,0,34,0,52,6330,MN,MINNEAPOLIS,55401
2022,"RBC CAPITAL MARKETS LLC",2,0,39,0,52,6330,MN,MINNEAPOLIS,55402
2022,"RBC GLOBAL ASSET MGMT US INC",0,0,1,0,52,0668,MN,MINNEAPOLIS,55402
2022,"RECOMBINETICS INC",1,0,1,0,54,1470,MN,EAGAN,55121
2022,"REDIFCARD TECHNOLOGIES LLC",1,0,0,0,54,2145,MN,MINNEAPOLIS,55431
2022,"REDIFCARD TECHNOLOGIES LLC",1,0,0,0,54,2145,MN,BLOOMINGTON,55431
2022,"REGIS CORPORATION",0,0,4,0,81,9934,MN,MINNEAPOLIS,55416
2022,"REGULATORY TECHNOLOGY SERVICES",0,0,1,0,54,6382,MN,"SAINT PAUL",55114
2022,"RELIANT MEDICAL GROUP INC",0,0,1,0,62,,MN,HOPKINS,55343
2022,"RENEWAL BY ANDERSEN",0,0,1,0,32,8413,MN,"COTTAGE GROVE",55016
2022,"RESEARCH DIAGNOSTIC SYSTEMS INC",0,0,1,0,99,0894,MN,MINNEAPOLIS,55413
2022,"RESEARCH DIAGNOSTIC SYSTEMS INC",2,0,3,0,54,0894,MN,MINNEAPOLIS,55413
2022,"RESEARCH IN ACTION LLC",1,0,0,0,54,0687,MN,MINNEAPOLIS,55411
2022,"RESOLUTION MEDICAL LLC",1,0,0,0,33,3684,MN,FRIDLEY,55421
2022,"RESONANCE IT SOLUTIONS LLC",1,0,2,0,54,4866,MN,MEDINA,55340
2022,"RESONANCE IT SOLUTIONS LLC",1,0,0,0,54,4866,MN,HAMEL,55340
2022,"RETAIL CONTRACTING GROUP INC",1,0,0,0,23,5089,MN,OAKDALE,55128
2022,"REVIVING THE ISLAMIC SISTERHOOD FOR EMPOWERMENT",1,0,0,0,81,6990,MN,MINNEAPOLIS,55411
2022,"RISE COMPOSITE TECHNOLOGIES LLC",0,0,1,0,32,1191,MN,MANKATO,56001
2022,"RIVERSOURCE LIFE INSURANCE COMPANY",0,0,1,0,52,3832,MN,MINNEAPOLIS,55474
2022,"RIVERVIEW LLP",0,0,1,0,11,4208,MN,MORRIS,56267
2022,"RMS SURGICAL INC",0,0,1,0,33,3695,MN,ANOKA,55303
2022,"ROBERT HALF INTERNATIONAL INC",0,0,1,0,54,8752,MN,MINNEAPOLIS,55416
2022,"ROGERS FREELS ASSOCIATES INC",6,0,4,0,54,6912,MN,"EDEN PRAIRIE",55344
2022,"ROYAL BANK OF CANADA",0,0,1,0,52,7855,MN,MINNEAPOLIS,55401
2022,"ROYAL BANK OF CANADA",1,0,2,0,52,7855,MN,MINNEAPOLIS,55402
2022,"RYAN COMPANIES US INC",0,0,4,0,23,2483,MN,MINNEAPOLIS,55415
2022,"SABIS EDUCATIONAL SYSTEMS INC",1,0,0,0,61,8294,MN,"EDEN PRAIRIE",55344
2022,"SAFRAN TEST CELLS INC",2,0,0,0,33,8843,MN,"NEW BRIGHTON",55112
2022,"SAGITEC SOLUTIONS LLC",0,0,13,0,54,0684,MN,"SAINT PAUL",55117
2022,"SAGITEC SOLUTIONS LLC",0,0,1,0,54,0684,MN,"LITTLE CANDA",55117
2022,"SAGITEC SOLUTIONS LLC",0,0,1,0,54,0684,MN,"SAINT CANADA",55117
2022,"SAGITEC SOLUTIONS LLC",6,1,37,1,54,0684,MN,"LITTLE CANADA",55117
2022,"SAINT JOHN S UNIVERSITY",1,0,0,0,61,6162,MN,COLLEGEVILLE,56321
2022,"SAINT JOHNS UNIVERSITY",2,0,0,0,61,6162,MN,COLLEGEVILLE,56321
2022,"SAINT JOSEPH REGIONAL HLTH CTR",1,0,0,0,62,2696,MN,"PARK RAPIDS",56470
2022,"SAPIENTIA LAW GROUP PLLC",0,0,0,1,99,9368,MN,MINNEAPOLIS,55402
2022,"SCANTRON CORPORATION",0,0,2,0,61,7912,MN,EAGAN,55121
2022,"SCANTRON CORPORATION",0,0,1,0,61,7912,MN,EAGON,55121
2022,"SCHOENECKERS INC DBA BI WORLDWIDE",0,0,2,0,54,8799,MN,MINNEAPOLIS,55439
2022,"SCHWANS SHARED SERVICES LLC",0,0,4,0,31,2771,MN,MARSHALL,56258
2022,"SEACHANGE PRINTING  MARKETING SERVICES LLC DBA SEACHANGE",1,0,0,0,32,5869,MN,MINNEAPOLIS,55447
2022,"SEARCH INSTITUTE",1,0,0,0,61,1842,MN,MINNEAPOLIS,55413
2022,"SEBESTA INC DBA NV5",0,0,1,0,54,7792,MN,"SAINT PAUL",55108
2022,"SELBY ACQUISITIONS, INC.",1,0,0,0,33,8633,MN,MINNEAPOLIS,55413
2022,"SELECT COMPUTING INC",0,0,1,0,54,8778,MN,MINNEAPOLIS,55413
2022,"SEQUANS COMMUNICATIONS INC",0,0,1,0,33,2008,MN,BURNSVILLE,55306
2022,"SEZZLE INC",14,0,3,1,54,1660,MN,MINNEAPOLIS,55401
2022,"SFC GLOBAL SUPPLY CHAIN INC",0,0,2,0,31,3251,MN,MARSHALL,56258
2022,"SHAHZAD CO LLC  DBA EPIC INFOTECH CONSULTING GROUP",1,0,0,0,54,6478,MN,"SAINT PAUL",55106
2022,"SHRI GANESH DENTAL, PC",1,0,0,0,62,,MN,CHANHASSEN,55317
2022,"SICK INC",0,0,2,0,33,0193,MN,MINNEAPOLIS,55438
2022,"SICK PRODUCT COMPETENCE CTR",0,0,2,0,33,7014,MN,BLOOMINGTON,55438
2022,"SIGMA ENTERPRISES LLC",0,0,1,0,45,7190,MN,"MENDOTA HEIGHTS",55120
2022,SITEIMPROVE,0,0,1,0,54,5009,MN,MINNEAPOLIS,55437
2022,"SITELOGIQ INC",0,0,1,0,23,4007,MN,MINNEAPOLIS,55402
2022,"SLEEP NUMBER CORPORATION",1,0,16,0,44,7886,MN,MINNEAPOLIS,55404
2022,"SLEEPY EYE PUBLIC SCHOOLS",1,0,0,0,61,0392,MN,"SLEEPY EYE",56085
2022,"SMART EXPRESS INC",0,1,0,0,81,8656,MN,BURNSVILLE,55337
2022,"SMART SOLUTIONS INC",2,0,1,0,54,6659,MN,"GOLDEN VALLEY",55426
2022,"SMART SOLUTIONS INC",0,0,3,0,54,6659,MN,MINNEAPOLIS,55426
2022,"SMITHS MEDICAL ASD INC",0,0,2,0,42,4847,MN,MINNEAPOLIS,55442
2022,"SMITHS MEDICAL ASD INC",0,0,1,0,42,4847,MN,PLYMOUTH,55442
2022,"SOLOMON PARTNERS CONSULTING INC",0,0,1,0,54,3705,MN,MINNEAPOLIS,55425
2022,"SOO LINE RAILROAD COMPANY",0,0,4,0,48,9079,MN,MINNEAPOLIS,55402
2022,"SOO LINE RAILROAD COMPANY",0,0,1,0,54,9079,MN,MINNEAPOLIS,55402
2022,"SOPHEON CORPORATION",0,0,0,1,51,4437,MN,BLOOMINGTON,55425
2022,"SOPHEON CORPORATION",0,0,1,0,51,7943,MN,BLOOMINGTON,55425
2022,"SOUTHERN MINNESOTA BEET SUGAR COOPERATIVE",2,0,1,0,31,7475,MN,RENVILLE,56284
2022,"SPS COMMERCE INC",0,0,2,0,54,5127,MN,MINNEAPOLIS,55402
2022,"ST CLOUD HOSPITAL",0,0,1,0,62,5596,MN,"SAINT CLOUD",56303
2022,"ST CLOUD STATE UNIVERSITY",0,0,3,0,61,7554,MN,"SAINT PAUL",55114
2022,"ST CLOUD STATE UNIVERSITY",6,0,5,0,61,7554,MN,MANKATO,56001
2022,"ST CLOUD STATE UNIVERSITY",4,1,4,0,61,7554,MN,"SAINT CLOUD",56301
2022,"ST CLOUD STATE UNIVERSITY",0,0,2,0,61,7554,MN,MOORHEAD,56563
2022,"ST CLOUD STATE UNIVERSITY",1,0,2,0,61,7554,MN,BEMIDJI,56601
2022,"ST CLOUD STATE UNIVERSITY",1,0,0,0,61,7554,MN,"SAINT PAUL",55102
2022,"ST CLOUD STATE UNIVERSITY",2,0,2,0,61,7554,MN,"SAINT PAUL",55106
2022,"ST CLOUD STATE UNIVERSITY",0,0,1,0,61,7554,MN,MARSHALL,56258
2022,"ST CLOUD STATE UNIVERSITY",0,0,1,0,61,7554,MN,"SAINT PAUL",55110
2022,"ST CLOUD STATE UNIVERSITY",1,0,2,0,61,7554,MN,WINONA,55987
2022,"ST LUKE S HOSPITAL OF DULUTH",0,0,1,0,62,4079,MN,DULUTH,55805
2022,"ST OLAF COLLEGE",3,0,0,0,61,3979,MN,NORTHFIELD,55057
2022,"STAN KOCH SONS TRUCKING INC",0,0,1,0,48,8292,MN,"GOLDEN VALLEY",55422
2022,"STARKEY LABORATORIES INC",1,0,18,0,33,3126,MN,"EDEN PRAIRIE",55344
2022,"STONE ARCH BRIDGE GROUP INC",1,0,0,0,54,0049,MN,MINNETONKA,55305
2022,"STONEBROOKE ENGINEERING INC",0,0,1,0,54,7006,MN,BURNSVILLE,55337
2022,"STRATAGEM CONSULTING LLC",1,0,0,0,54,9356,MN,"EDEN PRAIRIE",55344
2022,"STRATAGEM CONSULTING LLC",1,0,0,0,54,9356,MN,"EDEN PRAIRIE",55346
2022,"STRATAGEM CONSULTING LLC",1,0,0,0,54,9356,MN,EDINA,55435
2022,"STRATAGEM CONSULTING LLC",0,0,1,0,54,9356,MN,MINNEAPOLIS,55435
2022,"STRATASYS INC",1,0,1,0,33,8792,MN,"EDEN PRAIRIE",55344
2022,"STRATEGIC EDUCATION INC",0,0,7,0,61,5978,MN,MINNEAPOLIS,55402
2022,"SULLIVANCOTTER INC",0,0,1,0,54,3607,MN,MINNEAPOLIS,55401
2022,"SUN COUNTRY INC D B A SUN COUNTRY AIRLINES",0,0,1,0,48,9124,MN,MINNEAPOLIS,55450
2022,"SUNOPTA COMPANIES INC",0,0,1,0,31,5561,MN,"EDEN PRAIRIE",55344
2022,"SUNRISE ENERGY VENTURES LLC",1,0,0,0,22,1478,MN,WAYZATA,55391
2022,"SUPERIOR BROKERAGE SERVICES INC DBA SBS GROUP OF COMPANIES",0,0,2,0,48,2334,MN,"SAINT PAUL",55108
2022,"SWARKY SOLUTIONS CORPORATION",0,0,1,0,54,0646,MN,PLYMOUTH,55447
2022,"SYBARITIC INC",1,0,0,0,42,7974,MN,BLOOMINGTON,55431
2022,"SYMPHONYAI INDUSTRIAL DIGITAL MANUFACTURING INC D B A SYMPHONY INDUSTRIAL AI",0,0,1,0,54,4508,MN,BLOOMINGTON,55431
2022,"SYNERGY SOFTWARE SOLUTIONS INC",0,0,3,0,54,2536,MN,"EDEN PRAIRIE",55347
2022,"T.O. PLASTICS INC",0,0,1,0,32,5782,MN,CLEARWATER,55320
2022,"TAHER INC",0,0,1,0,72,1690,MN,HOPKINS,55343
2022,"TAJ TECHNOLOGIES INC",0,0,1,0,54,4592,MN,BLOOMINGTON,55425
2022,"TAMARACK HABILITATION TECHNOLOGIES INC",0,0,1,0,33,6214,MN,MINNEAPOLIS,55449
2022,"TARGET ENTERPRISE INC",0,0,1,0,99,6422,MN,MINNEAPOLIS,55445
2022,"TARGET ENTERPRISE INC",0,0,1,0,99,0889,MN,"BROOKLYN PARK",55445
2022,"TARGET ENTERPRISE INC",15,0,105,0,45,0899,MN,"BROOKLYN PARK",55445
2022,"TARGET ENTERPRISE INC",0,0,1,0,45,0899,MN,"BROOKLYN PARK",55443
2022,"TARGET ENTERPRISE INC",0,0,1,0,45,0899,MN,MINNEAPOLIS,55402
2022,"TARGET ENTERPRISE INC",0,0,1,0,45,0899,MN,"BROOKLYN PART",55445
2022,"TARGET ENTERPRISE INC",7,1,135,1,45,0899,MN,MINNEAPOLIS,55403
2022,"TARGET ENTERPRISE INC",0,0,1,0,54,0899,MN,MINNEAPOLIS,55403
2022,"TARGET ENTERPRISE INC",11,0,64,0,45,0899,MN,MINNEAPOLIS,55445
2022,"TARGET ENTERPRISE INC",0,0,1,0,42,0899,MN,MINNEAPOLIS,55445
2022,"TARGET ENTERPRISE INC",0,0,1,0,45,0899,MN,MINNEAPOLIS,55455
2022,"TAYLOR CORPORATION",1,0,0,0,32,2411,MN,"NORTH MANKATO",56003
2022,"TAYLOR TECHNOLOGY SERVICES, INC.",0,0,2,0,32,5581,MN,"NORTH MANKATO",56003
2022,"TECHDIGITAL CORPORATION",1,1,1,0,54,3264,MN,BURNSVILLE,55306
2022,"TECHNICAL INFORMATION PROFESSIONAL SOLUTIONS INC",1,0,0,0,54,7388,MN,MINNEAPOLIS,55447
2022,"TECHNICAL INFORMATION PROFESSIONAL SOLUTIONS INC",0,0,1,0,54,7388,MN,PLYMOUTH,55447
2022,"TECHVISION CO",0,0,1,0,54,0021,MN,EAGAAN,55123
2022,"TECHVISION CO",0,0,1,0,54,0021,MN,"SAINT PAUL",55123
2022,"TECHVISION CO",8,0,10,0,54,0021,MN,EAGAN,55123
2022,"TECHVISION CO",2,0,2,0,54,0021,MN,"SAINT PAUL",55123
2022,"TECNETICS INDUSTRIES INC",1,0,0,0,33,2502,MN,"SAINT PAUL",55110
2022,"TECON SOLUTIONS INC",0,0,2,0,54,9765,MN,"APPLE VALLEY",55124
2022,"TEKEMPLOI CO",0,0,1,0,54,1286,MN,MINNETONKA,55305
2022,"TEKHOPS LLC",7,0,0,0,54,9282,MN,ANOKA,55303
2022,"TENNANT COMPANY",0,0,2,1,42,2550,MN,"EDEN PRAIRIE",55344
2022,"TETRA PAK PROCESSING EQUIPMENT INC",1,0,1,0,33,5305,MN,WINSTED,55395
2022,"THE ALLIANCE INC",1,0,2,0,54,3427,MN,MINNEAPOLIS,55403
2022,"THE DENTAL EMERGENCY ROOM PLLC",1,0,0,0,62,2049,MN,EDINA,55435
2022,"THE DULUTH CLINIC LTD",2,0,5,0,62,3623,MN,DULUTH,55805
2022,"THE EVERETT CLINIC PLLC",0,0,2,0,62,4500,MN,HOPKINS,55343
2022,"THE LACEK GROUP LLC",0,0,2,0,54,7408,MN,MINNEAPOLIS,55402
2022,"THE NATIONAL FOOD LAB INC",1,0,0,0,54,5380,MN,PLYMOUTH,55441
2022,"THE NATIONAL FOOD LAB INC",0,0,1,0,54,5380,MN,MINNEAPOLIS,55441
2022,"THE STABLE GROUP LLC DBA THE STABLE",0,0,1,0,54,1420,MN,MINNEAPOLIS,55402
2022,"THE TILE SHOP",0,0,1,0,44,1485,MN,MINNEAPOLIS,55441
2022,"THE TILE SHOP",1,1,2,0,44,1485,MN,PLYMOUTH,55441
2022,"THE TORO COMPANY",0,0,2,0,33,0470,MN,BLOOMINGTON,55420
2022,"THERMASOLUTIONS LLC",1,0,0,0,33,0296,MN,"WHITE BEAR LAKE",55110
2022,"THIRD WAVE SYSTEMS INC",1,0,1,1,54,4080,MN,"EDEN PRAIRIE",55344
2022,"THOMSON REUTERS APPLICATIONS INC",0,0,2,0,51,3016,MN,EAGAN,55123
2022,"THREE POINT SOLUTION INC D B A THREE POINT SOLUTIONS INC",1,0,0,0,56,3918,MN,"LAKE SHORE",56468
2022,"THRIVENT FINANCIAL FOR LUTHERANS",0,0,6,0,52,3480,MN,MINNEAPOLIS,55415
2022,"TITAN DATA GROUP INC",4,0,6,0,54,6149,MN,WOODBURY,55125
2022,"TITAN DATA GROUP INC",0,0,2,0,54,6149,MN,"SAINT PAUL",55125
2022,"TOLOMATIC INC",0,0,1,0,33,0494,MN,HAMEL,55340
2022,"TOTAL EXPERT INC",2,0,0,0,51,9221,MN,"ST LOUIS PARK",55416
2022,"TOTINO GRACE HIGH SCHOOL",1,0,0,0,61,9228,MN,FRIDLEY,55432
2022,"TRAIVE INC",1,0,0,0,52,3309,MN,"SAINT PAUL",55102
2022,"TRBHI INC",0,0,1,0,54,6481,MN,ROCHESTER,55902
2022,"TRI CONSTRUCTION INC",1,0,0,0,23,8090,MN,MINNEAPOLIS,55411
2022,"TRU SHRIMP COMPANY",0,0,1,0,11,8869,MN,BALATON,56115
2022,"TRYSTAR LLC",0,0,1,0,33,7436,MN,FARIBAULT,55021
2022,"TSI INCORPORATED",0,0,1,0,33,3524,MN,"SAINT PAUL",55126
2022,"TTEC DIGITAL LLC",0,0,1,0,54,3033,MN,BLOOMINGTON,55431
2022,"TURCK INC",0,0,2,1,33,3309,MN,MINNEAPOLIS,55441
2022,"TURCK INC",0,0,1,0,33,3309,MN,PLYMOUTH,55441
2022,"TWIN CITIES GERMAN IMMERSION SCHOOL",2,0,0,0,61,3462,MN,"SAINT PAUL",55103
2022,"TWO HARBORS INVESTMENT CORP",0,0,1,0,52,2904,MN,"ST LOUIS PARK",55416
2022,"U.S BANK NATIONAL ASSOCIATION",0,0,1,0,52,1268,MN,MINNEAPOLIS,55402
2022,"UCARE MINNESOTA",1,0,12,0,52,3805,MN,MINNEAPOLIS,55413
2022,"UNITED HEALTHCARE SERVICES INC",2,0,12,0,52,9245,MN,HOPKINS,55343
2022,"UNITED HEALTHCARE SERVICES INC",5,0,29,0,52,9245,MN,MINNETONKA,55343
2022,"UNITED HEALTHCARE SERVICES INC",0,0,3,0,54,9245,MN,MINNETONKA,55343
2022,"UNITED NATURAL FOODS INC",0,0,2,0,42,6157,MN,"EDEN PRAIRIE",55344
2022,"UNITY CHURCH OF ST PAUL",0,0,1,0,81,5846,MN,"SAINT PAUL",55104
2022,"UNIV OF MINNESOTA PHYSICIANS",4,0,4,0,62,3943,MN,MINNEAPOLIS,55414
2022,"UNIVERSAL MEDICAL SVCS D/B/A AXIS MEDICAL CTR",1,0,0,0,62,4365,MN,MINNEAPOLIS,55403
2022,"UNIVERSITY OF MINNESOTA",1,0,1,0,61,7513,MN,MINNEAPOLIS,55414
2022,"UNIVERSITY OF MINNESOTA",117,1,105,2,61,7513,MN,MINNEAPOLIS,55455
2022,"UNIVERSITY OF MINNESOTA",0,0,1,0,61,7513,MN,"SAINT PAUL",55108
2022,"UNIVERSITY OF MINNESOTA",1,0,0,0,61,7513,MN,MINNEAPOLIS,55454
2022,"UNIVERSITY OF MINNESOTA",2,0,0,0,61,7513,MN,DULUTH,55811
2022,"UNIVERSITY OF MINNESOTA",1,0,0,0,31,7513,MN,MINNEAPOLIS,55455
2022,"UNIVERSITY OF MINNESOTA PHYSICIANS",12,0,14,0,62,3943,MN,MINNEAPOLIS,55414
2022,"UNIVERSITY OF ST THOMAS",5,0,3,2,61,3970,MN,"SAINT PAUL",55105
2022,"UPSHER SMITH LABORATORIES LLC",0,0,4,0,32,9017,MN,"MAPLE GROVE",55369
2022,"UPSHER-SMITH LABORATORIES, LLC",0,0,1,0,32,,MN,OSSEO,55369
2022,"US BANK NATIONAL ASSOCIATION",0,0,1,0,52,0368,MN,MINNEAPOLIS,55402
2022,"US BANK NATIONAL ASSOCIATION",0,0,1,0,51,1368,MN,MINNEAPOLIS,55402
2022,"US BANK NATIONAL ASSOCIATION",0,0,1,0,52,1368,MN,MINNEAPOLIS,55402
2022,"US BANK NATIONAL ASSOCIATION",34,0,674,4,52,1368,MN,MINNEAPOLIS,55402
2022,"US ELECTRONICS INC",5,0,1,0,54,8452,MN,MINNEAPOLIS,55416
2022,"VAA LLC",1,0,1,0,54,0566,MN,MINNEAPOLIS,55441
2022,"VAJRAASYS LIMITED",2,0,0,0,54,0176,MN,PLYMOUTH,55447
2022,"VAJRAASYS LIMITED",1,0,0,0,54,0176,MN,MINNEAPOLIS,55447
2022,"VANCO PAYMENT SOLUTIONS INC",0,0,1,0,52,0927,MN,BLOOMINGTON,55437
2022,"VARDE MANAGEMENT LP",1,0,0,0,52,8769,MN,MINNEAPOLIS,55402
2022,"VENTURA ESOP FIDUCIARY SVCS LLC",1,0,0,0,52,8965,MN,MINNEAPOLIS,55419
2022,"VENTURE SOLUTIONS INC",0,0,1,0,54,6125,MN,"ARDEN HILLS",55112
2022,"VISUAL CONSULTANTS INC",0,0,2,0,54,2011,MN,MINNEAPOLIS,55428
2022,"VISUAL CONSULTANTS INC",4,0,5,0,54,2011,MN,"NEW HOPE",55428
2022,"VITAL IMAGES INC",1,0,1,0,51,1776,MN,MINNETONKA,55343
2022,"VITS CONSULTING CORP",3,0,1,0,54,8848,MN,MINNEAPOLIS,55447
2022,"VITS CONSULTING CORP",8,0,1,0,54,8848,MN,PLYMOUTH,55447
2022,"VQUEST TECHNOLOGIES LLC",2,0,0,0,54,7741,MN,SHOREVIEW,55126
2022,"WAGNER SPRAY TECH CORPORATION",1,0,0,0,33,7949,MN,PLYMOUTH,55447
2022,"WELIA HEALTH",1,0,0,0,62,3224,MN,MORA,55051
2022,"WELLMED MEDICAL GROUP P A",0,0,1,0,62,4229,MN,MINNETONKA,55343
2022,"WEST PUBLISHING CORPORATION",0,0,4,0,99,6973,MN,EAGAN,55123
2022,"WEST PUBLISHING CORPORATION",0,0,5,0,51,6973,MN,EAGAN,55123
2022,"WEST PUBLISHING CORPORATION",0,0,1,0,51,6973,MN,"SAINT PAUL",55123
2022,"WEST PUBLISHING CORPORATION",0,0,1,0,99,6973,MN,"SAINT PAUL",55123
2022,"WESTWOOD PROFESSIONAL SERVICES INC",0,0,1,0,54,7552,MN,HOPKINS,55343
2022,"WESTWOOD PROFESSIONAL SERVICES INC",1,0,2,0,54,7552,MN,MINNETONKA,55343
2022,"WHITEBOX ADVISORS LLC",0,0,1,0,52,7584,MN,MINNEAPOLIS,55416
2022,"WILARY WINN LLC",0,0,1,0,52,6929,MN,OAKDALE,55128
2022,"WILARY WINN LLC",1,0,0,0,52,6929,MN,"SAINT PAUL",55128
2022,"WILKUS ARCHITECTS PA",1,0,0,0,54,4023,MN,HOPKINS,55343
2022,"WILMAC MULTIDISTRICT SPECIAL EDUCATION UNIT",1,0,0,0,61,1015,MN,DULUTH,55802
2022,"WINDSOR MEP ENGINEERS LLC",1,0,0,0,54,4888,MN,DULUTH,55804
2022,"WINGEN SYSTEMS INC",6,0,0,0,54,0363,MN,SHAKOPEE,55379
2022,"WINNEBAGO INDUSTRIES INC",0,0,1,0,33,2678,MN,"EDEN PRAIRIE",55347
2022,"WINTHROP & WEINSTINE",1,0,0,0,54,2524,MN,MINNEAPOLIS,55402
2022,"WORLD TRANSLOAD LOGISTICS LLC",0,0,1,0,54,5778,MN,"NEW HOPE",55428
2022,"WSB ASSOCIATES INC",1,0,0,0,54,0018,MN,MINNEAPOLIS,55416
2022,"WUNDERLICH MALEC ENGINEERING INC",0,0,2,0,54,2464,MN,"EDEN PRAIRIE",55343
2022,"WUNDERLICH MALEC ENGINEERING INC",0,0,1,0,54,2464,MN,HOPKINS,55343
2022,"WUXI APPTEC INC",4,0,0,0,54,5172,MN,"SAINT PAUL",55120
2022,"XCEL ENERGY SERVICES INC",2,0,1,0,22,3401,MN,MINNEAPOLIS,55401
2022,"XYLO TECHNOLOGIES",0,0,1,0,54,5976,MN,ROCHESTER,55901
2022,"YINGHUA ACADEMY",4,0,5,0,61,3055,MN,MINNEAPOLIS,55413
2022,"ZEE TECH SOLUTIONS INC",1,0,0,0,54,4849,MN,MINNEAPOLIS,55425
2022,"ZENRI LLC",1,0,0,0,53,3667,MN,CHASKA,55318
2022,"ZINPRO CORPORATION",1,0,0,0,31,1062,MN,"EDEN PRAIRIE",55344
2022,"ZOLL RESPICARDIA INC",0,0,1,0,33,3386,MN,MINNETONKA,55343
