"Fiscal Year",Employer,"Initial Approval","Initial Denial","Continuing Approval","Continuing Denial",NAICS,"Tax ID",State,City,ZIP
2022,"8TH AVENUE FOOD @ PROVISIONS INC",0,0,1,0,31,5288,MO,FENTON,63026
2022,"A ZAHNER COMPANY",0,0,1,0,33,6085,MO,"KANSAS CITY",64106
2022,"A.T. STILL UNIV OF HEALTH SCIENCES",2,0,1,0,61,6250,MO,KIRKSVILLE,63501
2022,"ABACUS CPAS LLC",1,0,0,0,54,8447,MO,SPRINGFIELD,65804
2022,"ACADEMIE LAFAYETTE",10,0,2,0,61,4141,MO,"KANSAS CITY",64111
2022,"ACCENT CONTROLS, INC",0,0,1,0,54,3815,MO,"NORTH KANSAS CITY",64116
2022,"ACERA SURGICAL INC",0,0,1,0,33,8439,MO,"SAINT LOUIS",63131
2022,"ACLARA SMART GRID SOLUTIONS LLC",0,0,2,0,33,7202,MO,"SAINT LOUIS",63146
2022,"ACLARA TECHNOLOGIES LLC",0,0,1,0,33,6600,MO,"SAINT LOUIS",63143
2022,"ACLARA TECHNOLOGIES LLC",0,0,1,0,33,6600,MO,"SAINT LOUIS",63146
2022,"ADAPTIVE TECHNOLOGY INSIGHTS LLC",0,0,1,0,54,9757,MO,"SAINT LOUIS",63141
2022,"ADEPOJU DMD LLC",1,0,0,0,62,2681,MO,SPRINGFIELD,65804
2022,"AFFINIA HEALTHCARE FKA GRACE HILL HEALTH CENTER INC",1,0,0,0,62,7642,MO,"SAINT LOUIS",63106
2022,"AGGIO LLC",1,0,0,0,51,3833,MO,"SAINT LOUIS",63132
2022,"AI SOFTWARE LLC D B A CAPACITY",0,0,1,0,51,5297,MO,"SAINT LOUIS",63130
2022,"ALBERICI CONSTRUCTORS INC",0,0,1,0,23,4621,MO,"SAINT LOUIS",63114
2022,"ALLSTATE CONSULTANTS LLC",0,0,1,0,54,9539,MO,COLUMBIA,65201
2022,"ALPHA SYNOPSYS INC",0,0,3,0,54,3763,MO,CHESTERFIELD,63005
2022,"ALPHAINFOSYS INC",6,0,0,0,54,8398,MO,"SAINT LOUIS",63146
2022,"ALPS ALTERNATIVE INVESTMENT SERVIC",0,0,1,0,52,8398,MO,"KANSAS CITY",64105
2022,"ALPS ALTERNATIVE INVESTMENT SERVICES LLC",0,0,2,0,52,8398,MO,"KANSAS CITY",64105
2022,"ALSTOM SIGNALING OPERATION LLC",1,0,0,0,33,8036,MO,"GRAIN VALLEY",64029
2022,"ALUBAR METALS MISSOURI, LLC",1,0,0,0,33,3646,MO,MARSTON,63866
2022,"AMDOCS INC",0,0,2,0,54,9487,MO,"SAINT LOUIS",63141
2022,"AMDOCS INC",3,0,24,0,54,9487,MO,CHESTERFIELD,63017
2022,"AMDOCS INC",10,0,32,0,54,9487,MO,"SAINT LOUIS",63141
2022,"AMEREN SERVICES COMPANY",0,0,13,0,22,9279,MO,"SAINT LOUIS",63103
2022,"AMEREN SERVICES COMPANY",0,0,1,0,22,9279,MO,"ST LOUIS",63103
2022,"AMERICAN CENTURY INVESTMENT MANAGEMENT INC",1,0,1,0,52,0487,MO,"KANSAS CITY",64111
2022,"AMERICAN CENTURY INVESTMENT MANAGEMENT INC",0,0,1,0,52,0487,MO,"KANSAS CITY",64141
2022,"AMERICAN CRICKET ACADEMY AND CLUB",1,0,0,0,71,5223,MO,"DARDENNE PR",63368
2022,"AMITECH SOLUTIONS INC",1,0,0,0,54,6620,MO,"ST LOUIS",63141
2022,"AMITECH SOLUTIONS INC",3,0,3,1,54,6620,MO,"SAINT LOUIS",63141
2022,"ANGUS GENETICS INC",1,0,0,0,54,8448,MO,"SAINT JOSEPH",64506
2022,"ANHEUSER BUSCH COMMERCIAL STRATEGY LLC",0,0,1,0,31,1621,MO,"SAINT LOUIS",63118
2022,"ANHEUSER BUSCH COMPANIES LLC",0,0,1,0,31,2835,MO,"SAINT LOUIS",63118
2022,"ANHEUSER BUSCH INBEV SERVICES LLC",1,0,0,0,31,9638,MO,"SAINT LOUIS",63118
2022,"ANHEUSER BUSCH LLC",5,0,2,0,31,1000,MO,"SAINT LOUIS",63118
2022,"APPLICATION ENGINEERING GROUP INC",0,0,1,0,54,3000,MO,"SAINT LOUIS",63128
2022,"ARCTIC FOOD SERVICES INC",1,0,0,0,42,3449,MO,"SAINT LOUIS",63129
2022,"ASCENSION HEALTH ALLIANCE",0,0,1,0,56,8926,MO,"SAINT LOUIS",63134
2022,"ASCENSION HEALTH ALLIANCE",0,0,1,0,62,8926,MO,"SAINT LOUIS",63134
2022,"ASCENSION HEALTH IS INC D B A ASCE",0,0,7,0,62,7719,MO,"SAINT LOUIS",63134
2022,"ASCENSION HEALTH IS INC D B A ASCENSION TECHNOLOGIES",0,0,11,0,62,7719,MO,"SAINT LOUIS",63134
2022,"ASCENSION INVESTMENT MANAGEMENT LLC",0,0,1,0,52,6815,MO,"SAINT LOUIS",63134
2022,"ASPYRETECH INC",1,0,0,0,54,4047,MO,"ST PETERS",63376
2022,"ASPYRETECH INC",0,0,1,0,54,4047,MO,"SAINT PETERS",63376
2022,"ASSURED PARTNERS CAPITAL INC",1,0,0,0,52,2335,MO,"KANSAS CITY",64111
2022,"AUTOALERT LLC",0,0,1,0,54,4925,MO,"KANSAS CITY",64105
2022,"AVOCADO BIKE LLC",1,0,0,0,33,3101,MO,WASHINGTON,63090
2022,"BAKER CREEK HEIRLOOM SEED COMPANY",1,0,0,0,42,1231,MO,MANSFIELD,65704
2022,"BALTO SOFTWARE INC",0,0,1,0,54,6471,MO,"SAINT LOUIS",63103
2022,"BARNES JEWISH HOSPITAL",1,0,0,0,62,9937,MO,"ST LOUIS",63110
2022,"BARNES JEWISH HOSPITAL",4,0,19,1,62,9937,MO,"SAINT LOUIS",63110
2022,"BARRY WEHMILLER COMPANIES INC",0,0,4,0,33,2560,MO,"SAINT LOUIS",63105
2022,"BASS PRO LLC",4,0,10,0,45,9775,MO,SPRINGFIELD,65898
2022,"BAYER CROPSCIENCE LP",0,0,4,0,54,4873,MO,"SAINT LOUIS",63167
2022,"BAYER CROPSCIENCE LP",1,0,0,0,32,4873,MO,"ST LOUIS",63141
2022,"BAYER CROPSCIENCE LP",2,0,6,2,32,4873,MO,"SAINT LOUIS",63141
2022,"BAYER CROPSCIENCE LP",1,0,5,0,32,4873,MO,"SAINT LOUIS",63167
2022,"BAYER RESEARCH AND DEVELOPMENT SER",0,0,3,0,32,6278,MO,"SAINT LOUIS",63141
2022,"BAYER RESEARCH AND DEVELOPMENT SER",3,0,6,0,32,6278,MO,"SAINT LOUIS",63167
2022,"BAYER RESEARCH AND DEVELOPMENT SERVICES LLC",1,1,8,0,32,6278,MO,"SAINT LOUIS",63141
2022,"BAYER RESEARCH AND DEVELOPMENT SERVICES LLC",2,0,10,0,54,6278,MO,"SAINT LOUIS",63167
2022,"BAYER RESEARCH AND DEVELOPMENT SERVICES LLC",2,0,0,0,32,6278,MO,"ST LOUIS",63167
2022,"BAYER RESEARCH AND DEVELOPMENT SERVICES LLC",9,0,11,0,32,6278,MO,"SAINT LOUIS",63167
2022,"BAYER RESEARCH AND DEVELOPMENT SERVICES LLC",0,0,1,0,54,6278,MO,"ST LOUIS",63167
2022,"BAYER RESEARCH AND DEVELOPMENT SERVICES LLC",1,0,0,0,32,6278,MO,"ST. LOUIS",63167
2022,"BAYER U S LLC",1,0,0,0,32,3779,MO,"ST. LOUIS",63167
2022,"BAYER U S LLC",0,0,1,0,54,3779,MO,"SAINT LOUIS",63141
2022,"BAYER U S LLC",8,0,65,0,32,3779,MO,"SAINT LOUIS",63167
2022,"BAYER U S LLC",7,0,0,0,32,3779,MO,"ST LOUIS",63167
2022,"BAYER U S LLC",1,0,0,0,32,3779,MO,"ST. LOUIS",63141
2022,"BAYER U S LLC",0,0,1,0,32,3779,MO,CHESTERFIELD,63017
2022,"BEHAVIORAL HEALTH RESPONSE INC",1,0,0,0,62,8980,MO,"SAINT LOUIS",63112
2022,"BELDEN INC",0,0,3,0,33,1505,MO,"SAINT LOUIS",63105
2022,"BENEFIT FINANCE PARTNERS LLC",1,0,0,0,52,6357,MO,"SAINT LOUIS",63141
2022,"BENSON HILL INC",1,0,1,0,54,3749,MO,"SAINT LOUIS",63132
2022,"BETTY JEAN KERR PEOPLE S HEALTH CENTERS",2,0,1,0,62,6785,MO,"SAINT LOUIS",63112
2022,BIOGENERATOR,1,0,0,0,54,9805,MO,"SAINT LOUIS",63110
2022,"BITRODE CORPORATION",1,0,0,0,33,1617,MO,"ST LOUIS",63123
2022,"BJC HEALTH SYSTEM",0,0,1,0,62,7558,MO,"SAINT LOUIS",63144
2022,"BLUE CROSS AND BLUE SHIELD OF KANSAS CITY",0,0,2,0,52,7251,MO,"KANSAS CITY",64108
2022,"BLUERIBBON GLOBAL TECHNOLOGIES LLC",1,0,0,0,54,2711,MO,"ST LOUIS",63146
2022,"BLUERIBBON GLOBAL TECHNOLOGIES LLC",2,0,0,0,54,2711,MO,"SAINT LOUIS",63146
2022,"BLUESCOPE BUILDINGS NORTH AMERICA",1,0,1,0,33,3911,MO,"KANSAS CITY",64102
2022,"BLUESCOPE CONSTRUCTION INC",0,0,1,0,33,9971,MO,"KANSAS CITY",64102
2022,"BOEING DIGITAL SOLUTIONS INC D/B/A",1,0,0,0,33,2974,MO,HAZELWOOD,63166
2022,"BOEING DIGITAL SOLUTIONS INC D/B/A",1,0,0,0,33,2974,MO,HAZELWOOD,63042
2022,"BOEING DIGITAL SOLUTIONS INC D/B/A",0,0,1,0,33,2974,MO,"SAINT LOUIS",63166
2022,"BOHN & DAWSON INC",0,0,1,0,33,8730,MO,"SAINT LOUIS",63122
2022,"BRAVE LLC DBA BRAVE COUNSELING AND PSYCHIATRY",1,0,0,0,62,6500,MO,COLUMBIA,65201
2022,"BREWER SCIENCE INC",4,0,1,0,54,0668,MO,ROLLA,65401
2022,"BREWER SCIENCE, INC.",2,0,0,0,54,0668,MO,ROLLA,65401
2022,"BUFF ENTERPRISES LLC DBA 1ST PHORM",1,0,0,0,44,9876,MO,FENTON,63026
2022,"BUILD ASSET MANAGEMENT LLC",0,1,0,0,52,1301,MO,"JEFFERSON CTY",65109
2022,"BUNGE GLOBAL MARKETS INC",0,0,1,0,52,2472,MO,CHESTERFIELD,63017
2022,"BUNGE MANAGEMENT SERVICES INC",2,0,4,0,52,2562,MO,CHESTERFIELD,63017
2022,"BUNGE NORTH AMERICA INC",0,0,3,0,52,7260,MO,CHESTERFIELD,63017
2022,"BUNGE OILS INC",0,0,1,0,31,3825,MO,CHESTERFIELD,63017
2022,"BUNGE OILS INC",0,0,2,0,52,3825,MO,CHESTERFIELD,63017
2022,"BUNZL DISTRIBUTION USA LLC",0,0,3,0,42,0175,MO,"SAINT LOUIS",63141
2022,"BUNZL DISTRIBUTION USA LLC",1,0,0,0,42,0175,MO,"ST. LOUIS",63141
2022,"BURNS & MCDONNELL ENGINEERING COMP",5,0,35,0,54,6142,MO,"KANSAS CITY",64114
2022,"BURNS & MCDONNELL ENGINEERING COMPANY INC",9,0,69,0,54,6142,MO,"KANSAS CITY",64114
2022,"BURRELL INC DBA BURRELL BEHAVIORAL",1,0,2,0,62,1715,MO,COLUMBIA,65201
2022,"CALERES INC",0,0,2,0,31,7190,MO,"SAINT LOUIS",63105
2022,"CAMERON REGIONAL MEDICAL CENTER",1,0,2,0,62,8347,MO,CAMERON,64429
2022,"CAPITAL REGION MEDICAL CENTER",2,0,1,0,62,6366,MO,"JEFFERSON CITY",65101
2022,"CAPITAL REGION MEDICAL CTR",1,0,1,0,62,6366,MO,"JEFFERSON CITY",65101
2022,"CARESIGNAL LLC FORMERLY EPHARMIX INC",0,0,1,0,54,3905,MO,"SAINT LOUIS",63110
2022,"CARESTL HEALTH",0,0,1,0,62,7230,MO,"SAINT LOUIS",63112
2022,"CARROLL COUNTY MEMORIAL HOSPITAL",1,0,0,0,62,9397,MO,CARROLLTON,64633
2022,"CATHOLIC DIOCESE OF JEFFERSON CITY (DBA DIOCESE OF JEFFERSON CITY)",1,0,0,0,81,2540,MO,"JEFFERSON CITY",65109
2022,"CENTENE COMPANY OF TEXAS LP",0,0,1,0,92,0404,MO,"SAINT LOUIS",63105
2022,"CENTENE MANAGEMENT COMPANY LLC",2,0,1,0,52,4073,MO,"ST LOUIS",63105
2022,"CENTENE MANAGEMENT COMPANY LLC",0,0,1,0,52,4073,MO,CATAWISSA,63015
2022,"CENTENE MANAGEMENT COMPANY LLC",10,0,79,0,52,4073,MO,"SAINT LOUIS",63105
2022,"CENTRAL METHODIST UNIV",0,0,1,0,61,4854,MO,FAYETTE,65248
2022,"CERNER CORPORATION",10,1,131,1,54,6944,MO,"KANSAS CITY",64117
2022,"CERNER CORPORATION",14,1,4,0,54,6944,MO,"NORTH KANSAS CITY",64117
2022,"CERNER CORPORATION",0,0,1,0,54,6944,MO,"KANSAS CITY",64117
2022,"CERNER CORPORATION",2,0,0,1,54,6944,MO,"N KANSAS CITY",64117
2022,"CHARTER COMMUNICATIONS INC",0,0,1,0,51,8755,MO,"SAINT LOUIS",63131
2022,"CHARTER COMMUNICATIONS INC",4,0,6,0,51,6755,MO,"ST LOUIS",63131
2022,"CHARTER COMMUNICATIONS INC",30,1,510,3,51,6755,MO,"SAINT LOUIS",63131
2022,"CHARTER COMMUNICATIONS INC",0,0,1,0,51,6755,MO,"MARYLAND HEIGHTS",63043
2022,"CHARTER COMMUNICATIONS INC",0,0,1,0,52,6755,MO,"SAINT LOUIS",63131
2022,"CHEMTRON SUPPLY CORPORATION",0,0,1,0,56,5714,MO,"SAINT CHARLES",63301
2022,"CHRISTNER INC DBA CHRISTNER ARCHIT",1,0,0,0,54,4885,MO,CLAYTON,63105
2022,"CIGNA HEALTH & LIFE INSURANCE CO",0,0,2,0,52,1071,MO,"SAINT LOUIS",63121
2022,"CITY OF KANSAS CITY, MISSOURI",1,0,1,0,92,0201,MO,"KANSAS CITY",64106
2022,"CLARK RICHARDSON & BISKUP CONSULTI",0,0,1,0,54,5242,MO,"SAINT LOUIS",63141
2022,"CLARKSON CONSTRUCTION COMPANY",0,0,1,0,23,2076,MO,"KANSAS CITY",64120
2022,"CLARKSON EYECARE LLC",0,0,3,0,62,3749,MO,BALLWIN,63011
2022,"CLARKSON OPTOMETRY INC",1,0,0,0,62,6595,MO,BALLWIN,63011
2022,"CLARKSON OPTOMETRY INC.",2,0,0,0,62,6595,MO,BALLWIN,63011
2022,"CLASSY LLAMA STUDIOS",1,0,0,0,54,2585,MO,SPRINGFIELD,65807
2022,"CLAYCO INC",0,0,1,0,23,9019,MO,"SAINT LOUIS",63105
2022,"CLAYCO INC",1,0,14,0,23,9079,MO,"SAINT LOUIS",63105
2022,"CLAYCO INC",2,0,0,0,23,9079,MO,CLAYTON,63105
2022,"CLINICAL RESEARCH ASSOCIATES PC",0,0,1,0,62,9473,MO,"SAINT LOUIS",63125
2022,"CODE CONSULTANTS INC D B A CCI",1,0,0,0,54,0336,MO,"SAINT LOUIS",63146
2022,"COLABERRY INC",11,0,4,0,54,3538,MO,PERRYVILLE,63775
2022,"COLLEGIATE DEVELOPMENT GROUP LLC D/B/A SUBTEXT",0,0,1,0,53,1022,MO,"ST LOUIS",63103
2022,"COLUMBIA COLLEGE",1,0,0,0,61,5867,MO,COLUMBIA,65216
2022,"COLUMBIA INDEPENDENT SCH",1,0,0,0,61,5806,MO,COLUMBIA,65202
2022,"COMMAN COMMISSIONING LLC",0,0,1,0,54,7644,MO,LAURIE,65038
2022,"COMMAND COMMISSIONING LLC",0,0,2,0,54,7644,MO,LAURIE,65038
2022,"COMMERCE BANK",0,0,1,0,52,2626,MO,"KANSAS CITY",64106
2022,"COMPASS HEALTH INC D/B/A COMPASS HEALTH NETWORK",3,0,0,0,62,2835,MO,"JEFFERSON CITY",65109
2022,"COMPASS HEALTH INC D/B/A COMPASS HEALTH NETWORK",0,0,1,0,62,2835,MO,WENTZVILLE,63385
2022,"COMPASS HEALTH INC D/B/A COMPASS HEALTH NETWORK",0,0,2,0,62,2835,MO,"SAINT PETERS",63376
2022,"COMPASS HEALTH INC D/B/A COMPASS HEALTH NETWORK",0,0,3,0,62,2835,MO,WINDSOR,65360
2022,"COMPASS HLTH INC D/B/A COMPASS HLT",1,0,0,0,62,2835,MO,"JEFFERSON CITY",65109
2022,"COMPASS HLTH INC D/B/A COMPASS HLT",0,0,1,0,62,2835,MO,WENTZVILLE,63385
2022,"COMPASS HLTH INC D/B/A COMPASS HLT",0,0,1,0,62,2835,MO,WINDSOR,65360
2022,"COMPREHENSIVE HEALTH MGT INC DBA W",0,0,2,0,52,7616,MO,"SAINT LOUIS",63105
2022,"CONNECT CARE LLC",2,0,0,0,62,8185,MO,"KANSAS CITY",64114
2022,"CONTINENTAL ALUMINUM CORPORATION",0,0,1,0,33,4294,MO,"SAINT LOUIS",63146
2022,"CORE & MAIN LP",0,0,1,0,42,0887,MO,"MARYLAND HEIGHTS",63146
2022,"COTTEY COLLEGE",1,0,0,0,61,5271,MO,NEVADA,64772
2022,"COURSE HERO INC",0,0,2,0,51,6241,MO,"LEES SUMMIT",64063
2022,"CRB BUILDERS LLC",0,0,2,0,54,5242,MO,"SAINT LOUIS",63141
2022,"CRB BUILDERS LLC",1,0,0,0,54,5242,MO,"ST LOUIS",63141
2022,"CREDENCE TECHNOLOGIES LLC",0,0,3,0,54,6641,MO,BALLWIN,63011
2022,"CUBE INFOSYS LLC",0,0,2,0,54,5345,MO,BALLWIN,63011
2022,"CULVER STOCKTON COLLEGE",0,0,1,0,61,0813,MO,CANTON,63435
2022,"CURIUM US LLC",0,0,1,0,32,8928,MO,"MARYLAND HEIGHTS",63043
2022,"D2 PHARMA CONSULTING LLC",1,0,0,0,54,5658,MO,CHESTERFIELD,63017
2022,"DATA SYSTEMS INTERNATIONAL INC",0,0,1,0,54,2651,MO,"KANSAS CITY",64106
2022,"DATALEADS TECHNOLOGY SERVICES LLC",1,0,0,0,54,0433,MO,CHESTERFIELD,63005
2022,"DATAMAP LLC",1,0,0,0,54,5051,MO,"KANSAS CITY",64108
2022,"DATASOFT GLOBAL LLC",4,0,0,0,54,0802,MO,BALLWIN,63021
2022,"DETROIT TOOL METAL PRODUCTS CO",2,0,0,0,33,9119,MO,LEBANON,65536
2022,"DIGITAL PLUS SOLUTIONS LLC",1,0,0,0,54,3180,MO,"KANSAS CITY",64131
2022,"DIODE DYNAMICS",0,0,1,0,33,4817,MO,"SAINT CHARLES",63301
2022,"DLIFLC US ARMY",0,0,1,0,62,5142,MO,"KANSAS CITY",64128
2022,"DOC & MISS FORTUNATE HOME CARE B",0,1,0,0,99,8488,MO,"SAINT LOUIS",63116
2022,"DONALD DANFORTH PLANT SCIENCE CTR",5,1,7,1,54,4621,MO,"SAINT LOUIS",63132
2022,"DRAW ARCHITECTURE URBAN DESIGN LLC",1,0,1,0,54,7290,MO,"KANSAS CITY",64108
2022,"DRIV AUTOMOTIVE INC",1,0,0,0,33,7479,MO,MARYVILLE,64468
2022,"DRIVE SOCIAL MEDIA LLC",1,0,0,0,54,5358,MO,"SAINT LOUIS",63101
2022,"DST ASSET MANAGER SOLUTIONS INC",0,0,1,0,52,6037,MO,"KANSAS CITY",64105
2022,"DST BROKERAGE SOLUTIONS LLC",0,0,1,0,51,7187,MO,"KANSAS CITY",64105
2022,"DST HEALTH SOLUTIONS LLC",0,0,1,0,51,3802,MO,"KANSAS CITY",64105
2022,"DST HEALTH SOLUTIONS LLC",3,0,2,0,54,3802,MO,"KANSAS CITY",64105
2022,"DST PHARMACY SOLUTIONS INC",0,0,12,0,51,9642,MO,"KANSAS CITY",64105
2022,"DST SYSTEMS INC",0,0,1,0,54,1814,MO,"KANSAS CITY",64105
2022,"DST TECHNOLOGIES INC",0,0,4,1,54,8051,MO,"KANSAS CITY",64105
2022,"DUBOIS CONSULTANTS INC",0,0,1,0,54,4206,MO,"KANSAS CITY",64130
2022,"DYNAMIC AUTOMATION CORP DBA RAPID DEVELOPMENT SERVICES",1,0,0,0,81,7920,MO,"EARTH CITY",63045
2022,"DYNAMIC CONSULTANTS GROUP LLC",0,0,1,0,54,9954,MO,"KANSAS CITY",64151
2022,"DYNAMIC SURGICAL INC D/B/A REZILIENT",0,0,1,0,54,8831,MO,"SAINT LOUIS",63112
2022,"EAST CENTRAL MO BEHAVIORAL HEALTH SVCS INC D/B/A ARTHUR CENTER COMMUNITY HEALTH",0,0,1,0,62,9797,MO,MEXICO,65265
2022,"EAST NEWTON COUNTY R VI SCHOOL DISTRICT",1,0,0,0,61,7494,MO,GRANBY,64844
2022,"ECKELKAMP AND ASSOCIATES CPAS PC",0,0,1,0,54,4340,MO,"SAINT LOUIS",63126
2022,"EDWARD JONES",1,0,2,0,52,5811,MO,"SAINT LOUIS",63131
2022,"EFCO LLC",0,0,1,0,33,0401,MO,MONETT,65708
2022,"EHY HOLDINGS LLC",0,0,1,0,45,7853,MO,"O FALLON",63366
2022,"ELECTRIC POWER SYSTEMS INTERNATION",0,0,2,0,54,6416,MO,"MARYLAND HEIGHTS",63043
2022,"ELEMENT 74 LLC",1,0,0,0,54,1451,MO,"CAPE GIRARDEAU",63703
2022,"ELITE ORTHOPEDICS LLC",1,0,0,0,42,2979,MO,CHESTERFIELD,63005
2022,"EMERSON AUTOMATION SOLUTIONS FINAL",0,0,1,0,33,8737,MO,"SAINT LOUIS",63136
2022,"EMERSON AUTOMATION SOLUTIONS FINAL CONTROL US LP",0,0,2,0,33,8737,MO,"SAINT LOUIS",63136
2022,"EMERSON ELECTRIC CO",1,0,6,0,33,9330,MO,"SAINT LOUIS",63136
2022,"EML PAYMENTS USA LLC",1,0,0,0,52,5285,MO,"KANSAS CITY",64114
2022,"ENERGIZER BRANDS LLC",0,0,2,0,33,2580,MO,"SAINT LOUIS",63141
2022,"ENGINEERED FASTENER COMPANY LLC DBA EFC INTERNATIONAL",0,0,1,0,33,9860,MO,"SAINT LOUIS",63146
2022,"ENTERPRISE HOLDINGS INC IT SERVICES",0,0,7,0,53,4835,MO,"SAINT LOUIS",63146
2022,"ENVISION LLC",0,0,2,0,54,8425,MO,"SAINT LOUIS",63141
2022,"EPARCHY OF OUR LADY OF LEBANON OF LOS ANGELES",1,0,0,0,81,9156,MO,"ST LOUIS",63104
2022,"EPIGRAPH LLC",1,0,0,0,54,3239,MO,"KANSAS CITY",64108
2022,"EPS ENGINEERING & DESIGN INC",0,0,2,0,54,2549,MO,"MARYLAND HEIGHTS",63043
2022,"ESDEMC TECHNOLOGY LLC",0,0,1,0,33,0065,MO,ROLLA,65401
2022,"ESSENCE GROUP HOLDINGS CORPORATION",0,0,1,0,54,5470,MO,"MARYLAND HTS",63043
2022,"ESSENCE GROUP HOLDINGS CORPORATION",2,0,10,0,54,5470,MO,"MARYLAND HEIGHTS",63043
2022,"ETRAILER CORPORATION",0,0,1,0,45,5751,MO,WENTZVILLE,63385
2022,"EUROFINS BIOPHARMA PRODUCT TESTING",0,0,1,0,54,8770,MO,COLUMBIA,65201
2022,"EUROFINS BIOPHARMA PRODUCT TESTING COLUMBIA INC",1,0,1,0,54,8770,MO,COLUMBIA,65201
2022,"EUROFINS CLINICAL DIAGNOSTIC US NDSC INC",1,0,0,0,51,9772,MO,"LEES SUMMIT",64086
2022,"EVERGY METRO INC FORMERLY KANSAS CITY POWER & LIGHT COMPANY",0,0,1,0,22,8720,MO,"KANSAS CITY",64105
2022,"EVERNORTH ENTERPRISE SERVICES INC",0,0,3,0,54,2455,MO,"SAINT LOUIS",63121
2022,"EVERNORTH ENTERPRISE SERVICES INC",0,0,1,0,52,2245,MO,"SAINT LOUIS",63121
2022,"EVERNORTH ENTERPRISE SERVICES INC",0,0,4,0,52,2455,MO,"ST LOUIS",63121
2022,"EVERNORTH ENTERPRISE SERVICES INC",13,0,256,0,52,2455,MO,"SAINT LOUIS",63121
2022,"EVERNORTH ENTERPRISE SERVICES INC",1,0,0,0,52,2455,MO,"ST. LOUIS",63121
2022,"EVERNORTH ENTERPRISE SERVICES INC",0,0,1,0,52,2455,MO,"SAINT LOUIS",63121
2022,"EVERYMARKET INC",1,0,2,0,45,0015,MO,"O FALLON",63366
2022,"EWING MARION KAUFFMAN SCHOOL INC D/B/A KAUFFMAN SCHOOL",1,0,0,0,61,2958,MO,"KANSAS CITY",64131
2022,"EXEGY INCORPORATED",1,0,0,0,54,6004,MO,"SAINT LOUIS",63119
2022,"EXPRESS SCRIPTS ADMINISTRATORS LLC",0,0,2,0,52,3830,MO,"SAINT LOUIS",63121
2022,"EXPRESS SCRIPTS INC",0,0,1,0,52,0563,MO,"SAINT LOUIS",63121
2022,"EXPRESS SCRIPTS PHARMACY INC",0,0,4,0,54,9911,MO,"SAINT LOUIS",63121
2022,"EXPRESS SCRIPTS SERVICES CO",0,0,1,0,54,2983,MO,"ST LOUIS",63121
2022,"EXPRESS SCRIPTS SERVICES CO",0,0,2,0,52,2983,MO,"SAINT LOUIS",63121
2022,"EXPRESS SCRIPTS SERVICES CO",3,0,57,0,54,2983,MO,"SAINT LOUIS",63121
2022,"EXPRESS SCRIPTS STRATEGIC DEVELOPM",0,0,1,0,54,0703,MO,"SAINT LOUIS",63121
2022,"FALCON TECHNOLOGIES INC",0,0,1,0,42,7872,MO,"MARYLAND HEIGHTS",63043
2022,"FAST N FRIENDLY LLC",6,1,0,0,72,9346,MO,"BATES CITY",64011
2022,"FED RESERVE BANK OF KANSAS CITY",1,0,0,0,92,5874,MO,"KANSAS CITY",64198
2022,"FEDERAL RESERVE BANK OF KANSAS CITY",2,0,0,0,92,5874,MO,"KANSAS CITY",64198
2022,"FERGUSON FLORISSANT SCHOOL DISTRIC",0,0,1,0,61,5660,MO,HAZELWOOD,63042
2022,"FINLOCKER LLC",1,0,0,0,54,2955,MO,"SAINT LOUIS",63105
2022,"FLEISHMAN HILLARD INC",0,0,1,1,54,1685,MO,"SAINT LOUIS",63102
2022,"FOAM SUPPLIES INC",1,0,0,0,32,5595,MO,"EARTH CITY",63045
2022,"FONTBONNE UNIVERSITY",1,0,1,0,61,4556,MO,"SAINT LOUIS",63105
2022,"FP F&B LLC",0,1,0,0,72,8980,MO,SPRINGFIELD,65810
2022,"FREEMAN HEALTH SYSTEM",2,0,1,0,62,4371,MO,JOPLIN,64804
2022,"FRITZ ADVENTURE BRANSON LLC",0,0,1,0,71,4561,MO,BRANSON,65616
2022,"FRONTIER SCHOOLS INC",11,0,1,0,61,2516,MO,"KANSAS CITY",64120
2022,"FULL POTENTIAL SOLUTIONS LLC",0,0,1,0,56,4033,MO,"KANSAS CITY",64116
2022,"FULL POTENTIAL SOLUTIONS LLC",0,0,1,0,54,4033,MO,"KANSAS CITY",64116
2022,"GAINSIGHT INC",0,0,1,0,54,3591,MO,CHESTERFIELD,63017
2022,"GAINSIGHT INC",0,0,1,0,54,3591,MO,"TOWN AND COUNTRY",63017
2022,"GARNEY HOLDING COMPANY DBA GARNEY",0,0,1,0,23,0829,MO,"KANSAS CITY",64116
2022,"GATEWAY SCIENCE ACADEMY ST LOUIS",9,0,2,0,61,5925,MO,"SAINT LOUIS",63139
2022,"GATEWAY SCIENCE ACADEMY ST LOUIS",1,0,0,0,61,5925,MO,"SAINT LOUIS",63116
2022,"GEMINI CONSULTING & SERVICES LLC",4,0,4,0,54,2481,MO,"SAINT LOUIS",63127
2022,"GEMINI CONSULTING & SERVICES LLC",1,0,1,0,54,2481,MO,"SUNSET HILLS",63127
2022,"GEMINI CONSULTING & SERVICES LLC",1,0,0,0,54,2481,MO,"ST LOUIS",63127
2022,"GEMINI CONSULTING & SERVICES LLC",0,0,1,0,54,4281,MO,"SAINT LOUIS",63127
2022,"GEMINISOFT SOLUTIONS INC",3,0,2,0,54,7524,MO,"SAINT LOUIS",63141
2022,"GERBERA TECHNOLOGIES INC",4,0,0,0,54,2014,MO,BALLWIN,63011
2022,"GERBERA TECHNOLOGIES INC",7,0,0,0,54,2014,MO,ELLISVILLE,63011
2022,"GERBERA TECHNOLOGIES INC",2,0,0,0,54,2014,MO,"ST LOUIS",63146
2022,"GERBERA TECHNOLOGIES INC",10,0,2,0,54,2014,MO,"SAINT LOUIS",63146
2022,"GOLDEN VALLEY MEMORIAL HOSPITAL DISTRICT",1,0,0,0,62,5390,MO,CLINTON,64735
2022,"GRAYBAR ELECTRIC COMPANY INC",1,0,1,0,42,4380,MO,"SAINT LOUIS",63146
2022,"GUERBET AMERICA LLC",0,0,1,0,56,4239,MO,"SAINT LOUIS",63117
2022,"H-J ENTERPRISES INC",1,0,0,0,33,5854,MO,"HIGH RIDGE",63049
2022,"HALDEX BRAKE PRODUCTS CORPORATION",0,0,1,0,33,1334,MO,"KANSAS CITY",64153
2022,"HALLMARK CARDS INCORPORATED",3,0,0,0,45,2180,MO,"KANSAS CITY",64108
2022,"HALLMARK COM LLC",2,0,3,0,45,1395,MO,"KANSAS CITY",64108
2022,"HALLMARK MARKETING COMPANY LLC",2,0,0,0,42,0871,MO,"KANSAS CITY",64108
2022,"HANDI CRAFT COMPANY",0,0,1,0,42,3268,MO,"SAINT LOUIS",63116
2022,"HANNIBAL REGIONAL HEALTHCARE SYS I",0,0,1,0,62,2495,MO,HANNIBAL,63401
2022,"HANNIBAL REGIONAL HEALTHCARE SYSTEM INC",1,0,1,0,62,2495,MO,HANNIBAL,63401
2022,"HANUHIGH TECHNOLOGIES INC",7,0,1,0,54,4524,MO,CHESTERFIELD,63005
2022,"HARRIS SYSTEMS USA INC",0,0,1,0,54,,MO,"SAINT LOUIS",63141
2022,"HCI ENERGY LLC",0,0,2,0,22,8682,MO,"KANSAS CITY",64101
2022,"HEARTLAND REGIONAL MEDICAL CENTER D/B/A MOSAIC MEDICAL CENTER ST JOSEPH",0,0,6,0,62,5289,MO,"SAINT JOSEPH",64506
2022,"HELIX ARCHITECTURE DESIGN INC",1,0,0,0,54,2309,MO,"KANSAS CITY",64108
2022,"HELLMUTH OBATA & KASSABAUM INC",7,0,21,0,54,3985,MO,"SAINT LOUIS",63102
2022,"HELLMUTH OBATA & KASSABAUM INC",1,0,0,0,54,3985,MO,"ST LOUIS",63102
2022,"HELLMUTH OBATA KASSABAUM INC",0,0,11,0,54,3985,MO,"SAINT LOUIS",63102
2022,"HERZOG CONTRACTING CORP",0,0,1,0,23,8005,MO,"SAINT JOSEPH",64507
2022,"HIGH QUARTILE LLC",4,1,10,0,54,7241,MO,CHESTERFIELD,63005
2022,"HIMAGINE SOLUTIONS INC",0,0,1,0,56,7996,MO,"SAINT LOUIS",63141
2022,"HMS CAPE GIRARDEAU DBA HOSPITAL MEDICINE SOLUTIONS",1,0,0,0,62,9708,MO,CHESTERFIELD,63017
2022,"HNTB CORPORATION",8,0,12,0,54,3092,MO,"KANSAS CITY",64105
2022,"HPS SOFTWARE SOLUTIONS INC",1,0,4,0,54,3972,MO,"SAINT LOUIS",63146
2022,"HRB PROFESSIONAL RESOURCES LLC",1,0,40,0,54,7534,MO,"KANSAS CITY",64105
2022,"HUBBELL POWER SYSTEMS INC",0,0,1,0,33,3832,MO,"SAINT LOUIS",63146
2022,"HUBBELL POWER SYSTEMS INC",0,0,1,0,33,3832,MO,"ST LOUIS",61346
2022,"HUBBELL POWER SYSTEMS INC",0,0,1,0,33,3832,MO,CENTRALIA,65240
2022,"HUBBELL POWER SYSTEMS INC",0,0,1,0,33,3832,MO,"ST LOUIS",29210
2022,"HUMANE SOCIETY OF MISSOURI",1,0,0,0,23,2638,MO,"SAINT LOUIS",63110
2022,"HUMANWELL PHARMACEUTICAL US INC",1,0,0,0,32,6593,MO,BALLWIN,63011
2022,"HUSCH BLACKWELL LLP",1,0,0,0,54,8286,MO,"KANSAS CITY",64112
2022,"HUSSMANN CORPORATION",0,0,5,0,33,6220,MO,BRIDGETON,63044
2022,"HUTTIG BUILDING PRODUCTS INC",0,0,1,0,44,4550,MO,"SAINT LOUIS",63141
2022,"HYDROMAT INC D B A EDGE TECHNOLOGIES",0,0,1,0,42,7255,MO,"MARYLAND HEIGHTS",63043
2022,"I3GLOBALTECH INC",5,0,12,0,54,4706,MO,BALLWIN,63011
2022,"IBRAIN TECHNOLOGIES INC",2,0,12,0,54,8010,MO,CHESTERFIELD,63005
2022,"ICL AMERICAS LLC",0,0,1,0,32,9994,MO,"SAINT LOUIS",63141
2022,"ICL SPECIALTY PRODUCTS INC",0,0,1,0,32,6187,MO,"SAINT LOUIS",63141
2022,"INDEPENDENT STAVE COMPANY LLC",0,0,1,0,32,5123,MO,COLUMBIA,65201
2022,"INDUS IT VALLEY INC",1,0,1,0,54,0219,MO,"SAINT LOUIS",63126
2022,"INDUSTRIAL ALLY INC",1,0,0,0,54,0605,MO,CHESTERFIELD,63017
2022,"INFORMATION RESOURCE GROUP INC",1,0,0,0,54,0297,MO,"JEFFERSON CTY",65109
2022,"INFORMATION RESOURCE GROUP INC",1,0,3,0,54,0297,MO,"JEFFERSON CITY",65109
2022,"INFORMATION TECHNOLOGY WAREHOUSE LLC",2,0,0,0,54,6369,MO,"SAINT LOUIS",63132
2022,"INSPIRIX TECHNOLOGIES LLC",4,0,11,0,54,1405,MO,"SAINT PETERS",63376
2022,"INTEGRATED MANAGED CARE SYSTEMS LLC",0,0,1,0,54,0865,MO,"CAPE GIRARDEAU",63701
2022,"INTERNATIONAL DEHYDRATED FOODS LLC",0,0,1,0,31,1523,MO,SPRINGFIELD,65809
2022,"INTERNATIONAL DESIGN SERVICES INC",0,0,1,0,54,4531,MO,"SAINT LOUIS",63146
2022,"INTERVISION SYSTEMS",0,0,1,0,54,0324,MO,CHESTERFIELD,63017
2022,"ISEE STORE INNOVATIONS LLC",0,0,1,0,32,8374,MO,"SAINT LOUIS",63110
2022,"ISONOVA TECHNOLOGIES LLC",0,0,1,0,31,7237,MO,SPRINGFIELD,65809
2022,"ITEK360 LLC",0,1,0,0,54,5694,MO,"CAPE GIRARDEAU",63701
2022,"JACK HENRY & ASSOCIATES INC",1,0,10,0,54,8385,MO,MONETT,65708
2022,"JON BUCK ENTERPRISES LLC",1,0,0,0,54,4792,MO,JOPLIN,64801
2022,"JOPLIN NEPHROLOGY CONSULTANTS",1,0,0,0,62,4077,MO,JOPLIN,64804
2022,"JOST CHEMICAL COMPANY",0,0,1,0,32,3422,MO,"SAINT LOUIS",63114
2022,"JOST CHEMICAL COMPANY INC",0,0,2,0,32,3422,MO,"SAINT LOUIS",63114
2022,"JUPITER CONSULTING SERVICES LLC",0,0,2,0,54,5999,MO,BALLWIN,63021
2022,"KANSAS CITY SOUTHERN RAILWAY COMPANY",1,0,5,0,48,0758,MO,"KANSAS CITY",64105
2022,"KANSAS GRANITE MART INC",1,0,0,0,32,0178,MO,"KANSAS CITY",64116
2022,"KATAMAN METALS LLC",1,0,0,0,42,0889,MO,"SAINT LOUIS",63105
2022,"KDK TECHNOLOGY LLC",1,0,0,0,54,4560,MO,"SAINT PETERS",63376
2022,"KEEFE GROUP LLC",1,0,0,0,42,5474,MO,"SAINT LOUIS",63132
2022,"KENZEN INC",2,0,0,0,99,5295,MO,"KANSAS CITY",64108
2022,"KIRKWOOD FAMILY DENTAL LLC",1,0,0,0,62,9603,MO,"SAINT LOUIS",63122
2022,"LAKE REGIONAL HEALTH SYSTEM",0,0,2,0,62,9737,MO,"OSAGE BEACH",65065
2022,"LARSON TAX PARTNERS LLC",0,0,1,0,54,5589,MO,"SAINT LOUIS",63102
2022,"LASHBACK LLC",1,0,0,0,54,0912,MO,"SAINT LOUIS",63110
2022,"LEARFIELD COMMUNICATIONS LLC",0,0,2,0,54,6492,MO,"JEFFERSON CITY",65109
2022,"LEGGETT & PLATT INCORPORATED",1,0,1,0,33,4630,MO,CARTHAGE,64836
2022,"LESTER E COX MEDICAL CENTERS COXHE",1,0,1,0,62,7118,MO,SPRINGFIELD,65802
2022,"LESTER E COX MEDICAL CENTERS DBA COXHEALTH",4,0,7,0,62,7118,MO,SPRINGFIELD,65802
2022,"LEWIS & CLARK EQUITY PARTNERS LLC",0,0,1,0,52,1577,MO,"SAINT LOUIS",63105
2022,"LIBERTY HOTEL GROUP LLC",0,0,1,0,54,7198,MO,LIBERTY,64068
2022,"LIFT FOR LIFE ACADEMY INC",1,0,0,0,61,5886,MO,"SAINT LOUIS",63104
2022,"LINCOLN UNIVERSITY",0,0,1,0,61,1500,MO,"JEFFERSON CITY",65109
2022,"LINCOLN UNIVERSITY OF MISSOURI",1,0,0,0,61,1089,MO,"JEFFERSON CITY",65109
2022,"LINCOLN UNIVERSITY OF MISSOURI",1,0,0,0,61,1089,MO,"JEFFERSON CITY",65101
2022,"LINDENWOOD UNIV",0,0,1,0,61,2649,MO,"SAINT CHARLES",63301
2022,"LINDT & SPRUNGLI NORTH AMERICA INC",0,0,4,0,55,5263,MO,"KANSAS CITY",64112
2022,"LINDT & SPRUNGLI NORTH AMERICA INC",0,0,1,0,31,5263,MO,"KANSAS CITY",64112
2022,"LIVE LEARNING TECHNOLOGIES SHARED",0,0,0,1,61,2068,MO,"SAINT LOUIS",63105
2022,"LIVE LEARNING TECHNOLOGIES SHARED RESOURCES LLC",2,0,3,0,61,2068,MO,"SAINT LOUIS",63105
2022,"LIVE LEARNING TECHS SHARED RESOURC",1,0,2,0,61,2068,MO,"SAINT LOUIS",63105
2022,"LMI AEROSPACE INC",2,0,1,0,33,9065,MO,"SAINT CHARLES",63301
2022,"LOCAL BACKHAUL NETWORKS LLC",0,0,2,1,54,5682,MO,CHESTERFIELD,63005
2022,"LOCKERDOME INC",0,0,4,0,51,9844,MO,"SAINT LOUIS",63103
2022,"LOCKTON MANAGEMENT LLC",0,0,2,0,52,0999,MO,"KANSAS CITY",64112
2022,"LOGAN UNIVERSITY INC",1,0,0,0,61,6185,MO,CHESTERFIELD,63017
2022,"LOGICGRIDZ LLC",1,0,0,0,54,9792,MO,"SAINT LOUIS",63146
2022,"LONG KING LLC",1,0,0,0,49,9096,MO,INDEPENDENCE,64056
2022,"LOREN COOK COMPANY",0,0,1,0,33,3236,MO,SPRINGFIELD,65803
2022,"LUZCO TECHNOLOGIES  LLC",0,0,1,0,54,7799,MO,"SAINT LOUIS",63143
2022,"M I INDUSTRIES INC D/B/A INSTINCT",0,0,1,0,31,0799,MO,"SAINT LOUIS",63146
2022,"MACHMOTION LLC",0,0,1,0,33,4109,MO,NEWBURG,65550
2022,"MCCARTHY BUILDING COMPANIES INC",1,0,1,0,23,9290,MO,"DES PERES",63131
2022,"MCCARTHY BUILDING COMPANIES INC",0,0,5,1,23,9290,MO,"SAINT LOUIS",63131
2022,"MCDANIEL HAZLEY GROUP INC",1,0,0,0,52,2706,MO,"KANSAS CITY",64105
2022,"MCKISSOCK LLC",0,0,1,0,92,7474,MO,"SAINT LOUIS",63110
2022,"MEDICREDIT INC DBA THE OUTSOURCE G",1,0,5,0,55,3539,MO,"EARTH CITY",63045
2022,"MEDICREDIT INC DBA THE OUTSOURCE GROUP",1,0,6,0,55,3539,MO,"EARTH CITY",63045
2022,"MEINERSHAGEN AND CO LLC",0,0,1,0,54,0621,MO,"GRAIN VALLEY",64029
2022,"MERCURY MANAGEMENT LLC",1,0,0,0,51,5975,MO,"KANSAS CITY",64106
2022,"MERCY CLINIC EAST COMMUNITIES",2,0,4,1,62,1217,MO,"SAINT LOUIS",63141
2022,"MERCY CLINIC EAST COMMUNITIES",0,0,2,0,62,1217,MO,"ST LOUIS",63141
2022,"MERCY CLINIC FORT SMITH COMMUNITIES",0,0,1,0,62,8597,MO,SPRINGFIELD,65804
2022,"MERCY CLINIC JOPLIN LLC",1,0,3,0,62,4897,MO,JOPLIN,64804
2022,"MERCY CLINIC JOPLIN LLC",0,0,1,0,62,4897,MO,SPRINGFIELD,65804
2022,"MERCY CLINIC SPRINGFIELD COMMUNITI",1,0,3,0,62,0263,MO,SPRINGFIELD,65804
2022,"MERCY CLINIC SPRINGFIELD COMMUNITIES",11,0,12,2,62,0263,MO,SPRINGFIELD,65804
2022,"METAL CONTAINER LP",0,0,1,0,33,9110,MO,"SAINT LOUIS",63118
2022,"METAPHASE DESIGN GROUP INC",2,0,0,0,54,9207,MO,"SAINT LOUIS",63103
2022,"METHODS AND MASTERY LLC",0,0,1,0,54,3028,MO,"SAINT LOUIS",63102
2022,"MHM SUPPORT SERVICES",2,0,0,0,62,3101,MO,CHESTERFIELD,63017
2022,"MHM SUPPORT SERVICES",2,0,2,0,62,3101,MO,"SAINT LOUIS",63141
2022,"MICHAEL E MURPHY D C LLC D B A PER",1,0,0,0,62,3446,MO,CHESTERFIELD,63017
2022,"MICROCON INC",1,0,0,0,54,1808,MO,"SAINT LOUIS",63122
2022,"MID AMERICA TRANSPLANT SERVICES",0,0,1,0,62,6306,MO,"SAINT LOUIS",63110
2022,"MIDAMERICA CANCER CARE LLC",1,0,0,0,62,0344,MO,"KANSAS CITY",64116
2022,"MIDWEST UNIVERSITY",2,0,0,0,61,8069,MO,WENTZVILLE,63385
2022,"MIDWEST VETERANS BIOMEDICAL RESEAR",0,0,2,0,54,6422,MO,"KANSAS CITY",64130
2022,"MIDWESTERN BAPTIST THEOLOGICAL SEMINARY INC",0,0,1,0,61,8839,MO,"KANSAS CITY",64118
2022,"MILLSTONE WEBER LLC",1,0,0,0,23,2336,MO,"SAINT CHARLES",63301
2022,"MIREALM INC",1,0,0,0,99,1882,MO,WILDWOOD,63040
2022,"MISSOURI BAPTIST SULLIVAN HOSPITAL",4,0,1,0,62,9495,MO,SULLIVAN,63080
2022,"MISSOURI COUNTY EMPLOYERS RETIREMENT FUND",0,0,1,0,92,5213,MO,"JEFFERSON CITY",65101
2022,"MISSOURI DELTA MEDICAL CENTER",0,0,1,0,62,3449,MO,SIKESTON,63801
2022,"MISSOURI STATE UNIVERSITY",7,0,4,0,61,0308,MO,SPRINGFIELD,65806
2022,"MISSOURI STATE UNIVERSITY",2,0,3,0,61,0308,MO,SPRINGFIELD,65897
2022,"MISSOURI VALLEY COLLEGE",1,0,0,0,61,5286,MO,MARSHALL,65340
2022,"MISSOURI WESTRN STATE UNIVERSITY",2,0,0,0,61,0018,MO,"SAINT JOSEPH",64507
2022,"MOGENE LC",1,0,0,0,54,8220,MO,"SAINT LOUIS",63146
2022,"MOLINE ENTERPRISES LLC DBA BUTLER MILLING & SALES LLC",1,0,0,0,31,5009,MO,BUTLER,64730
2022,"MONDI JACKSON LLC",0,1,0,0,32,6635,MO,JACKSON,63755
2022,"MOSAIC HEALTH SYSTEM",4,0,1,0,62,3316,MO,"SAINT JOSEPH",64506
2022,"MOVE INC",0,0,1,0,53,2862,MO,"LOOSE CREEK",65054
2022,"NATIONAL ASSO OF INTERCOLLEGIATE A",0,0,1,0,61,0589,MO,"KANSAS CITY",64105
2022,"NATIONAL BEEF PACKING COMPANY LLC",1,0,0,0,44,9505,MO,"KANSAS CITY",64163
2022,"NATIONAL CONTROL DEVICES LLC",1,0,0,0,33,1892,MO,OSCEOLA,64776
2022,"NAVVIS & COMPANY LLC",2,0,1,0,54,7029,MO,"SAINT LOUIS",63141
2022,"NESTLE NUTRITION R D CENTERS INC",0,0,1,0,31,0965,MO,FREMONT,63164
2022,"NESTLE PURINA PETCARE COMPANY",0,0,3,0,31,0580,MO,"SAINT LOUIS",63164
2022,"NESTLE REGIONAL GLOBE OFFICE NORTH",1,0,4,0,31,6939,MO,"SAINT LOUIS",63164
2022,"NESTLE REGIONAL GLOBE OFFICE NORTH AMERICA INC",0,0,1,0,31,6939,MO,"SAINT LOUIS",63134
2022,"NESTLE REGIONAL GLOBE OFFICE NORTH AMERICA INC",5,0,11,0,31,6939,MO,"SAINT LOUIS",63164
2022,"NETARCH AMERICA INC",2,0,0,0,54,2519,MO,BALLWIN,63011
2022,"NETEFFECTS INC",7,0,7,0,54,8495,MO,CHESTERFIELD,63017
2022,"NEXCEL ELECTRONIC TECHNOLOGY INC",0,0,1,0,33,8838,MO,CHESTERFIELD,63005
2022,"NEXTGEN INFORMATION SERVICES INC",1,0,1,0,54,1848,MO,"SAINT LOUIS",63127
2022,"NIDEC AMERICAS HOLDING CORPORATION",0,0,1,0,33,7198,MO,"SAINT LOUIS",63136
2022,"NIDEC MOTOR CORPORATION",1,0,5,0,33,0722,MO,"SAINT LOUIS",63136
2022,"NIDEC MOTOR CORPORATION",0,0,2,0,81,0722,MO,"SAINT LOUIS",63136
2022,"NISA INVESTMENT ADVISORS LLC",1,0,0,0,52,0940,MO,"SAINT LOUIS",63105
2022,"NORTEK GLOBAL HVAC",0,0,1,0,33,4381,MO,"O FALLON",63368
2022,"NORTH AMERICAN SAVING BANK F S B",0,0,1,0,52,3310,MO,"KANSAS CITY",64131
2022,"NORTH AMERICAN SAVINGS BANK FSB",0,0,2,0,52,3310,MO,"KANSAS CITY",64131
2022,"NORTH INC",1,0,0,0,54,0447,MO,MANCHESTER,63021
2022,"NORTHEAST SERIES OF LOCKTON COMPANIES LLC",0,0,1,0,52,6304,MO,"KANSAS CITY",64112
2022,"NORTHPOINT DEVELOPMENT LLC",0,0,1,0,23,5321,MO,RIVERSIDE,64150
2022,"NORTHWEST MISSOURI STATE UNIV",2,0,0,1,61,0301,MO,MARYVILLE,64468
2022,"NORTHWEST MISSOURI STATE UNIVERSITY",5,0,3,1,61,0301,MO,MARYVILLE,64468
2022,"NOSTRUM LABORATORIES INC",2,0,1,0,32,7688,MO,"KANSAS CITY",64120
2022,"NOUS IMAGING, INC.",1,0,1,0,54,9952,MO,"SAINT LOUIS",63108
2022,"NOVO PROSO INC",1,0,6,0,54,8233,MO,WARRENSBURG,64093
2022,"NRRM LLC D/B/A CARSHIELD",1,0,3,0,56,0194,MO,"SAINT PETERS",63376
2022,"NSTARX INC",0,0,4,0,54,9643,MO,BALLWIN,63021
2022,"NSTARX INC",1,0,0,0,54,9643,MO,MANCHESTER,63021
2022,"NSTARX INC FKA ABHRA INC",0,0,2,0,54,9643,MO,BALLWIN,63021
2022,"NUANCE INVESTMENTS LLC",1,0,0,0,52,9176,MO,"KANSAS CITY",64112
2022,"NURTURENERGY INC",1,0,0,0,54,2017,MO,"MARYLAND HTS",63043
2022,"NUSO LLC",1,0,0,0,51,9426,MO,"SAINT LOUIS",63130
2022,"NWFA EDUCATION RESEARCH FOUNDATION NERF",1,0,0,0,81,8473,MO,CHESTERFIELD,63005
2022,"O REILLY AUTOMOTIVE STORES INC",0,0,1,0,44,8012,MO,SPRINGFIELD,65802
2022,"OBJECT COMPUTING INC",2,0,1,0,54,5110,MO,"SAINT LOUIS",63141
2022,"OBJECT SOURCE INC",0,0,2,0,54,7010,MO,"JEFFERSON CITY",65109
2022,"OCELOT CONSULTING LLC",0,0,6,0,54,8075,MO,"SAINT LOUIS",63141
2022,"OMNIGO SOFTWARE LLC",0,0,1,0,54,7250,MO,"SAINT LOUIS",63132
2022,"OMNISKOPE INC",8,1,2,0,54,5488,MO,"SAINT LOUIS",63146
2022,"OREILLY AUTO ENTERPRISES LLC",0,0,1,0,44,1312,MO,SPRINGFIELD,65802
2022,"OREILLY TECHNOLOGY SERVICES INC",0,0,6,0,44,1789,MO,SPRINGFIELD,65802
2022,"OZARKS MED CTR D/B/A OZARKS HEALTH",0,0,1,0,62,5758,MO,"WEST PLAINS",65775
2022,"OZARKS MEDICAL CENTER D/B/A OZARKS HEALTHCARE",2,0,5,0,62,5758,MO,"WEST PLAINS",65775
2022,"PACE SOLUTIONS INC",0,0,1,0,54,9111,MO,"SAINT LOUIS",63141
2022,"PACIFICA CONSULTING SERVICES LLC",1,0,0,0,54,0630,MO,"CREVE COEUR",63141
2022,"PACIFICA CONSULTING SERVICES LLC",7,1,10,0,54,0630,MO,"SAINT LOUIS",63141
2022,"PACIFICA CONSULTING SERVICES LLC D",4,1,3,0,54,0630,MO,"SAINT LOUIS",63141
2022,"PACIFICA CONSULTING SERVICES LLC DBA GEMINI SOLUTIONS",0,0,1,0,54,0630,MO,"SAINT LOUIS",63141
2022,"PAINTING AND DECORATING CONTRACTORS OF AMERICA DBA PAINTING CONTRACTORS ASSOCIATION",1,0,0,0,23,0072,MO,"MARYLAND HEIGHTS",63043
2022,"PANERA LLC",0,0,2,0,72,2828,MO,"SAINT LOUIS",63127
2022,"PANERA LLC",0,0,1,0,55,2828,MO,"SAINT LOUIS",63127
2022,"PARK UNIVERSITY",1,0,1,0,61,2048,MO,"KANSAS CITY",64152
2022,"PARKLAND HEALTH CENTER",4,0,2,0,62,2368,MO,FARMINGTON,63640
2022,"PCRMC MEDICAL GROUP INC D/B/A PHELPS HEALTH MEDICAL GROUP",0,0,3,0,62,5619,MO,ROLLA,65401
2022,"PCRMC MEDICAL GROUP INC DBA PHELPS HEALTH MEDICAL GROUP",0,0,1,0,62,5619,MO,ROLLA,65401
2022,"PEABODY INVESTMENTS CORP",0,0,3,0,21,0084,MO,"SAINT LOUIS",63101
2022,"PEMISCOT MEMORIAL HEALTH SYSTEMS",0,0,1,0,62,4544,MO,HAYTI,63851
2022,"PERFICIENT INC",4,0,0,0,54,3258,MO,"ST LOUIS",63141
2022,"PERFICIENT INC",33,0,118,1,54,3258,MO,"SAINT LOUIS",63141
2022,"PERRY COUNTY HEALTH SYSTEMS DBA PE",1,0,0,0,62,1457,MO,PERRYVILLE,63775
2022,"PERRY COUNTY HEALTH SYSTEMS DBA PERRY COUNTY MEMORIAL HOSPITAL",3,0,0,0,62,1457,MO,PERRYVILLE,63775
2022,"PHELPS COUNTY REGIONAL MEDICAL CTR",1,0,5,0,62,4435,MO,ROLLA,65401
2022,"PHYSICIAN GROUPS L C D/B/A BJC MED GROUP OF MO",1,0,1,0,62,1957,MO,"SAINT LOUIS",63141
2022,"PHYSICIANS GROUP LC D/B/A BJC MEDICAL GROUP OF MISSOURI",2,0,2,0,62,1957,MO,"SAINT LOUIS",63141
2022,"PI LABS INC",7,0,0,0,54,7198,MO,CHESTERFIELD,63005
2022,"PIERIANDX INC",3,0,0,0,54,2622,MO,"CREVE COEUR",63141
2022,"PIERIANDX INC",1,0,4,0,54,2622,MO,"SAINT LOUIS",63141
2022,"PINSIGHT MEDIA INC",0,0,1,0,51,1522,MO,"KANSAS CITY",64106
2022,"PIPKINS INC",0,0,1,0,54,1036,MO,"O FALLON",63368
2022,"POLLUX CONSULTANCY SERVICES LLC",0,0,1,0,54,9224,MO,CHESTERFIELD,63017
2022,"POPLAR BLUFF HMA PHYSICIAN MANAGEM",2,0,0,0,62,8592,MO,"POPLAR BLUFF",63901
2022,"POPULOUS GROUP LLC",0,0,2,0,54,2565,MO,"KANSAS CITY",64112
2022,"PREFERRED FAMILY HEALTHCARE INC",1,0,0,0,54,,MO,KIRKSVILLE,63501
2022,"PREFERRED FAMILY HEALTHCARE INC YSC",1,0,1,0,54,6557,MO,KIRKSVILLE,63501
2022,"PRIME HEALTHCARE SREVICES KANSAS C",0,0,3,0,55,9781,MO,"KANSAS CITY",64114
2022,"PRO IT INC",4,0,15,0,54,6106,MO,CHESTERFIELD,63017
2022,"PROGRAMMER RESOURCES INTERNATIONAL INC DBA PRI GLOBAL",1,0,7,0,54,1451,MO,BALLWIN,63011
2022,"PROGRAMMER RESOURCES INTERNATIONAL INC DBA PRI GLOBAL",0,0,1,0,54,1451,MO,ELLISVILLE,63011
2022,"PROGRAMMER RESOURCES INTL INC DBA",1,0,3,0,54,1451,MO,BALLWIN,63011
2022,"PROSPECT INFOSYS INC",1,1,4,0,54,1179,MO,CHESTERFIELD,63017
2022,"PROSPECT INFOSYS INC",0,0,1,0,54,1197,MO,CHESTERFIELD,63017
2022,"PROSPECT INFOSYSTEM INC",2,1,5,0,54,1179,MO,CHESTERFIELD,63017
2022,"PROTEIN FOR PETS OPTS OPCO LLC D B",1,0,0,0,31,3251,MO,MONETT,65708
2022,"PUTNAM COUNTY MEMORIAL HOSP",1,0,0,0,62,4461,MO,UNIONVILLE,63565
2022,"QUALITY METAL SUPPLY LLC",0,0,1,0,33,6260,MO,"SAINT LOUIS",63141
2022,"RABO DIVERSIFIED SERVICES LLC",1,0,1,0,52,2881,MO,CHESTERFIELD,63017
2022,"RANDOLPH COUNTY CARING COMMUNITY P",1,0,0,0,81,9775,MO,MOBERLY,65270
2022,"RANDOLPH COUNTY CARING COMMUNITY PARTNERSHIP",2,0,0,0,81,9775,MO,MOBERLY,65270
2022,"REACHMOBI INC",2,0,4,0,54,6953,MO,"KANSAS CITY",64112
2022,"RESOURCE AMERICA INFORMATION TECHN",0,0,1,0,54,0522,MO,"SAINT CHARLES",63304
2022,"RESOURCE AMERICA INFORMATION TECHN",0,0,1,0,54,0522,MO,"SAINT PETERS",63004
2022,"RESOURCE AMERICA INFORMATION TECHN",1,0,0,0,54,0522,MO,"ST PETERS",63304
2022,"RESOURCE AMERICA INFORMATION TECHN",0,0,7,0,54,0522,MO,"SAINT LOUIS",63141
2022,"RGA ENTERPRISE SERVICES COMPANY",7,0,13,0,52,5651,MO,CHESTERFIELD,63017
2022,"RITENOUR SCHOOL DISTRICT",1,0,0,0,61,3012,MO,"ST LOUIS",63114
2022,"RIYAN DENTAL LLC",0,0,1,0,62,4444,MO,"JEFFERSON CITY",65109
2022,"ROBERT RIZZUTI DMD PC",1,0,0,0,62,8701,MO,"SAINT PETERS",63376
2022,"ROHA USA LLC",0,0,1,0,31,0576,MO,"SAINT LOUIS",63110
2022,"ROLLICK INC",1,0,0,0,54,1354,MO,FENTON,63026
2022,"ROS TECHNOLOGY SERVICES INC",0,0,1,0,54,4101,MO,"KANSAS CITY",64152
2022,"ROSE INTERNATIONAL INC",0,0,1,0,54,4470,MO,CHESTERFIELD,63017
2022,"ROYAL CANIN USA INC",0,0,1,0,31,5142,MO,CURRYVILLE,63391
2022,"ROYAL CANIN USA INC",1,0,2,0,31,5142,MO,"SAINT CHARLES",63301
2022,"RS SOLUTIONS LLC",0,0,1,0,54,4126,MO,CHESTERFIELD,63005
2022,"RS SOLUTIONS LLC",1,1,2,0,54,4126,MO,CHESTERFIELD,63005
2022,"S&B PHARMA INC DBA ALKEM LABORATOR",1,0,0,0,32,7510,MO,FENTON,63026
2022,"S&B PHARMA LLC DBA ALKEM LABORATORIES",0,0,1,0,42,3302,MO,FENTON,63026
2022,"S&B PHARMA LLC DBA ALKEM LABORATORIES",1,0,4,0,32,3302,MO,FENTON,63026
2022,"SAINT FRANCIS HEALTHCARE SYSTEM",2,0,0,0,62,2499,MO,"CAPE GIRARDEAU",63703
2022,"SAINT FRANCIS MEDICAL PARTNERS LLC",0,0,4,0,62,9973,MO,"CAPE GIRARDEAU",63703
2022,"SAINT LOUIS UNIVERSITY",8,0,11,0,61,4872,MO,"SAINT LOUIS",63103
2022,"SAINT LOUIS UNIVERSITY",7,1,15,1,61,4872,MO,"SAINT LOUIS",63108
2022,"SAINT LOUIS UNIVERSITY",0,0,1,0,61,4872,MO,"SAINT LOUIS",63104
2022,"SAINT LOUIS UNIVERSITY",1,0,0,0,61,4875,MO,"SAINT LOUIS",63103
2022,"SAINT LOUIS UNIVERSITY",2,0,1,0,61,4872,MO,"ST LOUIS",63103
2022,"SAINT LUKE S HEALTH SYSTEM",1,0,9,0,62,7502,MO,"KANSAS CITY",64131
2022,"SAINT LUKES HEALTH SYSTEM",0,0,2,0,62,7502,MO,"KANSAS CITY",64131
2022,"SAITECH CORP",1,0,4,0,54,8861,MO,COLUMBIA,65203
2022,"SAMUEL U RODGERS HEALTH CENTER",0,0,1,0,62,9356,MO,"KANSAS CITY",64124
2022,"SANDBERG PHOENIX AND VON GONTARD PC",0,0,1,0,23,6987,MO,"SAINT LOUIS",63101
2022,"SATYA SOFT SOLUTIONS LLC",4,0,0,0,54,3639,MO,"JEFFERSON CITY",65109
2022,"SCHENCK PROCESS LLC",0,0,3,0,33,0430,MO,"KANSAS CITY",64153
2022,"SCHNUCK MARKETS INC D/B/A SCHNUCKS",0,0,1,0,44,6776,MO,"SAINT LOUIS",63146
2022,"SCHNUCK MARKETS, INC.",1,0,1,0,44,6776,MO,"SAINT LOUIS",63146
2022,"SCHOOL DISTRICT OF KANSAS CITY 33 D/B/A KANSAS CITY PUBLIC SCHOOLS",2,0,4,0,61,3108,MO,"KANSAS CITY",64109
2022,"SCROLL COMPRESSORS LLC",0,0,1,0,33,0443,MO,"SAINT LOUIS",63136
2022,"SEAFOOD CITY INC",1,0,0,0,44,1175,MO,"SAINT LOUIS",63130
2022,"SECURENET SYSTEMS CORPORATION",7,3,8,2,54,6318,MO,"SAINT LOUIS",63141
2022,"SENSIENT COLORS LLC",0,0,1,0,32,5700,MO,"SAINT LOUIS",63106
2022,"SENSORYEFFECTS INC",0,0,1,0,31,9635,MO,"MARYLAND HTS",63043
2022,"SENSORYEFFECTS INC",0,0,1,0,31,9635,MO,"MARYLAND HEIGHTS",63043
2022,"SERVICE MANAGEMENT GROUP",0,0,1,0,54,0102,MO,"KANSAS CITY",64108
2022,"SEVEN SEAS TECHNOLOGIES INC D B A",0,0,1,0,54,8118,MO,CHESTERFIELD,63005
2022,"SEVEN SEAS TECHNOLOGIES INC D B A S2TECH",2,0,4,0,54,8118,MO,CHESTERFIELD,63005
2022,"SEVEN SEASTECHNLOGIES INC D/B/A S2TECH",1,0,3,0,54,8118,MO,CHESTERFIELD,63005
2022,"SHOOK HARDY AND BACON LLP",1,0,0,0,54,5497,MO,"KANSAS CITY",64108
2022,"SIGMA IT CORP",1,0,0,0,54,7702,MO,"ST LOUIS",63131
2022,"SIGMA IT CORP",3,0,1,0,54,7702,MO,"SAINT LOUIS",63131
2022,"SIMPLEROSE INC",0,0,1,0,54,2983,MO,"SAINT LOUIS",63101
2022,"SIMPLEROSE INC",1,0,0,0,54,2983,MO,"ST LOUIS",63101
2022,"SKILL VOICE INC",1,0,1,0,54,3169,MO,"LEE S SUMMIT",64086
2022,"SKILL VOICE INC",13,0,10,0,54,3169,MO,"LEES SUMMIT",64086
2022,"SOGOTRADE INC",0,0,1,0,52,4507,MO,CHESTERFIELD,63005
2022,"SOHDENTAL LLC",1,0,0,0,62,7056,MO,CHESTERFIELD,63017
2022,"SOUTH INDEPENDENCE DENTAL LLC",1,0,0,0,62,9069,MO,INDEPENDENCE,64055
2022,"SOUTHEAST HOSPITAL D/B/A SOUTHEAST",0,0,2,0,62,4874,MO,"CAPE GIRARDEAU",63701
2022,"SOUTHEAST HOSPITAL D/B/A SOUTHEASTHEALTH",0,0,4,0,62,4874,MO,"CAPE GIRARDEAU",63701
2022,"SOUTHEAST MISSOURI STATE UNIVERSIT",0,0,2,0,61,3569,MO,"CAPE GIRARDEAU",63701
2022,"SOUTHEAST MISSOURI STATE UNIVERSITY",0,0,1,0,61,3569,MO,"CAPE GIRARDEAU",63780
2022,"SOUTHEAST MISSOURI STATE UNIVERSITY",4,0,2,0,61,3569,MO,"CAPE GIRARDEAU",63701
2022,"SOUTHWEST BAPTIST UNIVERSITY",1,0,0,0,92,7385,MO,BOLIVAR,65613
2022,"SOVEREIGN TECHNOLOGIES LLC",5,0,9,1,54,1806,MO,"SAINT LOUIS",63131
2022,"SPIRE INC",0,0,4,0,22,6504,MO,"SAINT LOUIS",63101
2022,"SPRING VENTURE GROUP",1,0,0,0,52,9960,MO,"KANSAS CITY",64105
2022,"SSM HEALTH BUSINESS D/B/A SSM HEALTH INTEGRATED HEALTH TECHNOLOGIES",1,0,0,0,54,3488,MO,"SAINT LOUIS",63117
2022,"SSM HEALTH CARE GROUP D/B/A SLUCARE PHYSICIAN GROUP",6,0,9,0,62,8603,MO,"CREVE COEUR",63141
2022,"SSM HEALTH CARE GROUP D/B/A SLUCARE PHYSICIAN GROUP",3,0,8,0,62,8603,MO,"SAINT LOUIS",63141
2022,"SSM HEALTH CARE ST LOUIS D/B/A SSM HEALTH ST MARY S HOSPITAL ST LOUIS",4,0,8,0,62,3281,MO,"SAINT LOUIS",63117
2022,"SSM HEALTH CARE ST LOUIS D/B/A SSM HEALTH ST MARY S HOSPITAL ST LOUIS",1,0,1,0,62,3281,MO,"ST LOUIS",63117
2022,"SSM HEALTH MEDICAL GROUP",0,0,2,0,62,3281,MO,"SAINT LOUIS",63117
2022,"SSM MEDICAL GROUP INC",0,0,1,0,62,4107,MO,"SAINT LOUIS",63132
2022,"ST LOUIS CHILDREN S HOSPITAL",0,0,3,0,62,4870,MO,"SAINT LOUIS",63110
2022,"ST LOUIS CHILDREN S HOSPITAL",0,0,1,0,62,4870,MO,"ST LOUIS",63110
2022,"ST LOUIS CHILDREN'S HOSPITAL",0,0,2,0,62,4870,MO,"SAINT LOUIS",63110
2022,"ST LOUIS KIDNEY LLC",0,0,1,0,62,5511,MO,"SAINT LOUIS",63141
2022,"ST LOUIS LANGUAGE IMMERSION SCHOOL",4,0,0,0,61,3274,MO,"SAINT LOUIS",63103
2022,"ST LOUIS LANGUAGE IMMERSION SCHOOLS INC",8,0,0,0,61,3274,MO,"SAINT LOUIS",63103
2022,"ST LOUIS PUBLIC LIBRARY",0,0,1,0,61,1325,MO,"SAINT LOUIS",63103
2022,"ST LUKE S HOSPITAL",5,0,5,0,62,2680,MO,CHESTERFIELD,63017
2022,"STAFFING RESOURCES LLC DBA FAST SE",1,0,0,0,56,6005,MO,"SAINT LOUIS",63127
2022,"STE GENEVIEVE COUNTY MEMORIAL HOSP",0,0,1,0,62,5730,MO,"SAINTE GENEVIEVE",63670
2022,"STE GENEVIEVE COUNTY MEMORIAL HOSPITAL",2,0,1,0,62,5730,MO,"SAINTE GENEVIEVE",63670
2022,"STEADYMD INC",0,0,1,0,62,0240,MO,"SAINT LOUIS",63108
2022,"STEADYMD INC",1,0,0,0,51,0240,MO,"SAINT LOUIS",63108
2022,"STEREOTAXIS INC",1,0,0,0,54,0386,MO,"SAINT LOUIS",63101
2022,"STIFEL FINANCIAL CORP",1,1,2,0,52,3600,MO,"SAINT LOUIS",63102
2022,"STL TRUCKERS LLC",1,0,0,0,48,9729,MO,"SAINT CHARLES",63301
2022,"STOCKELL INFORMATION SYSTEMS INC",1,0,0,0,54,9673,MO,CHESTERFIELD,63017
2022,"STONEX GROUP INC",1,0,0,0,52,1318,MO,"KANSAS CITY",64116
2022,"STOWERS INST",6,0,1,0,54,3509,MO,"KANSAS CITY",64110
2022,"STOWERS INSTITUTE",6,0,5,0,54,3509,MO,"KANSAS CITY",64110
2022,"STOWERS INSTITUTE FOR MEDICAL RESE",3,0,1,0,54,3509,MO,"KANSAS CITY",64110
2022,"STOWERS INSTITUTE FOR MEDICAL RESEARCH",14,0,7,0,54,3509,MO,"KANSAS CITY",64110
2022,"STRATEGIC IT EXPERTS INC",4,0,11,0,54,2289,MO,BALLWIN,63011
2022,"SUPER BRIGHT LEDS INC",1,0,0,0,45,1820,MO,"EARTH CITY",63045
2022,"SURDEX CORPORATION",1,0,0,0,99,0641,MO,CHESTERFIELD,63005
2022,"SWAPPA LLC",1,0,0,0,45,2014,MO,"KANSAS CITY",64116
2022,"SYSDATA CONSULTING, INC",1,0,0,0,54,6085,MO,"SAINT LOUIS",63117
2022,"SYSDATA CONSULTING, INC",1,0,0,0,54,6085,MO,"RICHMOND HEIGHTS",63117
2022,"TALIAFERRO & BROWNE INC",1,0,0,0,54,8891,MO,"KANSAS CITY",64106
2022,"TEAM61 LLC D/B/A CLAYTON FINANCIAL GRP LLC",1,0,0,0,52,9020,MO,"SAINT LOUIS",63105
2022,"TECHNOLOGY PARTNERS INC",2,0,10,0,54,0520,MO,CHESTERFIELD,63005
2022,"TEK GLOBAL, LLC",1,0,0,0,54,1912,MO,CHESTERFIELD,63005
2022,"TELCOBUY COM LLC",0,0,3,0,54,6014,MO,"SAINT LOUIS",63102
2022,"TELCOBUY COM LLC",0,0,1,0,54,6014,MO,"SAINT LOUIS",63146
2022,"TELCOBUY COM LLC",1,0,0,0,54,6014,MO,"ST LOUIS",63043
2022,"TELCOBUY.COM LLC",0,0,2,0,54,6014,MO,"SAINT LOUIS",63102
2022,"TETRASOFT INC",6,0,13,0,54,0799,MO,CHESTERFIELD,63017
2022,"TEXAS COUNTY MEMORIAL HOSPITAL",0,0,1,0,62,7928,MO,HOUSTON,65483
2022,"THE BOEING COMPANY",2,0,1,0,33,5694,MO,HAZELWOOD,63166
2022,"THE BOEING COMPANY",1,0,3,0,33,5694,MO,"SAINT LOUIS",63166
2022,"THE CHILDREN S MERCY HOSPITAL",0,0,1,0,62,5373,MO,"KANSAS CITY",64108
2022,"THE CHILDREN S MERCY HOSPITAL",3,0,20,0,62,5373,MO,"KANSAS CITY",64108
2022,"THE COMMUNITY WELLNESS PROJECT",1,0,0,0,62,1448,MO,"SAINT LOUIS",63101
2022,"THE CONTEXT NETWORK",0,0,1,0,54,7569,MO,"SAINT LOUIS",63141
2022,"THE CURATORS OF THE UNIV OF MISSOU",2,0,10,0,61,3859,MO,COLUMBIA,65212
2022,"THE CURATORS OF THE UNIV OF MISSOU",3,1,3,0,61,3859,MO,"KANSAS CITY",64110
2022,"THE CURATORS OF THE UNIV OF MISSOU",3,1,1,0,61,3859,MO,ROLLA,65409
2022,"THE CURATORS OF THE UNIV OF MISSOU",2,0,3,0,61,3859,MO,"SAINT LOUIS",63121
2022,"THE CURATORS OF THE UNIV OF MISSOU",19,0,15,1,61,3859,MO,COLUMBIA,65211
2022,"THE CURATORS OF THE UNIV OF MO",0,0,1,0,61,7067,MO,"SAINT LOUIS",63121
2022,"THE CURATORS OF THE UNIVERSITY OF",0,0,1,0,61,3859,MO,"SAINT LOUIS",63121
2022,"THE CURATORS OF THE UNIVERSITY OF MISSOURI",10,1,9,0,61,3859,MO,"KANSAS CITY",64110
2022,"THE CURATORS OF THE UNIVERSITY OF MISSOURI",7,1,5,0,61,3859,MO,ROLLA,65409
2022,"THE CURATORS OF THE UNIVERSITY OF MISSOURI",2,0,0,0,61,3859,MO,COLUMBIA,65201
2022,"THE CURATORS OF THE UNIVERSITY OF MISSOURI",2,0,5,0,61,3859,MO,"SAINT LOUIS",63121
2022,"THE CURATORS OF THE UNIVERSITY OF MISSOURI",48,0,38,2,61,3859,MO,COLUMBIA,65211
2022,"THE CURATORS OF THE UNIVERSITY OF MISSOURI",13,0,13,0,61,3859,MO,COLUMBIA,65212
2022,"THE FEDERAL RESERVE BANK OF ST LOU",0,0,2,0,52,8373,MO,"SAINT LOUIS",63106
2022,"THE FEDERAL RESERVE BANK OF ST LOUIS",1,0,2,1,52,8373,MO,"SAINT LOUIS",63106
2022,"THE FIBERSMITH COMPANY",1,0,2,0,51,6928,MO,COLUMBIA,65202
2022,"THE GUND COMPANY INC",0,0,2,0,33,1426,MO,"SAINT LOUIS",63114
2022,"THE MCCLURE CORPORATION D B A MCCLURE ENGINEERING",0,0,1,0,54,8782,MO,"SAINT LOUIS",63102
2022,"THE PRINCIPIA CORP",1,0,1,0,61,2667,MO,"SAINT LOUIS",63131
2022,"THE PRINCIPIA CORPORATION",3,0,1,0,61,2667,MO,"SAINT LOUIS",63131
2022,"THE TREMENDOUSNESS COLLECTIVE",1,0,0,0,54,8830,MO,"SAINT LOUIS",63108
2022,"TIERPOINT LLC",0,0,1,0,51,6624,MO,"SAINT LOUIS",63131
2022,"TRANSYSTEMS CORPORATION",1,0,4,0,54,9725,MO,"KANSAS CITY",64108
2022,"TREKK DESIGN GROUP LLC",1,0,0,0,54,3275,MO,"KANSAS CITY",64131
2022,"TRIPLEBLIND INC",1,0,0,0,51,0236,MO,"KANSAS CITY",64105
2022,"TRIPP UMBACH INC",1,0,0,0,54,3128,MO,"KANSAS CITY",64112
2022,"TRIVERS ASSOCIATES INC",1,0,0,0,54,3349,MO,"SAINT LOUIS",63102
2022,"TRUMAN MEDICAL CENTER INC",11,1,0,0,62,1018,MO,"KANSAS CITY",64108
2022,"TRUMAN STATE UNIVERSITY",3,0,3,0,61,5833,MO,KIRKSVILLE,63501
2022,"UHY ADVISORS MO INC",0,0,1,0,54,5800,MO,"SAINT LOUIS",63143
2022,"UMB BANK NA",14,0,13,0,52,4180,MO,"KANSAS CITY",64106
2022,"UNGERBOECK SYSTEMS INTERNATIONAL I",1,0,0,0,99,2405,MO,"O FALLON",63368
2022,"UNIFIED DEVELOPMENT INC",0,0,4,0,54,5849,MO,CHESTERFIELD,63005
2022,"UNIGROUP C A",0,0,6,0,54,1790,MO,FENTON,63026
2022,"UNIGROUP CA",0,0,4,0,54,1790,MO,FENTON,63026
2022,"UNIKPROS INC",3,0,1,0,54,3787,MO,"SAINT LOUIS",63146
2022,"UNIKPROS INC",8,0,0,0,54,3787,MO,"MARYLAND HEIGHTS",63043
2022,"UNILEVER MANUFACTURING US INC",0,0,1,0,33,7394,MO,"JEFFERSON CITY",65109
2022,"UNITED FRUIT & PRODUCE CO",1,0,0,0,42,3810,MO,"SAINT LOUIS",63102
2022,"UNITED POLY SYSTEMS LLC",1,0,0,0,33,9962,MO,SPRINGFIELD,65803
2022,"UNIVERSITY HEALTH PHYSICIANS F/K/A UNIVERSITY PHYSICIAN ASSOCIATES",1,0,3,0,62,9163,MO,"KANSAS CITY",64108
2022,"UNIVERSITY OF CENTRAL MISSOURI",6,1,4,0,61,0293,MO,WARRENSBURG,64093
2022,"UNIVERSITY OF HEALTH SCIENCES AND PHARMACY IN ST LOUIS",1,0,0,0,99,2675,MO,"SAINT LOUIS",63110
2022,"VA SAINT LOUIS HEALTH CARE SYSTEM",0,0,1,0,62,7806,MO,"SAINT LOUIS",63106
2022,"VA SAINT LOUIS HEALTH CARE SYSTEM",0,0,1,0,62,7806,MO,"SAINT LOUIS",63125
2022,"VALOREM LLC DBA VALOREM REPLY",1,0,6,0,54,0305,MO,"KANSAS CITY",64108
2022,"VALOREM REPLY LLC",0,0,2,0,54,0305,MO,"KANSAS CITY",64108
2022,"VANTAGELINKS LLC",0,0,1,0,54,5012,MO,"SAINT LOUIS",63146
2022,"VETERANS UNITED HOME LOANS",6,0,5,0,52,5151,MO,COLUMBIA,65203
2022,"VETERANS UNITED HOMES LOANS",1,0,1,0,52,5151,MO,COLUMBIA,65203
2022,"VINTECH SOLUTIONS INC",8,1,3,0,54,1479,MO,OLIVETTE,63132
2022,"VINTECH SOLUTIONS INC",1,0,13,3,54,1479,MO,"SAINT LOUIS",63132
2022,"VIRAL SHIELD LLC",1,0,0,0,42,3046,MO,"SAINT CHARLES",63301
2022,"VISITING NURSE ASSOCIATION OF GREATER ST LOUIS VNA",1,0,0,0,62,7000,MO,"SAINT LOUIS",63146
2022,"VITESSE GROUP INC",12,1,14,0,54,7973,MO,CHESTERFIELD,63017
2022,"VIZVA TECH SOLUTIONS LLC",1,0,16,1,54,2283,MO,CHESTERFIELD,63005
2022,"VML LLC",0,0,4,0,54,8412,MO,"KANSAS CITY",64116
2022,"VOLT SYSTEMS LLC",0,0,1,0,54,0052,MO,"SAINT LOUIS",63131
2022,"VUBIQUITY INC",0,0,1,0,54,1316,MO,"SAINT LOUIS",63141
2022,"WADHWANI INSTITUTE OF ARTIFICIAL INTELLIGENCE FOUNDATION",0,0,0,1,81,6250,MO,DOVER,64022
2022,"WASHINGTON UNIVERSITY IN ST LOUIS",127,2,106,5,61,3611,MO,"SAINT LOUIS",63130
2022,"WASHINGTON UNIVERSITY IN ST LOUIS",9,0,7,0,61,3611,MO,"ST LOUIS",63130
2022,"WATEREQUITY INC",0,0,1,0,52,9426,MO,"KANSAS CITY",64108
2022,"WEBSTER UNIVERSITY",1,0,0,0,61,2529,MO,"SAINT LOUIS",63119
2022,"WENOVA INC",0,0,5,0,54,7527,MO,"SAINT LOUIS",63146
2022,"WESTBOROUGH COUNTRY CLUB",0,1,0,0,71,1050,MO,"SAINT LOUIS",63122
2022,"WESTERN FORMS INC",0,0,1,0,33,6366,MO,"KANSAS CITY",64120
2022,"WESTERN MISSOURI MEDICAL CENTER",5,0,1,0,62,5266,MO,WARRENSBURG,64093
2022,"WESTERN MISSOURI MEDICAL CTR",2,0,0,0,62,5266,MO,WARRENSBURG,64093
2022,"WESTMINSTER COLLEGE",0,0,1,0,61,2617,MO,FULTON,65251
2022,"WHITEBRIDGE PET BRANDS LLC",2,0,0,0,31,4827,MO,"CREVE COEUR",63141
2022,"WIZTECH INC",1,0,0,0,54,1038,MO,CHESTERFIELD,63005
2022,"WORLD WIDE TECHNOLOGY HOLDING CO L",1,0,4,0,54,1900,MO,"SAINT LOUIS",63102
2022,"WORLD WIDE TECHNOLOGY HOLDING CO L",2,0,8,0,54,1900,MO,"SAINT LOUIS",63146
2022,"WORLD WIDE TECHNOLOGY HOLDING COMPANY LLC",5,0,18,0,54,1900,MO,"SAINT LOUIS",63146
2022,"WORLD WIDE TECHNOLOGY HOLDING COMPANY LLC",1,0,0,0,54,1900,MO,"ST LOUIS",63102
2022,"WORLD WIDE TECHNOLOGY HOLDING COMPANY LLC",1,0,0,0,54,1900,MO,"MARYLAND HEIGHTS",63146
2022,"WORLD WIDE TECHNOLOGY HOLDING COMPANY LLC",6,0,12,0,54,1900,MO,"SAINT LOUIS",63102
2022,"WUGEN INC",0,0,1,0,54,1792,MO,"SAINT LOUIS",63110
2022,"YA EMPLOYEE SERVICES LLC",0,0,1,0,56,0812,MO,"SAINT LOUIS",63123
2022,"ZETTA DATA SYSTEMS LLC",0,0,1,0,54,3618,MO,"SAINT LOUIS",63119
2022,"ZETTALOGIX INC",1,0,0,0,54,2090,MO,"KANSAS CITY",64114
2022,"ZFZ FOOD LLC",1,0,0,0,81,7141,MO,"SAINT LOUIS",63130
2022,"ZVST CLOUD TECHNOLOGIES INC",0,0,1,0,54,1881,MO,MANCHESTER,63021
