"Fiscal Year",Employer,"Initial Approval","Initial Denial","Continuing Approval","Continuing Denial",NAICS,"Tax ID",State,City,ZIP
2022,"21MEDTECH LLC",0,0,1,0,33,2105,NC,DURHAM,27703
2022,"21MEDTECH LLC D/B/A VIAMER BIOSCIENCES",0,0,1,0,32,2105,NC,DURHAM,27703
2022,"21MEDTECH LLC D/B/A VIAMER BIOSCIENCES",0,0,1,0,33,2105,NC,DURHAM,27703
2022,"3 DOTS IT SOLUTIONS LLC",0,0,0,1,54,2293,NC,CARY,27519
2022,"3ITEK LLC",2,0,3,0,54,3782,NC,CHARLOTTE,28262
2022,"9M SOLUTIONS INC",5,0,6,0,54,4057,NC,CHARLOTTE,28217
2022,"A I ARTIST STUDIO INC",1,0,0,0,61,7041,NC,MATTHEWS,28105
2022,"AADHYA INFOTECH LLC",7,0,0,0,54,9089,NC,CHARLOTTE,28262
2022,"ABB E-MOBILITY INC",2,0,3,0,33,8240,NC,CARY,27511
2022,"ABB ENTERPRISE SOFTWARE INC DBA HI",0,0,6,0,22,3443,NC,RALEIGH,27606
2022,"ABB INC",16,0,36,1,33,0018,NC,CARY,27511
2022,"ACADEMIC ANALYTICS, LLC",1,0,0,0,54,9138,NC,CHARLOTTE,28277
2022,"ACCENTUATE STAFFING INC",0,0,1,0,56,1632,NC,RALEIGH,27612
2022,"ACCRUE SELECT INC",1,0,0,0,54,8097,NC,CARY,27519
2022,"ACCUPATH DIAGNOSTIC LABORATORIES I",0,0,1,0,62,1972,NC,BURLINGTON,27215
2022,"ACCUPATH DIAGNOSTIC LABORATORIES INC A LABCORP SUBSIDIARY",0,0,2,0,62,1972,NC,BURLINGTON,27215
2022,"ACOUSTICAL CONSULTANTS INC DBA STEWART ACOUSTICAL CONSULTANTS",1,0,0,0,54,2012,NC,RALEIGH,27607
2022,"ACR TECHNOLOGY LLC",1,0,0,0,54,5664,NC,CARY,27518
2022,"ACR TECHNOLOGY LLC",3,0,3,0,54,8664,NC,CARY,27518
2022,"ACURIAN INC",0,0,2,0,99,7455,NC,WILMINGTON,28401
2022,"ADDEPTO IT SOLUTIONS LLC",15,6,15,4,54,9649,NC,CHARLOTTE,28262
2022,"ADVANCE AUTO BUSINESS SUPPORT LLC",1,0,1,0,44,9361,NC,RALEIGH,27609
2022,"ADVANCE STORES COMPANY INC",0,0,1,0,44,8110,NC,RALEIGH,27609
2022,"ADVANTAGE HEALTHCARE SOLUTIONS INC",1,0,0,0,54,2507,NC,CHARLOTTE,28277
2022,"AFFINITY ENERGY LLC",0,0,1,0,54,2266,NC,CHARLOTTE,28269
2022,"AFFORDABLE CARE LLC",0,0,1,0,62,5559,NC,MORRISVILLE,27560
2022,"AFFORDABLE DENTURES & IMPLANTS - K",0,0,1,0,62,1154,NC,MORRISVILLE,27560
2022,"AFFORDABLE DENTURES & IMPLANTS OF",0,0,1,0,62,4068,NC,MORRISVILLE,27560
2022,"AFYA GROUP LLC",1,0,0,0,44,4751,NC,CHARLOTTE,28270
2022,"AGDATA LP",0,0,4,0,51,2692,NC,CHARLOTTE,28211
2022,"AGERPOINT INC",0,0,1,0,54,2911,NC,DURHAM,27709
2022,"AHOLD DELHAIZE USA CORPORATE SUPPORT LLC",0,0,1,0,56,8840,NC,SALISBURY,28147
2022,"AJINOMOTO HEALTH & NUTRITION NORTH AMERICA INC",0,0,1,0,32,9265,NC,RALEIGH,27610
2022,"AKRAM & ASSOCIATES PLLC",1,0,0,0,54,8673,NC,CARY,27513
2022,"ALAN GODEL & JUSTIN P HANNON DDS PA",0,0,1,0,62,5441,NC,MONROE,28110
2022,"ALBEMARLE CORPORATION",0,0,1,0,99,2118,NC,CHARLOTTE,28209
2022,"ALBEMARLE CORPORATION",3,0,1,0,42,2118,NC,CHARLOTTE,28209
2022,"ALCAMI CAROLINAS CORPORATION",0,0,2,0,32,6024,NC,WILMINGTON,28405
2022,"ALDERSOL HOLDINGS LLC DBA STAY ONL",0,0,1,0,33,9739,NC,HENDERSON,27537
2022,"ALLBRIDGE LLC",1,0,0,0,51,6712,NC,RALEIGH,27616
2022,"ALLCARE PLUS PHARMACY INC",0,0,0,1,32,3469,NC,DURHAM,27703
2022,"ALLIANCE ARCHITECTURE PC",0,0,1,0,54,9137,NC,DURHAM,27701
2022,"ALLIANCE INNO SOLUTIONS FOUNDATION",0,1,0,0,54,4733,NC,KNIGHTDALE,27545
2022,"ALLSCRIPTS HEALTHCARE LLC",1,0,26,0,54,6083,NC,RALEIGH,27609
2022,"ALLSCRIPTS MANAGED SERVICES LLC",0,0,10,0,54,7232,NC,RALEIGH,27609
2022,"ALLY BANK",0,0,1,0,52,1796,NC,CHARLOTTE,28202
2022,"ALPHA ACADEMY",8,0,4,0,61,0096,NC,FAYETTEVILLE,28304
2022,"ALPHIND SOFTWARE SOLUTIONS INC",1,0,0,0,54,2902,NC,CHARLOTTE,28262
2022,"ALTEN TECHNOLOGY USA INC",15,0,4,0,54,6038,NC,GREENSBORO,27409
2022,"ALTEN TECHNOLOGY USA INC",1,0,0,0,51,6038,NC,GREENSBORO,27409
2022,"AMERICAN LANGUAGE ACADEMY",0,0,1,0,61,7860,NC,GREENSBORO,27407
2022,"AMERICAN RENAISSANCE SCHOOL INC",1,0,0,0,61,3711,NC,STATESVILLE,28677
2022,"AMERICAN TIRE DISTRIBUTORS INC",0,0,13,0,42,4594,NC,HUNTERSVILLE,28078
2022,"AMERICAN TIRE DISTRIBUTORS INC",0,0,2,0,42,3406,NC,HUNTERSVILLE,28078
2022,"AMK AUTO PARTS SALES & SERVICE INC",1,0,0,0,54,4186,NC,LEXINGTON,27295
2022,"AMKO SOFTWARE SOLUTIONS INC",0,0,2,0,54,0761,NC,CHARLOTTE,28213
2022,"AMP SOLUTIONS LLC",36,0,2,0,54,3998,NC,CHARLOTTE,28262
2022,"AMPHENOL ANTENNA SOLUTIONS, INC.",1,0,0,0,23,5650,NC,CONOVER,28613
2022,"ANDRITZ FABRICS AND ROLLS INC",0,0,1,0,54,8674,NC,YOUNGSVILLE,27596
2022,"AP & COMPANY LLC",0,1,0,0,44,0295,NC,MORRISVILLE,27560
2022,"APEX ANALYTIX LLC",2,0,11,0,54,9998,NC,GREENSBORO,27410
2022,"APEX ANIMAL CARE PLLC DBA BEST CAR",0,1,0,0,54,1067,NC,MATTHEWS,28105
2022,"APEX SEMICONDUCTORS USA CO LTD",0,0,1,0,54,8167,NC,SANFORD,27331
2022,"APEX SEMICONDUCTORS USA CO LTD",0,0,1,0,99,8167,NC,SANFORD,27331
2022,"APEX SEMICONDUCTORS USA CO LTD",0,0,1,0,54,8167,NC,SANFORD,27332
2022,"APM TERMINALS NORTH AMERICA INC",1,0,0,0,48,1729,NC,CHARLOTTE,28273
2022,"APOGEE CONSULTING GROUP P A",1,0,0,0,54,4170,NC,CARY,27511
2022,"APPALACHIAN STATE UNIVERSITY",12,0,4,0,61,6030,NC,BOONE,28608
2022,"APPATURE INC",0,0,1,0,32,1477,NC,DURHAM,27703
2022,"ARCH US MI SERVICES INC",0,0,17,0,52,0257,NC,GREENSBORO,27401
2022,"ARCHANGELS TRANSIT INC",1,0,0,0,48,8131,NC,GREENSBORO,27409
2022,"ARCHE GROUP INC",1,0,2,0,54,2595,NC,MOORESVILLE,28115
2022,"ARCHIVESOCIAL INC",0,0,1,0,54,4733,NC,DURHAM,27701
2022,"ARCLIGHT WIRELESS INC",1,0,1,0,54,8042,NC,DURHAM,27709
2022,"ARDOR IT SOLUTIONS INC",9,0,29,3,54,2951,NC,CHARLOTTE,28262
2022,"ARDOR IT SYSTEMS LLC",7,0,12,0,54,5025,NC,CHARLOTTE,28262
2022,"ARDORITSOLUTIONS INC",2,0,4,1,54,2951,NC,CHARLOTTE,28262
2022,"ARJOBEX AMERICA INC",0,0,1,0,32,6046,NC,CHARLOTTE,28273
2022,"ARKATEK INC",0,1,0,0,54,9719,NC,CONCORD,28027
2022,"ARMC PHYSICIANS CARE INC DBA CRISS",1,0,0,0,62,5382,NC,GRAHAM,27253
2022,"ARRIVAL AUTOMOTIVE USA INC",0,0,1,0,99,4143,NC,CHARLOTTE,28203
2022,"ARRIVAL USA INC",0,0,2,0,33,4463,NC,CHARLOTTE,28203
2022,"ARROW INTERNATIONAL LLC",0,0,1,0,33,9991,NC,MORRISVILLE,27560
2022,"ARROW INTERNATIONAL LLC FORMERLY ARROW INTERNATIONAL INC",0,0,1,0,33,9991,NC,MORRISVILLE,27560
2022,"ARROWLYTICS LLC",0,0,1,0,52,5894,NC,RALEIGH,27609
2022,"ASENSUS SURGICAL US INC",1,0,2,0,33,2117,NC,DURHAM,27703
2022,"ASHE COUNTY BOARD OF EDUCATION",1,0,0,0,61,0988,NC,JEFFERSON,28640
2022,"ASHEBORO ELASTICS CORP D/B/A AEC NARROW FABRICS",1,0,0,0,31,3050,NC,ASHEBORO,27203
2022,"ASHEVILLE CITY SCHOOLS",0,0,2,0,61,1809,NC,ASHEVILLE,28801
2022,"ASHEVILLE PEAK ACADEMY",0,0,1,0,61,2064,NC,ASHEVILLE,28806
2022,"ASKLEPIOS BIOPHARMACEUTICAL INC",0,0,5,0,32,7834,NC,DURHAM,27709
2022,"ASSA ABLOY ENTRANCE SYSTEMS US INC",1,0,0,0,33,1379,NC,MONROE,28110
2022,"ATEB INC",0,0,1,0,33,8465,NC,RALEIGH,27614
2022,"ATLANTIC MEDICAL MANAGEMENT LLC",0,0,1,0,54,4467,NC,JACKSONVILLE,28546
2022,"ATOM POWER INC",0,0,1,0,54,5644,NC,HUNTERSVILLE,28078
2022,"ATRIUM WINDOWS AND DOORS INC",0,0,1,0,42,2488,NC,HIGHFALLS,27259
2022,"ATTENDS HEALTHCARE PRODUCTS INC",0,0,1,0,32,0071,NC,RALEIGH,27617
2022,"AUTO APR LLC",0,0,1,0,54,9612,NC,CHARLOTTE,28217
2022,"AUTO CLUB SERVICES INC",0,0,1,0,52,0446,NC,CHARLOTTE,28212
2022,"AVAST SOFTWARE INC",1,0,0,0,54,9103,NC,CHARLOTTE,28269
2022,"AVERISTAR CONSULTING LLC",0,0,1,0,54,3679,NC,CHARLOTTE,28277
2022,"AVERNA TEST SYSTEMS INC",1,0,1,0,54,2609,NC,CHARLOTTE,28217
2022,"AVID SOLUTIONS INC",0,0,1,0,54,6712,NC,"WINSTON SALEM",27107
2022,"AVIDXCHANGE INC",0,0,6,0,33,3588,NC,CHARLOTTE,28206
2022,"AVIDXCHANGE INC",0,0,7,0,51,3588,NC,CHARLOTTE,28206
2022,"AVIDXCHANGE INC",0,0,22,0,54,3588,NC,CHARLOTTE,28206
2022,"AVS 2020 INC DBA CAROLINA BLUE PHARMACY",1,0,0,0,44,7197,NC,"CHAPEL HILL",27517
2022,"AVSIGHT AVIATION SOFTWARE",0,0,1,0,51,0848,NC,BOONE,28607
2022,"BADGER SPORTSWEAR LLC",0,0,1,0,31,2548,NC,STATESVILLE,28625
2022,"BAEBIES INC",0,0,1,0,54,2298,NC,DURHAM,27709
2022,"BAEBIES INC",0,0,1,0,99,2298,NC,DURHAM,27709
2022,"BAEBIES INC",0,0,1,0,54,2298,NC,DURHAM,27703
2022,"BAKER AND TAYLOR LLC",0,0,2,0,45,9974,NC,CHARLOTTE,28217
2022,"BAKER AND TAYLOR LLC",0,0,4,0,45,9974,NC,CHARLOTTE,28217
2022,"BAKER INTERIORS FURNITURE COMPANY",0,0,1,0,44,6217,NC,"CONNELLYS SPRINGS",28612
2022,"BANDWIDTH INC",0,0,13,0,51,2657,NC,RALEIGH,27606
2022,"BANK OF AMERICA  N.A.",1,0,0,0,52,,NC,CHARLOTTE,28255
2022,"BANK OF AMERICA CORPORATION",0,0,3,0,52,6609,NC,CHARLOTTE,28255
2022,"BANK OF AMERICA NA",59,1,630,5,52,7665,NC,CHARLOTTE,28255
2022,"BARINGS LLC",2,0,7,0,52,4477,NC,CHARLOTTE,28202
2022,"BASELINE CONSTRUCTION INC",1,0,0,0,54,9046,NC,PINEHURST,28374
2022,"BATTERYXCHANGE INC",1,0,0,0,54,6202,NC,CHARLOTTE,28204
2022,"BAYADA HOME HEALTH CARE INC",0,0,2,0,62,3113,NC,"WINSTON SALEM",27103
2022,"BB & M ARCHITECTURE PLLC",2,0,0,0,54,3230,NC,CHARLOTTE,28208
2022,"BEETLEAI SOLUTIONS LLC",4,0,0,0,54,3099,NC,APEX,27539
2022,"BELK INC",0,0,28,0,45,8574,NC,CHARLOTTE,28217
2022,"BELK INC",0,0,4,0,99,8574,NC,CHARLOTTE,28217
2022,"BERTIE COUNTY SCHOOLS",3,0,3,0,61,0110,NC,WINDSOR,27983
2022,"BEVERAGE-AIR CORPORATION",0,0,1,0,23,3881,NC,"WINSTON SALEM",27105
2022,"BHARAT FORGE ALUMINUM USA INC",0,0,2,0,33,5014,NC,SANFORD,27330
2022,"BINARY LOGIX INC",1,0,0,0,54,2070,NC,MOORESVILLE,28115
2022,"BIOAGILYTIX LABS LLC",2,0,8,0,54,5593,NC,DURHAM,27713
2022,"BIOCRYST PHARMACEUTICALS INC",0,0,1,0,99,3174,NC,DURHAM,27703
2022,"BIOMASON INC",1,0,0,0,54,5803,NC,DURHAM,27709
2022,"BIOMEDOMICS INC",0,0,1,0,62,5824,NC,MORRISVILLE,27560
2022,"BIOMERIEUX INC",1,0,4,0,33,9770,NC,DURHAM,27712
2022,"BIOMILQ INC",1,0,0,0,54,6474,NC,DURHAM,27709
2022,"BIORESOURCE INTERNATIONAL INC",1,0,0,0,54,9087,NC,DURHAM,27703
2022,"BIOSKRYB INC",1,0,0,0,99,4526,NC,DURHAM,27713
2022,"BIOVENTUS LLC",0,0,1,0,33,5628,NC,DURHAM,27703
2022,"BIRGHTREE HOME HEALTH & HOSPICE LLC",0,0,1,0,54,0365,NC,MORRISVILLE,27560
2022,"BIZ TECHNOLOGY SOLUTIONS INC",1,0,0,0,54,9795,NC,MOORESVILLE,28117
2022,"BIZDIAL LLC",0,1,0,0,54,8854,NC,KERNERSVILLE,27284
2022,"BLADEN COUNTY SCHOOLS",0,0,1,0,61,0992,NC,ELIZABETHTOWN,28337
2022,"BLOQ INC",1,0,1,0,54,7046,NC,"WINSTON SALEM",27101
2022,"BLUE ACORN ICI INC",1,0,4,0,54,6461,NC,RALEIGH,27607
2022,"BLUE CROSS AND BLUE SHIELD OF NORTH CAROLINA",0,0,5,0,52,4904,NC,DURHAM,27707
2022,"BLUE RIDGE HEALTHCARE MED GRP INC",0,0,1,0,62,7195,NC,MORGANTON,28655
2022,"BLUE RIDGE HEALTHCARE MEDICAL GROUP INC",0,0,2,0,62,7195,NC,MORGANTON,28655
2022,"BLUEALLY TECHNOLOGY SOLUTIONS LLC DBA BLUEALLY LLC SOLE MBR",1,0,0,0,54,6155,NC,CARY,27518
2022,"BOBBITT CONSTRUCTION INC",1,0,0,0,23,1407,NC,RALEIGH,27607
2022,"BOFA SECURITIES INC",91,0,175,1,52,1463,NC,CHARLOTTE,28255
2022,"BONITZ INC",0,0,2,0,23,5835,NC,CONCORD,28027
2022,"BOOTH AND ASSOCIATES LLC",0,0,1,0,51,7587,NC,RALEIGH,27612
2022,"BORGWARNER TURBO SYSTEMS LLC",0,1,0,0,99,4399,NC,ARDEN,28704
2022,"BRIDGESTONE AIRCRAFT TIRE USA INC",1,0,1,0,32,5133,NC,MAYODAN,27027
2022,"BRIDGETREE LLC",0,0,1,0,54,2518,NC,MOORESVILLE,28115
2022,"BRIGHTHOUSE SERVICES LLC",0,0,2,0,52,4008,NC,CHARLOTTE,28277
2022,"BRIJ IMAGE AND INFORMATION INC",1,0,0,0,54,2818,NC,GREENSBORO,27408
2022,"BRIMMA TECH INC",0,0,1,0,54,1758,NC,"WAKE FOREST",27587
2022,"BROAD RIVER REHABILITATION LLC",0,0,3,1,62,2617,NC,ARDEN,28704
2022,"BRUMASOFT LLC",0,0,2,0,54,8115,NC,CHARLOTTE,28273
2022,"C R ONSRUD INC",1,0,0,0,42,3184,NC,TROUTMAN,28166
2022,"CAMBREX HIGH POINT INC",0,0,1,0,32,8510,NC,"HIGH POINT",27265
2022,"CAMBRIDGE PHARMA CONSULTANCY INC",1,0,0,0,32,1722,NC,DURHAM,27703
2022,"CAPE FEAR CARDIOLOGY ASSO P A",0,0,1,0,62,4383,NC,FAYETTEVILLE,28304
2022,"CAPE FEAR CARDIOLOGY ASSOCIATES P A",1,0,1,0,62,4383,NC,FAYETTEVILLE,28304
2022,"CAPFINANCIAL PARTNERS LLC D/B/A CA",0,0,1,0,52,8143,NC,RALEIGH,27609
2022,"CAPTIVE-AIRE SYSTEMS INC",0,0,4,0,33,0971,NC,RALEIGH,27616
2022,"CARDINAL CONCRETE CORPORATION",1,0,0,0,23,7893,NC,MIDLAND,28107
2022,"CARDINAL GOBBONS HIGH SCHOOL",1,0,1,0,61,6755,NC,RALEIGH,27607
2022,"CARGO LOGISTICS NETWORK COMPANY",1,0,0,0,54,8067,NC,CHARLOTTE,28273
2022,"CAROLINA COMMONENTERPRISE",1,0,0,0,92,8407,NC,DURHAM,27709
2022,"CAROLINA CUMBERLAND OPERATOR",1,0,0,0,62,4888,NC,FAYETTEVILLE,28306
2022,"CAROLINA FC LLC",0,0,1,0,71,7558,NC,RALEIGH,27606
2022,"CAROLINA FINANCIAL GROUP LLC",0,0,1,0,52,4125,NC,BREVARD,28712
2022,"CAROLINA IT PROFESSIONALS INC",0,0,1,0,54,8013,NC,"MOUNT HOLLY",28120
2022,"CAROLINA NEUROSURGERY SPINE ASSOCIATES PA",1,0,0,0,62,3485,NC,CHARLOTTE,28204
2022,"CAROLINA UNIV DBA PIEDMONT INTL UN",1,0,0,0,61,4591,NC,"WINSTON SALEM",27101
2022,"CAROLINA UNIVERSITY D B A PIEDMONT INTERNATIONAL UNIVERSITY",3,0,0,0,61,4591,NC,"WINSTON SALEM",27101
2022,"CAROLINA UNIVERSITY DBA PIEDMONT INTERNATIONAL UNIVERSITY",4,0,0,0,61,4591,NC,"WINSTON SALEM",27101
2022,"CAROLINAS FERTILITY INSTITUTE PA",0,0,1,0,62,8607,NC,"WINSTON SALEM",27103
2022,"CAROLINAS PHYSICIANS NETWORK INC D",3,0,5,1,62,7838,NC,CHARLOTTE,28208
2022,"CAROLINAS PHYSICIANS NETWORK INC D/B/A ARTIUM HEALTH MEDICAL GROUP",0,0,1,0,62,7838,NC,CHARLOTTE,28208
2022,"CAROLINAS PHYSICIANS NETWORK INC D/B/A ATRIUM HEALTH MEDICAL GROUP",3,0,12,1,62,7838,NC,CHARLOTTE,28208
2022,"CAROTEK INC",0,0,1,0,42,2853,NC,MATTHEWS,28105
2022,"CARTER G WOODSON SCHOOL INC",3,0,2,0,61,7649,NC,"WINSTON SALEM",27127
2022,"CARY ANIMAL CARE PLLC DBA CAPITAL",0,0,1,0,54,5889,NC,RALEIGH,27616
2022,"CATALYST CLINICAL RESEARCH LLC",1,0,0,0,54,7481,NC,WILMINGTON,28412
2022,CATO-SMS,0,0,1,0,32,8539,NC,CARY,27513
2022,"CELGARD LLC",0,0,3,0,33,9137,NC,CHARLOTTE,28273
2022,"CELGARD LLC",0,0,1,0,32,9137,NC,CHARLOTTE,28273
2022,"CELORIS TECH LLC",10,1,6,3,54,6052,NC,CHARLOTTE,28262
2022,"CENTER FOR CREATIVE LEADERSHIP",1,0,1,0,54,9591,NC,GREENSBORO,27410
2022,"CENTER FOR INTERNATIONAL EDUCATION INC D B A PARTICIPATE LEARNING",0,0,1,0,61,0475,NC,"CHAPEL HILL",27514
2022,"CENTRAL CAROLINA PRODUCTS INC",0,0,1,0,33,8771,NC,BURLINGTON,27217
2022,"CENTRAL PARK SCHOOL FOR CHILDREN",0,0,3,0,61,6336,NC,DURHAM,27701
2022,"CENTURY FURNITURE",0,0,1,0,44,1008,NC,HICKORY,28601
2022,"CESTA INC",12,0,0,0,54,2092,NC,CARY,27513
2022,"CHANNELADVISOR CORPORATION",0,0,1,0,51,7867,NC,MORRISVILLE,27560
2022,"CHARLOTTE EDUCATION FOUNDATION DBA QUEEN CITY STEM SCHOOL",2,0,0,0,61,9471,NC,CHARLOTTE,28262
2022,"CHARLOTTE MECKLENBURG SCHOOLS",12,1,3,0,61,1074,NC,CHARLOTTE,28217
2022,"CHATSWORTH PRODUCTS INC",0,0,1,0,33,7760,NC,"NEW BERN",28562
2022,"CHERRY BEKAERT ADVISORY LLC",0,0,1,0,54,0877,NC,RALEIGH,27612
2022,"CHERUKURI V DDS PLLC DBA HARRISBURG SMILES",0,0,1,0,62,7856,NC,HARRISBURG,28075
2022,"CHIESI USA INC",1,0,0,0,54,8797,NC,CARY,27518
2022,"CHINA CONSTRUCTION AMERICA OF SOUT",0,0,4,0,23,0083,NC,CHARLOTTE,28210
2022,"CLARIANT CORPORATION",5,0,2,0,32,6629,NC,CHARLOTTE,28202
2022,"CLARKSTON-POTOMAC GROUP INC",0,0,1,0,54,6655,NC,DURHAM,27713
2022,"CLEAR MARKETS HOLDINGS INC",0,0,2,0,52,7687,NC,CHARLOTTE,28202
2022,"CLEAR THOUGHT SOLUTIONS LLC",6,0,5,0,54,6826,NC,CARY,27513
2022,"CLEARSCAPES PA",0,0,1,1,54,1795,NC,RALEIGH,27601
2022,"CLINICAL INK INC",1,0,3,0,54,7645,NC,"WINSTON SALEM",27101
2022,"CLINICAL SOLUTIONS GROUP LLC",1,0,0,0,54,1901,NC,DURHAM,27703
2022,"CLOUD GIANTS LLC",0,0,1,0,54,8147,NC,CARY,27519
2022,"CLOUD GIANTS LLC",0,0,1,0,54,8147,NC,DURHAM,27709
2022,"CLOUD NINE TEK LLC",7,0,0,0,54,1933,NC,CHARLOTTE,28262
2022,"CLOUD NINE TEK LLC",8,0,6,0,54,1933,NC,CHARLOTTE,28203
2022,"CLOUD SPACE LLC",32,0,4,0,54,4085,NC,CHARLOTTE,28262
2022,"CLOUDSPACE LLC",8,0,4,0,54,4085,NC,CHARLOTTE,28262
2022,"CM RED LLC",1,0,0,0,23,6807,NC,RALEIGH,27610
2022,"CMC BUILDING INC",0,0,1,0,23,0339,NC,BOLTON,28423
2022,"COASTAL CAROLINA NEUROPSYCHIATRIC CENTER P A",1,0,0,0,62,4475,NC,JACKSONVILLE,28546
2022,"COGNITECT INC",0,0,3,0,52,7828,NC,DURHAM,27701
2022,"COLUMBIA SPORTSWEAR COMPANY",0,0,1,0,31,8284,NC,CANDOR,27229
2022,"COMMERCECX INC",1,0,4,0,54,5914,NC,CARY,27519
2022,"COMMSCOPE CONNECTIVITY SOLNS LLC",1,0,4,0,33,3605,NC,HICKORY,28602
2022,"COMMSCOPE INC OF NORTH CAROLINA",3,0,0,1,51,2364,NC,HICKORY,28602
2022,"COMMSCOPE TECHNOLOGIES LLC",0,0,1,0,51,2098,NC,HICKORY,28602
2022,"COMMSCOPE TECHNOLOGIES LLC",0,0,2,0,51,2098,NC,HICKORY,28602
2022,"COMMSCOPE TECHNOLOGIES LLC",2,0,12,0,33,2797,NC,HICKORY,28602
2022,"COMPANY BOX LLC",1,0,0,0,54,4035,NC,CHARLOTTE,28273
2022,"COMPASS GROUP USA INC",6,0,21,0,72,4931,NC,CHARLOTTE,28217
2022,"COMPASS GROUP USA INC",0,0,1,0,72,4931,NC,CHARLOTTE,28217
2022,"COMPREHAB LLC D/B/A COMPLEAT REHAB & SPORTS THERAPY",1,0,3,0,62,7267,NC,GASTONIA,28054
2022,"COMPREHAB LLC DBA COMPLEAT REHAB &",1,0,2,0,62,7267,NC,GASTONIA,28054
2022,"CONCENTRIX CORPORATION",1,0,1,0,33,0305,NC,RALEIGH,27614
2022,"CONCENTRIX SOLUTIONS CORPORATION",1,0,1,0,33,0305,NC,RALEIGH,27614
2022,"CONCOR IT SOLUTIONS INC",3,0,1,0,54,6094,NC,CHARLOTTE,28262
2022,"CONCORD HOSPITALITY ENTERPRISES COMPANY LLC",1,0,0,0,72,8841,NC,RALEIGH,27614
2022,"CONITEX-SONOCO USA INC",0,0,1,0,32,2471,NC,GASTONIA,28052
2022,"CONNECT HOLDING II LLC",0,0,1,0,51,1759,NC,CHARLOTTE,28203
2022,"CONNECT HOLDING II LLC",0,0,1,0,51,3759,NC,CHARLOTTE,28203
2022,"CONNECT HOLDING II LLC",0,0,7,0,51,1759,NC,CHARLOTTE,28203
2022,"CONTROL INFOTECH INC",3,0,1,0,54,7743,NC,MORRISVILLE,27560
2022,"CONVERGE METAL RECYCLING INC",1,0,0,0,42,9515,NC,MAIDEN,28650
2022,"CONVERSANT SOLUTIONS INC",1,0,0,0,54,4094,NC,CHARLOTTE,28262
2022,"COOPER TACIA GENERAL CONTRACTING COMPANY",0,0,1,0,23,9042,NC,RALEIGH,27601
2022,"CORE CLOUD TECHNOLOGIES LLC",8,1,0,0,54,5277,NC,CHARLOTTE,28262
2022,"CORPORATE FLEET SERVICES LLC DBA CFS JETS",0,0,1,0,44,6496,NC,CORNELIUS,28031
2022,"COSETTE PHARMACEUTICALS NC LABORAT",0,0,1,0,99,1451,NC,LINCOLNTON,28092
2022,"COSMOS GRANITE EAST LLC DBA COSMOS GRANITE & MARBLE",0,0,1,0,42,2710,NC,RALEIGH,27610
2022,"CPI SECURITY SYSTEMS INC",0,0,1,0,56,6569,NC,CHARLOTTE,28273
2022,"CPS RESOURCES",1,0,0,0,33,8135,NC,"INDIAN TRAIL",28079
2022,"CRAFTNER INC",2,0,1,0,54,2467,NC,CHARLOTTE,28262
2022,"CREE INC",1,0,4,0,33,2719,NC,DURHAM,27703
2022,"CREE LED INC",0,0,1,0,33,6773,NC,DURHAM,27703
2022,"CRG CORPORATION",1,0,0,0,54,7373,NC,"HIGH POINT",27265
2022,"CROSSCOMM INC",0,0,1,0,54,5233,NC,DURHAM,27701
2022,"CRYOVAC LLC",0,0,2,0,32,0262,NC,CHARLOTTE,28208
2022,"CUMBERLAND COUNTY HOSPITAL SYSTEM",0,0,7,0,62,5796,NC,FAYETTEVILLE,28304
2022,"CUMBERLAND COUNTY HOSPITAL SYSTEM INC D/B/A CAPE FEAR VALLEY MEDICAL CENTER",2,0,12,0,62,5796,NC,FAYETTEVILLE,28304
2022,"CYGTEC INC",0,0,10,0,54,1835,NC,RALEIGH,27615
2022,"D E B MANUFACTURING INC",0,0,1,0,33,8658,NC,CONCORD,28027
2022,"D2SOL INC",2,0,27,0,54,8251,NC,MORRISVILLE,27560
2022,"DAEDALUS COMPOSITES LLC",0,0,1,0,33,8543,NC,EDENTON,27932
2022,"DAK AMERICAS LLC",0,0,3,0,32,3187,NC,CHARLOTTE,28226
2022,"DANIEL WAYNE DRISKILL DDS PLLC",0,0,1,0,62,2367,NC,MORRISVILLE,27560
2022,"DATA ANALYTIX LLC",1,0,0,0,54,5122,NC,WAXHAW,28173
2022,"DATA CALIPER LLC",1,0,7,0,54,5814,NC,APEX,27502
2022,"DATAFIRST CORPORATION",0,0,1,0,54,9596,NC,RALEIGH,27616
2022,"DATALORE TECHNOLOGIES INC",16,0,4,0,54,7743,NC,RALEIGH,27606
2022,"DATASTAFF INC",0,0,2,0,56,8408,NC,RALEIGH,27609
2022,"DATAVALET NETWORKS LLC",0,0,1,1,54,1113,NC,CHARLOTTE,28208
2022,"DAVIDSON COLLEGE",0,0,0,1,61,9961,NC,DAVIDSON,28035
2022,"DAVIS KANE ARCHITECTS, PA",1,0,0,0,54,2198,NC,RALEIGH,27605
2022,"DAY INTERNATIONAL INC",0,0,1,0,32,8458,NC,ARDEN,28704
2022,"DB GLOBAL TECHNOLOGY INC",3,0,122,1,52,9518,NC,CARY,27513
2022,"DCUBE SOLUTIONS INC",1,0,1,0,54,4187,NC,DURHAM,27709
2022,"DCUBE SOLUTIONS INC",3,0,0,0,54,4187,NC,"RESEARCH TRIANGLE PARK",27709
2022,"DCUBE SOLUTIONS INC",3,0,0,0,54,4187,NC,"RSCH TRIANGLE PARK",27709
2022,"DEALCLOUD INC",0,0,1,0,51,8156,NC,CHARLOTTE,28202
2022,"DEANDRAE W ALEXANDER DDS PA",0,0,1,0,62,8507,NC,MORRISVILLE,27560
2022,"DEERE-HITACHI CONSTRUCTION MACHINE",0,0,1,0,33,2263,NC,KERNERSVILLE,27284
2022,"DELTA V FORENSIC ENGRG INC",0,0,1,0,54,5615,NC,CHARLOTTE,28273
2022,"DENSO MANUFACTURING NORTH CAROLIN",0,0,1,0,99,8671,NC,STATESVILLE,28625
2022,"DENTSPLY SIRONA INC",0,0,4,0,33,4669,NC,CHARLOTTE,28277
2022,"DENTSPLY SIRONA INC",0,0,1,0,33,4669,NC,CHARLOTTE,28280
2022,"DEV SYSTEMS INC",2,0,0,0,54,1461,NC,CHARLOTTE,28262
2022,"DEVANSEE ANALYTICS LLC",1,0,0,0,54,1663,NC,CONCORD,28027
2022,"DIGITAL TURBINE INC",1,0,8,0,51,7658,NC,DURHAM,27701
2022,"DIOCESE OF RALEIGH",1,0,1,1,81,1293,NC,RALEIGH,27613
2022,"DIRECT CHASSISLINK INC",0,0,1,0,53,3490,NC,CHARLOTTE,28273
2022,"DIRECT DIGITAL LLC D/B/A/ ADAPTIVE HEALTH",0,0,1,0,54,1367,NC,CHARLOTTE,28202
2022,"DIVERS ALERT NETWORK",1,0,0,0,81,6689,NC,DURHAM,27705
2022,"DIXON HUGHES GOODMAN LLP",3,0,13,2,54,7981,NC,CHARLOTTE,28209
2022,"DLP MARIA PARHAM MEDICAL CTR LLC D",0,0,1,0,62,3520,NC,HENDERSON,27536
2022,"DLP WILSON PHYSICIAN PRACTICES LLC",1,0,0,0,62,6359,NC,WILSON,27893
2022,"DONLEYS OF VIRGINIA LLC",0,0,1,0,99,7975,NC,APEX,27539
2022,"DR DURSHANAPALLI ASSOCIATES PLLC",1,0,0,0,62,4466,NC,"HIGH POINT",27265
2022,"DR LANE ASSOCIATES DDS PA",1,0,0,0,62,9452,NC,ANGIER,27501
2022,"DRIVEN BRANDS SHARED SERVICES LLC",3,0,2,0,44,3628,NC,CHARLOTTE,28202
2022,"DRIVEN CONTRACTORS LLC",0,0,1,0,23,7023,NC,MAXTON,28364
2022,"DUKE ENERGY BUSINESS SERVICES LLC",1,0,2,0,22,5358,NC,CHARLOTTE,28202
2022,"DUKE ENERGY CAROLINAS LLC",0,0,1,0,22,5520,NC,CHARLOTTE,28202
2022,"DUKE UNIVERSITY HEALTH SYSTEM INC",10,0,10,0,61,0036,NC,DURHAM,27708
2022,"DUKE UNIVERSITY MED CTR & AFFIL",0,0,1,0,61,1229,NC,DURHAM,27708
2022,"DUKE UNIVERSITY MED CTR & AFFIL",1,0,0,0,61,3212,NC,DURHAM,27708
2022,"DUKE UNIVERSITY UNIV MED CTR AFFI",0,0,1,0,61,,NC,DURHAM,27708
2022,"DUKE UNIVERSITY UNIV MED CTR AFFIL",0,0,1,0,31,2129,NC,DURHAM,27708
2022,"DUKE UNIVERSITY UNIV MED CTR AFFIL",104,3,91,4,61,2129,NC,DURHAM,27708
2022,"DUMAC INC",1,0,0,0,61,4895,NC,DURHAM,27708
2022,"DURHAM COMMUNITY CHARTER SCH D/B/A",1,0,0,0,61,4950,NC,DURHAM,27703
2022,"DURHAM COMMUNITY CHARTER SCHOOL D/B/A MAUREEN JOY CHARTER SCHOOL",6,0,0,0,61,4950,NC,DURHAM,27703
2022,"DURHAM PUBLIC SCHOOLS",2,0,0,0,61,1021,NC,DURHAM,27702
2022,"DYNACAST LLC",0,0,1,0,33,5677,NC,CHARLOTTE,28277
2022,"DYNAPAR CORP DBA SPECIALTY PRODUCT",0,0,1,0,33,1566,NC,ELIZABETHTOWN,28337
2022,"DYNAPAR CORPORATION DBA SPECIALTY PRODUCT TECHNOLOGIES",0,0,4,0,33,1566,NC,ELIZABETHTOWN,28337
2022,"DYNATEMP INTERNATIONAL INC",1,0,0,0,42,5433,NC,CLAYTON,27528
2022,"DYNPRO INC",1,1,1,0,54,7772,NC,RALEIGH,27617
2022,"DYNPRO INC",3,0,1,0,54,7772,NC,RALEIGH,27607
2022,"E&C MEDICAL INTELLIGENCE INC",0,0,0,1,42,1258,NC,CARY,27518
2022,"E-EMPHASYS TECHNOLOGIES INC",3,0,8,0,54,1625,NC,CARY,27513
2022,"E3 RETAIL LLC",0,0,1,0,54,1186,NC,RALEIGH,27615
2022,"EAST CAROLINA UNIVERSITY",0,0,1,0,31,0403,NC,GREENVILLE,27858
2022,"EAST CAROLINA UNIVERSITY",8,0,19,1,61,0403,NC,GREENVILLE,27858
2022,"ECLIPSE INC",1,0,0,0,32,2250,NC,CHARLOTTE,28202
2022,"ECLIPSE LEGAL MARKETING LLC",1,0,0,0,54,1805,NC,CHARLOTTE,28205
2022,"ECOGUARD INC",1,0,0,0,31,3522,NC,GROVER,28073
2022,"ECOM SOLUTIONS INC",5,1,9,0,54,7101,NC,CHARLOTTE,28227
2022,"EDJX INC",1,0,0,0,54,6224,NC,RALEIGH,27615
2022,"EHIKA LLC",1,0,0,0,54,5498,NC,CHARLOTTE,28246
2022,"EIDIKO SYSTEMS INTEGRATORS LLC",1,0,1,0,54,1755,NC,CHARLOTTE,28273
2022,"EL FUTURO",0,0,1,0,92,2334,NC,DURHAM,27707
2022,"ELECTROLUX HOME PRODUCTS INC",0,2,21,1,33,4736,NC,CHARLOTTE,28262
2022,"ELEVATION LLC",0,0,1,0,52,1785,NC,CHARLOTTE,28211
2022,"ELITE COMFROT SOLUTIONS LLC",0,0,1,0,33,6830,NC,CONOVER,28613
2022,"ELITE HRV INC DBA SPREN",1,0,0,0,51,4095,NC,ASHEVILLE,28801
2022,"ELIZABETH CITY STATE UNIV",1,0,2,0,61,7680,NC,"ELIZABETH CITY",27909
2022,"ELIZABETH CITY STATE UNIVERSITY",1,0,3,0,61,7680,NC,"ELIZABETH CITY",27909
2022,"ELON UNIVERSITY",3,0,2,0,61,2303,NC,ELON,27244
2022,"ELSTER AMERICAN METER CO LLC",0,0,1,0,54,9143,NC,CHARLOTTE,28202
2022,"ELSTER SOLUTIONS LLC",0,0,1,0,54,6768,NC,CHARLOTTE,28202
2022,"EMCUBE TECHNOLOGIES INC",1,0,0,0,54,7420,NC,CHARLOTTE,28277
2022,"EMERGYS LLC",0,0,1,0,51,5753,NC,MORRISVILLE,27560
2022,"EMINENCE IT SOLUTIONS INC",8,0,17,0,54,4158,NC,CARY,27511
2022,"EMPRO SYSTEMS LLC",2,1,9,0,54,8916,NC,CARY,27511
2022,"ENFORGE LLC",1,0,0,0,33,8404,NC,ALBEMARLE,28001
2022,"ENGINEERED TOWER SOLUTIONS PLLC",0,1,1,0,54,2572,NC,RALEIGH,27615
2022,"ENOVA TECHNOLOGY SOLUTIONS LLC",0,0,1,0,54,8906,NC,CHARLOTTE,28262
2022,"ENPRO ASSOCIATES LLC",0,0,0,1,42,6145,NC,CHARLOTTE,28209
2022,"ENTERPRISE QA LABS INC",0,0,8,0,54,7893,NC,DURHAM,27713
2022,"ENVISION SCIENCE ACADEMY",0,0,1,0,61,0554,NC,"WAKE FOREST",27587
2022,"EPERNICUS LLC",0,0,1,0,54,9295,NC,DURHAM,27703
2022,"EPIC GAMES INC",6,1,18,0,51,3991,NC,CARY,27518
2022,"EPICSAI LLC",3,0,1,0,54,1476,NC,DURHAM,27703
2022,"EPICYPHER INC",0,0,1,0,32,5462,NC,DURHAM,27709
2022,"EPS EHRHARDT PARTNER SOLNS INC DBA",0,0,1,0,54,4844,NC,CHARLOTTE,28277
2022,"EQUAGEN PLLC DBA EQUAGEN ENGINEERS",0,0,1,0,54,8610,NC,CARY,27511
2022,"EQUIFINA INC",0,0,1,0,54,9327,NC,RALEIGH,27603
2022,"ERK SOLUTIONS LLC",1,0,0,0,54,1883,NC,APEX,27502
2022,"ESOTERIX GENETICS LABORATORIES LLC",1,0,0,0,62,7315,NC,BURLINGTON,27215
2022,"ESQUIRE MEDIA LLC",1,0,0,0,52,4531,NC,DURHAM,27701
2022,"ETTAIN GROUP INC",7,0,69,1,54,6354,NC,CHARLOTTE,28203
2022,"EUCLID INNOVATIONS INC",9,0,2,0,54,4120,NC,CHARLOTTE,28277
2022,"EUCLID INNOVATIONS INC",6,1,1,0,54,4120,NC,CHARLOTTE,28280
2022,"EVA GARLAND CONSULTING LLC",0,0,1,0,54,9845,NC,RALEIGH,27609
2022,"EVAL CONSULTING INC",1,0,0,0,54,9179,NC,CHARLOTTE,28246
2022,"EVALUESERVE INC",7,0,9,0,54,9850,NC,RALEIGH,27601
2022,"EVERSOFT TECHNOLOGIES LLC",4,0,5,0,54,8291,NC,CHARLOTTE,28262
2022,"EVIDERA INC",4,0,4,0,54,9539,NC,WILMINGTON,28401
2022,"EXELA PHARMA SCIENCES LLC",0,0,1,0,32,6751,NC,LENOIR,28645
2022,"EXPREP, LLC",1,0,0,0,61,0146,NC,CHARLOTTE,28217
2022,"EXTREME NETWORKS INC",6,0,18,0,33,0270,NC,MORRISVILLE,27560
2022,"F A BARTLETT TREE EXPERT COMPANY",1,0,1,0,56,4490,NC,CHARLOTTE,28278
2022,"FALLS LAKE INSURANCE MGT CO INC",0,0,1,0,52,7235,NC,RALEIGH,27609
2022,"FANALYTICAL INC.",1,0,0,0,54,8585,NC,"CHAPEL HILL",27514
2022,"FARRAGUT SYSTEMS INC",0,0,1,0,54,0241,NC,DURHAM,27713
2022,"FAUNALABS INC",1,0,0,0,99,8368,NC,DURHAM,27713
2022,"FAYETTEVILLE HEART CENTER PC",0,0,1,0,62,8924,NC,FAYETTEVILLE,28305
2022,"FAYETTEVILLE STATE UNIVERSITY",1,0,0,0,61,8736,NC,FAYETTEVILLE,28301
2022,"FDH INFRASTRUCTURE SERVICES LLC",0,0,2,0,99,1195,NC,RALEIGH,27616
2022,"FDH INFRASTRUCTURE SERVICES LLC",0,0,5,0,54,1195,NC,RALEIGH,27616
2022,"FDR ENGINEERS PLLC",0,0,0,1,54,3992,NC,RALEIGH,27613
2022,"FEATHER TECHNOLOGIES INC",1,0,0,0,54,2975,NC,CARY,27511
2022,"FIBERTEX PERSONAL CARE CORPORATION",0,0,1,0,31,8293,NC,ASHEBORO,27203
2022,"FIDELITY INVESTMENTS",0,0,1,0,52,6067,NC,DURHAM,27709
2022,"FINZLY INC",2,0,4,0,54,7815,NC,CHARLOTTE,28216
2022,"FINZLY INC",0,0,2,0,54,7815,NC,CHARLOTTE,28217
2022,"FIPLEX COMMUNICATIONS INC",1,0,0,0,33,4322,NC,CHARLOTTE,28202
2022,"FIRST CITIZENS BANK AND TRUST CO",1,0,52,0,52,3230,NC,RALEIGH,27609
2022,"FLETCHER ACADEMY, INC.",1,0,0,0,61,2644,NC,FLETCHER,23732
2022,"FLETCHER ACADEMY, INC.",1,0,0,0,61,2644,NC,FLETCHER,28732
2022,"FLEXGEN POWER SYSTEMS",1,0,0,0,54,2499,NC,DURHAM,27701
2022,"FLO-TITE INC VALVES & CONTROLS",0,0,1,0,33,5032,NC,LUMBERTON,28358
2022,"FORTISVIEW LLC",5,2,10,5,54,3912,NC,RALEIGH,27615
2022,"FORVIS LLP",0,0,1,0,54,0260,NC,"HIGH POINT",27265
2022,"FRESH U CORP",2,0,0,0,44,8303,NC,RALEIGH,27617
2022,"FRIENDS HOSPITALITY LLC",0,0,1,0,72,1290,NC,ASHEVILLE,28801
2022,"FSTECK LLC",1,0,0,0,54,3413,NC,RALEIGH,27609
2022,"FUJIFILM HEALTHCARE AMERICAS CORP",0,0,4,0,33,1985,NC,MORRISVILLE,27560
2022,"FUJIFILM HEALTHCARE AMERICAS CORPORATION",0,0,4,0,33,1985,NC,MORRISVILLE,27560
2022,"GAIA HERBS INC",0,0,1,0,32,5780,NC,BREVARD,28712
2022,"GAIT SOLUTIONS LLC",2,0,1,0,54,0712,NC,DURHAM,27703
2022,"GANGLANI DMD PLLC",1,0,0,0,62,0703,NC,CHARLOTTE,28210
2022,"GARY CALLISON JONES CPA PC",0,0,1,0,54,8848,NC,"WINSTON SALEM",27103
2022,"GENEMS SYSTEMS INC",1,0,0,0,54,6954,NC,CHARLOTTE,28203
2022,"GENPAK LLC",0,0,1,0,32,3622,NC,CHARLOTTE,28273
2022,"GENWORTH MORTGAGE INSURANCE CORP",0,0,2,0,52,5858,NC,RALEIGH,27615
2022,"GF LINAMAR LLC",0,0,1,0,33,6316,NC,FLETCHER,28732
2022,"GILBARCO INC DBA GILBARCO VEEDER-ROOT",2,0,2,0,42,4784,NC,GREENSBORO,27410
2022,"GILL S PROCESS CONTROL INC",0,0,3,0,54,3708,NC,"ROCKY MOUNT",27804
2022,"GIRLS ON THE RUN INTERNATIONAL",1,0,0,0,62,1835,NC,GASTONIA,28052
2022,"GK SOFTWARE USA INC",0,1,0,0,54,0900,NC,RALEIGH,27615
2022,"GK SOFTWARE USA INC",0,0,1,0,51,0900,NC,RALEIGH,27615
2022,"GKN DRIVELINE NEWTON LLC",1,0,3,0,33,0034,NC,NEWTON,28658
2022,"GLENMARK PHARMACEUTICALS INC USA",0,0,0,1,42,2019,NC,MONROE,28110
2022,"GLENMARK PHARMACEUTICALS USA INC",0,0,0,1,42,2019,NC,MONROE,28110
2022,"GLOBAL APPLIED BUSINESS SERVICES C",2,0,0,0,54,8486,NC,"HOLLY SPRINGS",27540
2022,"GLOBAL DATA CONSORTIUM INC",1,0,0,0,51,6517,NC,RALEIGH,27604
2022,"GLOBAL SOFTWARE LLC D/B/A INSIGHTSOFTWARE.COM",0,0,2,0,51,4603,NC,RALEIGH,27615
2022,"GO8 IT INC",5,0,1,0,54,8013,NC,CHARLOTTE,28277
2022,"GOLDEN TECH SYSTEMS INC",0,0,1,0,54,5420,NC,CHARLOTTE,28280
2022,"GOODRICH CORP DBA COLLINS AEROSPAC",0,0,3,0,33,2680,NC,CHARLOTTE,28217
2022,"GOODROADS INC",0,0,1,0,51,2146,NC,CHARLOTTE,28209
2022,"GOODWILL INDS OF THE SOUTHERN PIED",1,0,0,0,81,4639,NC,CHARLOTTE,28208
2022,"GOOGLE LLC",0,0,1,0,54,3581,NC,HICKORY,28601
2022,"GRACE BAPTIST CHURCH OF WILMINGTON D/B/A WILMINGTON CHRISTIAN ACADEMY",0,0,2,0,61,3750,NC,WILMINGTON,28405
2022,"GREENSBORO RADIOLOGY PA",1,0,0,0,62,2865,NC,GREENSBORO,27401
2022,"GREERWALKER LLP",0,0,1,0,54,4747,NC,CHARLOTTE,28202
2022,"GRIDBRIDGE INC",0,0,1,0,99,2695,NC,RALEIGH,27603
2022,"GROUP FOR THE RESEARCH OF ITERATIV",1,0,0,0,54,5474,NC,"MARS HILL",28754
2022,"GUILFORD COLLEGE",4,0,0,0,61,9982,NC,GREENSBORO,27410
2022,"GUILFORD COUNTY SCHOOLS",2,0,4,0,61,0522,NC,GREENSBORO,27401
2022,"GVKTEK INC",3,0,0,0,54,5996,NC,CHARLOTTE,28262
2022,"GXO ENTERPRISE SERVICES LLC",0,0,2,0,54,7695,NC,CHARLOTTE,28277
2022,"GXO LOGISTICS CORPORATE SERVICES INC",3,0,28,0,54,4859,NC,CHARLOTTE,28277
2022,"GXO LOGISTICS OF TEXAS LLC",0,0,1,0,54,0008,NC,CHARLOTTE,28277
2022,"GXO WAREHOUSE COMPANY INC",0,0,1,0,54,9841,NC,CHARLOTTE,28277
2022,"HAECO AIRFRAME SERVICES LLC",1,0,1,0,48,0639,NC,GREENSBORO,27410
2022,"HAECO CABIN SOLUTIONS, LLC",1,0,1,0,48,9809,NC,GREENSBORO,27410
2022,"HALIFAX COUNTY SCHOOLS",20,0,3,0,61,1042,NC,HALIFAX,27839
2022,"HALIWA SAPONI TRIBAL SCHOOL",2,0,0,0,61,7602,NC,HOLLISTER,27844
2022,"HAND HELD PRODUCTS INC",0,0,1,0,33,7077,NC,CHARLOTTE,28202
2022,"HAND HELD PRODUCTS INC",7,1,14,0,54,7077,NC,CHARLOTTE,28202
2022,"HANESBRANDS INC",0,0,5,0,31,2316,NC,"WINSTON SALEM",27105
2022,"HANNLEB LLC",0,0,1,0,62,0114,NC,HUNTERSVILLE,28078
2022,"HANUSOFT INC",0,0,2,0,54,6530,NC,CARY,27511
2022,"HARBOR HAT INC",15,0,0,0,54,4446,NC,MORRISVILLE,27560
2022,"HARRIS TEETER LLC",0,0,1,0,44,0087,NC,MATTHEWS,28105
2022,"HARTRANFT LIGHTING DESIGN LLC",1,0,0,0,54,7058,NC,CHARLOTTE,28215
2022,"HATCH INC",1,0,1,0,61,5445,NC,"WINSTON SALEM",27101
2022,"HAYS FLUID CONTROLS-DIV OF ROMAC I",0,0,2,0,33,5053,NC,DALLAS,28034
2022,"HEALTHKEEPERZ INC",0,0,1,0,62,4210,NC,PEMBROKE,28372
2022,"HEALTHY START ACADEMY CHARTER SCHO",1,0,0,0,61,6741,NC,DURHAM,27701
2022,"HEALTHY START ACADEMY CHARTER SCHOOL INC",4,0,4,0,61,6741,NC,DURHAM,27701
2022,"HELEN LIFE INC",0,0,1,0,72,0336,NC,CHARLOTTE,28202
2022,"HENDERSON COLLEGIATE INC",1,0,1,0,61,6516,NC,HENDERSON,27536
2022,"HERITAGE ACADEMY OF NC INC",0,0,2,0,61,1779,NC,"HOLLY SPRINGS",27540
2022,"HICAPS INC",0,0,2,0,23,1637,NC,GREENSBORO,27409
2022,"HIGGS BOSON INC",1,0,0,0,51,7576,NC,DURHAM,27705
2022,"HIGHBROW TECHNOLOGY INC",5,0,3,0,54,7246,NC,CARY,27513
2022,"HIGHPOINT SOLUTIONS LLC",1,0,6,3,32,0442,NC,DURHAM,27703
2022,"HITACHI ENERGY USA INC",1,0,0,0,22,6443,NC,RALEIGH,27606
2022,"HITACHI ENERGY USA INC",14,0,38,0,22,3443,NC,RALEIGH,27606
2022,"HITEX INFO LLC",1,0,0,0,54,5923,NC,CHARLOTTE,28262
2022,"HMS HOLDINGS LP DBA HENDRICK MOTOR",0,0,1,0,71,2963,NC,CHARLOTTE,28262
2022,"HOFFMAN BUILDING TECHNOLOGIES INC",1,0,1,0,23,9144,NC,GREENSBORO,27407
2022,"HOGANAS ENVIRONMENT SOLUTIONS LLC",0,0,1,0,56,0166,NC,CARY,27513
2022,"HOKE COUNTY SCHOOLS",0,0,1,0,61,1051,NC,RAEFORD,28376
2022,"HOLISTIC ACUPUNCTURE LLC",1,0,0,0,62,9936,NC,CARY,27511
2022,"HOLT BROTHERS CONSTRUCTION LLC",0,0,1,0,23,2685,NC,RALEIGH,27601
2022,"HONDA AIRCRAFT COMPANY LLC",5,0,2,0,33,0736,NC,GREENSBORO,27410
2022,"HONEYWELL ANALYTICS INC",0,0,1,0,54,4563,NC,CHARLOTTE,28202
2022,"HONEYWELL INTERNATIONAL INC",47,1,139,2,54,0650,NC,CHARLOTTE,28202
2022,"HONEYWELL SAFETY PRODUCTS USA INC",0,0,2,0,54,3444,NC,CHARLOTTE,28202
2022,"HUBER ENGINEERED WOODS LLC",0,0,1,0,99,4488,NC,CHARLOTTE,28262
2022,"HUMACYTE GLOBAL INC",1,0,0,0,54,1297,NC,DURHAM,27713
2022,"HYOSUNG USA INC",0,0,1,0,31,8280,NC,CHARLOTTE,28277
2022,"HYSTER-YALE GROUP INC",2,0,3,0,42,0700,NC,GREENVILLE,27834
2022,"I-77 MOBILITY PARTNERS LLC",0,0,1,0,48,1828,NC,CHARLOTTE,28216
2022,"IBM CORPORATION",0,0,1,0,54,1975,NC,DURHAM,27709
2022,"IBM CORPORATION",1,0,1,0,51,1985,NC,DURHAM,27709
2022,"IBM CORPORATION",1,0,0,0,54,1985,NC,DURHAM,27706
2022,"IBM CORPORATION",1236,19,1830,21,54,1985,NC,DURHAM,27709
2022,"IBM CORPORATION",0,0,2,0,54,1985,NC,DURHAM,27701
2022,"IBM CORPORATION",0,0,1,0,54,1985,NC,DURHAM,27709
2022,"IBM CORPORATION",0,0,1,0,54,1985,NC,DURHAM,27709
2022,"IBM INDIA PRIVATE LIMITED",0,0,2,0,54,1340,NC,DURHAM,27709
2022,"IBM INDIA PRIVATE LIMITED",1,0,72,2,54,1430,NC,DURHAM,27709
2022,"ICA NORTHEAST INC",0,0,1,0,33,1034,NC,WHITSETT,27377
2022,"ICLOUDNOW LLC",0,0,6,0,54,9984,NC,MORRISVILLE,27560
2022,"IGM RESINS USA INC",0,0,1,0,32,2756,NC,CHARLOTTE,28273
2022,"IGM SURFACES LLC DBA IGM CORP",0,0,1,0,42,3846,NC,RALEIGH,27610
2022,"ILIM COMMUNITY PARTNERS LLC",1,0,0,0,61,2306,NC,PINEVILLE,28134
2022,"ILIM COMMUNITY PARTNERS LLC",2,0,0,0,61,2306,NC,CHARLOTTE,28277
2022,"IMAGE QUALITY LABS INC",0,0,1,0,54,0556,NC,DURHAM,27705
2022,"INDUSTRIAL CONNECTIONS & SOLNS LLC",0,0,6,0,33,1168,NC,CARY,27511
2022,"INFINIA ML INC",0,0,1,0,54,3164,NC,DURHAM,27703
2022,"INFINICS INC",3,0,0,0,54,9969,NC,CHARLOTTE,28262
2022,"INFINICS INC",1,0,0,0,99,9969,NC,CHARLOTTE,28262
2022,"INFOBELT LLC DBA INFOBELT",0,0,1,0,54,1925,NC,CHARLOTTE,28203
2022,"INFOEXCEL INC",3,0,0,0,54,2558,NC,DURHAM,27713
2022,"INFOMERICA INC",1,0,29,0,54,5138,NC,CARY,27513
2022,"INFOTEK GROUPS INC",2,0,2,0,54,9621,NC,DURHAM,27713
2022,"INGERSOLL-RAND INDUSTRIAL US INC.",3,0,2,0,33,2128,NC,DAVIDSON,28036
2022,"INIVATA INC",0,0,1,0,99,9784,NC,DURHAM,27709
2022,"INMAR ANALYTICS INC",1,0,0,0,54,3944,NC,"WINSTON SALEM",27101
2022,"INMAR BRAND SOLUTIONS INC",1,0,0,0,54,2334,NC,"WINSTON SALEM",27101
2022,"INMAR INC",1,0,0,0,54,9300,NC,WINSTON,27101
2022,"INMAR INC",5,0,8,0,54,9300,NC,"WINSTON SALEM",27101
2022,"INMAR RX SOLUTIONS INC",1,0,0,0,54,6480,NC,"WINSTON SALEM",27101
2022,"INMAR- OIQ LLC",0,0,1,0,54,4015,NC,"WINSTON SALEM",27101
2022,"INNOVATIVE SENIOR CARE HOME HEALTH OF HIGH POINT LLC DBA BROOKDALE HOME HEALTH WINSTON",0,0,1,0,62,2600,NC,GREENSBORO,27409
2022,"INSIDE GLOBAL INC",1,0,0,0,54,3678,NC,RALEIGH,27612
2022,"INSIGHT INTELLI INC",10,0,6,0,54,0221,NC,CHARLOTTE,28262
2022,"INSIGHTSOFTWARE LLC",1,0,5,0,51,4603,NC,RALEIGH,27615
2022,"INTECA IT SOLUTIONS LLC",11,0,6,0,54,5194,NC,CHARLOTTE,28213
2022,"INTECA IT SOLUTIONS LLC",11,1,3,0,54,5194,NC,CHARLOTTE,28262
2022,"INTEGRATED WEALTHCARE LLC",1,0,0,0,52,4391,NC,DURHAM,27707
2022,"INTEGRO TECHNOLOGIES CORPORATION",1,0,0,0,54,0350,NC,SALISBURY,28144
2022,"INTELLIGAIA LLC",2,0,0,0,54,8209,NC,DURHAM,27709
2022,"INTELLIGRATED HEADQUARTERS LLC",9,0,10,0,54,1653,NC,CHARLOTTE,28202
2022,"INTELLIGRATED SERVICES LLC",17,0,39,2,54,6859,NC,CHARLOTTE,28202
2022,"INTELLIGRATED SOFTWARE LLC",1,0,18,0,54,6720,NC,CHARLOTTE,28202
2022,"INTELLIGRATED SYSTEMS INC",0,0,1,0,54,7210,NC,CHARLOTTE,28202
2022,"INTELLIGRATED SYSTEMS LLC",11,0,7,0,54,5356,NC,CHARLOTTE,28202
2022,"INTERMEC TECHNOLOGIES CORPORATION",1,0,3,0,33,4594,NC,CHARLOTTE,28202
2022,"INTERNATIONAL MATERIALS GROUP LLC",0,0,1,0,33,0136,NC,"DEEP GAP",28618
2022,"INTERROLL USA HOLDING LLC",0,0,1,0,33,4132,NC,WILMINGTON,28405
2022,"INTL MONTESSORI SCHOOL INC",0,0,1,0,61,2150,NC,DURHAM,27707
2022,"INVESTICORE HOLDINGS USA LLC",1,0,0,0,53,2310,NC,CHARLOTTE,28203
2022,"IQ CONTRACTING LLC",1,0,0,0,23,8894,NC,RALEIGH,27608
2022,"IQMETRIX USA INC",0,0,2,0,54,7944,NC,DAVIDSON,28036
2022,"IQVIA INC",0,0,1,0,54,6026,NC,DURHAM,27703
2022,"IQVIA INC",2,0,22,2,32,6026,NC,DURHAM,27703
2022,"IQVIA INC",37,1,90,2,54,6026,NC,DURHAM,27703
2022,"IQVIA RDS INC",8,0,69,0,32,3952,NC,DURHAM,27703
2022,"IQVIA RDS INC",0,0,1,0,54,3952,NC,DURHAM,27703
2022,"IRARITY LLC",3,0,0,0,54,7601,NC,DURHAM,27703
2022,"IREDELL STATESVILLE SCHOOLS",1,0,0,0,61,4267,NC,STATESVILLE,28677
2022,"IT AUTOMATION LLC",3,0,7,2,54,8367,NC,CARY,27519
2022,"IT KEYSOURCE INC",8,0,27,0,54,4892,NC,CHARLOTTE,28277
2022,"IT PEOPLE CORPORATION",8,0,8,0,54,6451,NC,MORRISVILLE,27560
2022,"IT VISION INC",1,1,8,0,54,5195,NC,CARY,27513
2022,"ITALENTA INC",0,0,1,0,54,4120,NC,CHARLOTTE,28210
2022,"JAGGAER LLC",0,0,1,0,51,7592,NC,MORRISVILLE,27560
2022,"JAMES B HUNT JR INSTITUTE FOR EDUCATIONAL LEADERSHIP AND POLICY FOUNDATION INC",1,0,0,0,54,5367,NC,CARY,27513
2022,"JAVANTECH INC",2,0,2,0,54,9645,NC,GREENSBORO,27410
2022,"JDS CONSULTING PLLC",0,0,1,0,54,7958,NC,RALEIGH,27617
2022,"JELD-WEN INC",0,0,3,0,32,6342,NC,CHARLOTTE,28273
2022,"JM THOMPSON COMPANY",0,0,1,0,23,0742,NC,CARY,27511
2022,"JMP STATISTICAL DISCOVERY LLC",0,0,3,0,54,5237,NC,CARY,27513
2022,"JOHN DEERE KERNERSVILLE LLC",0,0,3,0,33,2263,NC,KERNERSVILLE,27284
2022,"JOHNSON C SMITH UNIV INC",1,0,0,0,61,3069,NC,CHARLOTTE,28216
2022,"JOSCO/NATIONSALES INC D/B/A JOSCO",0,0,1,0,42,2519,NC,MATTHEWS,28105
2022,"JPDN LLC",0,0,0,1,23,5083,NC,CARY,27511
2022,"JPS TECH SOLUTIONS LLC",1,0,0,0,54,0518,NC,MORRISVILLE,27560
2022,"JYL PROFESSIONAL INC",1,0,0,0,56,8345,NC,"ROCKY MOUNT",27804
2022,"KACO USA LLC",0,0,1,0,99,6520,NC,LINCOLNTON,28092
2022,"KACO USA LLC",0,0,2,0,33,6520,NC,LINCOLNTON,28092
2022,"KBI BIOPHARMA INC",5,0,13,2,54,8312,NC,DURHAM,27704
2022,"KBI BIOPHARMA INC",1,0,0,0,32,8312,NC,DURHAM,27704
2022,"KDEX GLOBAL LLC",1,0,0,0,54,7436,NC,DURHAM,27709
2022,"KIDBOX.COM INC",0,0,1,0,99,8486,NC,LEXINGTON,27295
2022,"KIDDE TECHS INC DBA COLLINS AEROSP",0,0,1,0,33,7059,NC,WILSON,27896
2022,"KIMLEY-HORN AND ASSOCIATES INC",0,0,4,0,54,5615,NC,RALEIGH,27601
2022,"KIMS YONG IN MARTIAL ARTS SCHOOL INC DBA YONG IN MARTIAL ARTS",1,0,0,0,61,5804,NC,"HOLLY SPRINGS",27540
2022,"KINETICS SYSTEMS INC",1,0,1,0,54,9569,NC,DURHAM,27713
2022,"KINTOR PHARMACEUTICALS INC",0,0,1,0,32,3669,NC,"CHAPEL HILL",27517
2022,"KIRKLAND INC",0,0,2,0,23,9642,NC,"HIGH POINT",27265
2022,"KLAR VENTURES LLC",1,0,0,0,54,0509,NC,CHARLOTTE,28280
2022,"KMR GROUP INC",0,0,1,0,54,8947,NC,CARY,27513
2022,"KODESYSTEMS LLC",1,0,1,0,54,5148,NC,CONCORD,28027
2022,"KONTOOR BRANDS INC",0,0,1,0,31,0248,NC,GREENSBORO,27401
2022,"KONTOOR SERVICES LLC",1,0,5,0,31,4466,NC,GREENSBORO,27401
2022,"KONTOOR SERVICES LLC",1,0,3,0,31,6199,NC,GREENSBORO,27401
2022,"KOOKS CUSTOM HEADERS",1,0,0,0,42,8773,NC,STATESVILLE,28677
2022,"KRISPY KREME DOUGHNUT CORPORATION",0,0,1,0,31,8322,NC,CHARLOTTE,28203
2022,"KRONSYS INC",0,0,14,1,54,6657,NC,RALEIGH,27615
2022,"KRW ASSOCIATES LLC DBA PAYTOMORROW",1,0,0,0,52,6087,NC,HUNTERSVILLE,28078
2022,"KSM CASTINGS USA INC",2,0,0,0,33,6538,NC,SHELBY,28150
2022,"KUBE CLOUDS INC",3,0,0,0,54,8004,NC,CARY,27513
2022,"KUBE CLOUDS INC",1,0,0,0,54,8004,NC,MORRISVILLE,27513
2022,"LABORATORY CORP OF AMERICA HOLDING",1,0,17,0,62,7370,NC,DURHAM,27709
2022,"LABORATORY CORP OF AMERICA HOLDING",1,0,6,0,62,7370,NC,BURLINGTON,27215
2022,"LABORATORY CORPORATION OF AMERICA HOLDINGS",1,0,7,0,62,7370,NC,BURLINGTON,27215
2022,"LABORATORY CORPORATION OF AMERICA HOLDINGS",4,0,41,0,62,7370,NC,DURHAM,27709
2022,"LAIRD THERMAL SYSTEMS INC",1,0,1,0,33,9564,NC,MORRISVILLE,27560
2022,"LAKE NORMAN CHARTER SCHOOL INC",1,0,0,0,61,0164,NC,HUNTERSVILLE,28078
2022,"LAKESIDE ENVIRONMENTAL CONSULTANTS LLC DBA ENVIRONMENTAL CONSULTANTS",2,0,0,0,54,2311,NC,"WAKE FOREST",27587
2022,"LANDDESIGN INC",3,0,4,0,54,2942,NC,CHARLOTTE,28202
2022,"LANDIA INC",0,0,1,0,33,8599,NC,CARY,27513
2022,"LAUT DESIGN INC",0,0,1,0,54,6356,NC,RALEIGH,27613
2022,"LC INDUSTRIES INC",0,0,1,0,42,6307,NC,DURHAM,27703
2022,"LEARNING TECHNOLOGIES GROUP INC",0,0,2,0,51,5109,NC,RALEIGH,27601
2022,"LEELA CONSULTANCY LLC",3,0,0,0,54,8083,NC,CARY,27519
2022,"LEMON TREE MEDIA LLC",0,0,1,0,54,0444,NC,RALEIGH,27615
2022,"LEND LEASE (US) CONSTRUCTION INC DBA LENDLEASE (US) CONSTRUCTION INC",0,0,1,0,23,5630,NC,CHARLOTTE,28208
2022,"LEND LEASE US CONSTRUCTION INC DBA LEND LEASE US CONSTRUCTION INC",0,0,2,0,23,5630,NC,CHARLOTTE,28208
2022,"LEND LEASE US CONSTRUCTION LMB INC",0,0,1,0,23,6742,NC,CHARLOTTE,28208
2022,"LEND LEASE US CONSTRUCTION LMB INC DBA LENDLEASE US CONSTRUCTION LMB INC",0,0,3,1,23,6742,NC,CHARLOTTE,28208
2022,"LEND LEASE US SVCS INC DBA LENDLEA",1,0,3,2,23,1852,NC,CHARLOTTE,28208
2022,"LENDINGTREE LLC",3,0,29,0,52,5344,NC,CHARLOTTE,28203
2022,"LENDLEASE US SERVICES INC",1,0,1,1,23,1852,NC,CHARLOTTE,28208
2022,"LENOVO GLOBAL TECHNOLOGY US INC",5,0,21,1,54,5564,NC,MORRISVILLE,27560
2022,"LENOVO UNITED STATES INC",15,0,43,2,33,9153,NC,MORRISVILLE,27560
2022,"LESLIE MERRITT INC DBA TAX AND QB GURU",1,0,0,0,54,6238,NC,WILSON,27896
2022,"LEVVEL LLC",1,0,0,0,54,2174,NC,CHARLOTTE,28202
2022,"LEXINGTON CITY SCHOOLS",4,0,0,0,61,1065,NC,LEXINGTON,27292
2022,"LIBERTY HOME CARE V LLC",0,0,1,0,62,4398,NC,WILMINGTON,28403
2022,"LITTERATI INC",0,0,1,0,54,2868,NC,DURHAM,27701
2022,"LITTERATI LLC",1,0,0,0,54,7114,NC,DURHAM,27701
2022,"LITTLE DIVERSIFIED ARCHITECTURAL CONSULTING INC",0,0,2,0,54,4622,NC,CHARLOTTE,28202
2022,"LIVENT LITHIUM LLC",0,0,1,0,32,6227,NC,CHARLOTTE,28202
2022,"LOGIC EXPLORER LLC",1,0,0,0,54,5902,NC,CARY,27519
2022,"LOPAREX LLC",0,0,2,0,32,8954,NC,CARY,27518
2022,"LORVEN GROUP INC",12,0,2,0,54,5405,NC,CHARLOTTE,28277
2022,"LORVEN GROUP INC",1,0,0,0,54,5405,NC,CHARLOTTE,28226
2022,"LOWES COMPANIES INC",18,0,321,3,44,8072,NC,MOORESVILLE,28117
2022,"LOWES COMPANIES INC",0,0,1,0,44,8702,NC,MOORESVILLE,28117
2022,"LOWES COMPANIES INC",0,0,1,0,44,8072,NC,MOORESVILLE,28117
2022,"LS CABLE AND SYSTEM U S A  INC",1,0,0,0,33,1229,NC,TARBORO,37886
2022,"LUMEOVA INC",1,0,1,0,33,9325,NC,RALEIGH,27607
2022,"LUMOS NETWORKS CORP",0,0,1,0,51,2490,NC,CHARLOTTE,28277
2022,"LXD RESEARCH & DISPLAY LLC",0,0,2,0,54,0245,NC,RALEIGH,27617
2022,"LYNCH MYKINS STRUCTURAL ENGINEERS PC",0,0,1,0,54,3553,NC,RALEIGH,27603
2022,"MACGREGOR PARTNERS LLC",1,0,0,0,54,9148,NC,RALEIGH,27612
2022,"MACK TRUCKS INC",3,0,7,0,33,2040,NC,GREENSBORO,27409
2022,"MACKAY COMMUNICATIONS INC",1,0,0,0,81,0100,NC,RALEIGH,27616
2022,"MACKIN CONSULTANCY LLC",1,0,1,0,54,5130,NC,RUTHERFORDTON,28139
2022,"MAFIC USA LLC",1,0,0,0,42,5737,NC,SHELBY,28150
2022,"MAGNUM MANAGEMENT CORPORATION",1,0,0,0,71,5545,NC,CHARLOTTE,28217
2022,"MAKONIS INC",7,0,0,0,54,3829,NC,CHARLOTTE,28226
2022,"MANAGE YOURID INC",1,0,0,0,54,8790,NC,CHARLOTTE,28273
2022,"MANN HUMMEL PUROLATOR FILTERS LLC",1,0,2,0,42,3488,NC,FAYETTEVILLE,28306
2022,"MANUFACTURING COMPLIANCE AND AUTOMATION SERVICES INC DBA MCA SERVICES INC",1,0,0,0,54,1141,NC,BATTLEBORO,27809
2022,"MARINER LLC",0,0,2,0,54,1180,NC,CHARLOTTE,28270
2022,"MARK LOUDERMILK ARCHITECTURE PLLC",1,0,1,0,54,9945,NC,WILMINGTON,28401
2022,"MARKEN LLP",0,0,1,0,54,5670,NC,DURHAM,27703
2022,"MARKET AMERICA INC",0,0,4,0,54,4094,NC,GREENSBORO,27409
2022,"MARS HILL UNIV",1,0,0,0,61,4207,NC,"MARS HILL",28754
2022,"MARTIN MARIETTA MATERIALS INC",2,0,3,0,32,8578,NC,RALEIGH,27612
2022,"MARVEL TECH GROUPS INC",1,0,0,0,54,3885,NC,DURHAM,27703
2022,"MATEENBAR USA INC",1,0,0,0,33,3659,NC,CONCORD,28027
2022,"MAYNE PHARMA INC",0,0,2,0,32,0457,NC,GREENVILLE,27834
2022,"MBM LEGACY INC",1,0,0,0,72,1613,NC,FAYETTEVILLE,28303
2022,"MCFARLAND BUILDING GROUP LLC",1,0,1,0,23,3364,NC,CHARLOTTE,28202
2022,"MCGUIREWOODS LLP",1,0,0,0,54,5857,NC,CHARLOTTE,28202
2022,"MCKIM & CREED INC",0,0,1,0,54,6769,NC,RALEIGH,27606
2022,"MCKIM & CREED INC",0,0,4,1,54,6769,NC,WILMINGTON,28401
2022,"MCRT RESOURCES LLC",0,0,1,0,23,2804,NC,CHARLOTTE,28203
2022,"MECHA INC",0,0,1,0,33,3769,NC,RALEIGH,27607
2022,"MED-VANTAGE INC",0,0,1,0,32,8568,NC,DURHAM,27703
2022,"MEDALLION POOL COMPANY INC",0,0,0,1,99,3170,NC,ASHEVILLE,28804
2022,"MEDAVANTE PROPHASE INC",0,0,1,0,54,0072,NC,CARY,27513
2022,"MEDCALL HEALTHCARE ADVISORS LLC",0,0,1,0,62,0446,NC,CORNELIUS,28031
2022,"MEDHUS INFOTECH INC",1,0,0,0,54,1409,NC,CARY,27513
2022,"MEDHUS INFOTECH INC",1,0,0,0,54,1409,NC,CARY,27519
2022,"MEDICAGO USA INC",1,0,0,0,54,4801,NC,DURHAM,27709
2022,"MEDICAGO USA INC",0,0,2,0,54,4801,NC,DURHAM,27713
2022,"MERCURYGATE INTERNATIONAL INC",0,0,1,0,51,7757,NC,CARY,27518
2022,"MEREDITH COLLEGE",0,0,1,0,61,0242,NC,RALEIGH,27607
2022,"MERRILL LYNCH",2,0,58,0,52,4085,NC,CHARLOTTE,28255
2022,"MERRILL LYNCH COMMODITIES INC",0,0,4,0,52,2099,NC,CHARLOTTE,28255
2022,"METHODIST UNIVERSITY",0,0,0,1,61,7294,NC,FAYETTEVILLE,28311
2022,"METHODIST UNIVERSITY INC",1,0,0,1,61,7294,NC,FAYETTEVILLE,28311
2022,"METRIX IT SOLUTIONS INC",2,1,12,0,54,7325,NC,CHARLOTTE,28277
2022,"METRIX IT SOLUTIONS INC",9,0,34,0,54,7325,NC,CHARLOTTE,28262
2022,"MICROD LLC",0,0,1,0,54,3704,NC,CHARLOTTE,28226
2022,"MIDCAROLINA PEDIATRICS, P.A.",1,0,0,0,62,1282,NC,CHARLOTTE,28273
2022,"MIDREX TECHNOLOGIES INC",0,0,1,0,54,1274,NC,CHARLOTTE,28202
2022,"MIDREX TECHNOLOGIES INC",0,0,5,0,54,1274,NC,CHARLOTTE,28208
2022,"MILLENNIUM ADVISORS LLC",2,0,2,0,52,1601,NC,CHARLOTTE,28277
2022,"MINA CHARTER SCHOOL OF LEE COUNTY",5,0,0,0,61,3491,NC,SANFORD,27332
2022,"MM INFOTECH INC",1,0,2,0,54,0273,NC,MORRISVILLE,27560
2022,"MOMENTUM RESEARCH INC",1,0,0,0,99,8283,NC,"CHAPEL HILL",27517
2022,"MONTESSORI COMMUNITY SCHOOL",0,0,1,0,61,7164,NC,DURHAM,27707
2022,"MOORE & VAN ALLEN PLLC",0,0,2,0,54,9307,NC,CHARLOTTE,28202
2022,"MORGAN STANLEY SERVICES GROUP INC",1,0,0,0,52,6361,NC,RALEIGH,27622
2022,"MOUNT AIRY CITY SCHOOLS",1,0,0,0,61,1082,NC,"MT AIRY",27030
2022,"MOUNT AIRY CITY SCHOOLS",3,0,3,0,61,1082,NC,"MOUNT AIRY",27030
2022,"MR BROWN INC",0,1,0,0,33,3273,NC,"HIGH POINT",27263
2022,"MURRAY M REEFER DDS PA",0,0,1,0,62,3837,NC,FAYETTEVILLE,28312
2022,"MYERS BIGEL PA",0,0,1,0,54,3226,NC,RALEIGH,27612
2022,"N CAROLINA ELECTRIC MEMBERSHIP COR",0,0,1,0,22,5910,NC,RALEIGH,27616
2022,"NASCENT TECHNOLOGY LLC",1,0,0,0,54,2023,NC,CHARLOTTE,28208
2022,"NASH COUNTY PUBLIC SCHOOLS",4,0,0,0,61,6036,NC,NASHVILLE,27856
2022,"NATIONAL COUNCIL FOR AIR AND STREAM IMPROVEMENT INC",0,0,1,0,54,5344,NC,CARY,27511
2022,"NATIONAL GENERAL MANAGEMENT CORP",2,0,7,1,52,9471,NC,"WINSTON SALEM",27105
2022,"NATIVE RESOURCE GROUP INC",0,0,1,0,54,6205,NC,CLAYTON,27520
2022,"NATUZZI FLORIDA LLC",0,0,1,0,99,5223,NC,"HIGH POINT",27260
2022,"NC A AND T STATE UNIVERSITY",4,0,4,0,61,0007,NC,GREENSBORO,27411
2022,"NC HEALTH AFFILIATES LLC",2,0,40,0,52,4944,NC,DURHAM,27707
2022,"NC SCHOOL SCIENCE AND MATHEMATICS",1,0,0,0,61,5643,NC,DURHAM,27705
2022,"NC STATE UNIVERSITY",55,0,58,1,61,0756,NC,RALEIGH,27695
2022,"NDUSTRIAL IO INC",1,0,0,0,54,2475,NC,RALEIGH,27601
2022,"NEDERMAN CORPORATION",1,0,0,0,42,8262,NC,CHARLOTTE,28216
2022,"NENINE TECHNOLOGIES INC",3,0,1,0,51,2328,NC,APEX,27502
2022,"NEO PRISM SOLUTIONS LLC",9,2,40,0,54,7182,NC,CHARLOTTE,28226
2022,"NET32 INC",0,0,2,0,42,4169,NC,CARY,27513
2022,"NETGROUP INC",1,0,0,0,54,7961,NC,GREENSBORO,27409
2022,"NETROCRON SYSTEMS LLC",0,0,1,0,54,7793,NC,CHARLOTTE,28277
2022,"NEW KINETIC SOLNS LLC DBA PAR4SUCC",1,0,0,0,71,1160,NC,MORRISVILLE,27560
2022,"NEW MASSEYHILL PHARMACY LLC",1,0,0,0,44,0781,NC,FAYETTEVILLE,28306
2022,"NEW MIND EDUCATION LLC",1,0,0,0,61,2216,NC,RALEIGH,27607
2022,"NEXGEN SAVVY SOLUTIONS LLC",2,0,2,0,54,4073,NC,CHARLOTTE,28213
2022,"NEXPERIA USA INC",0,0,1,0,33,6950,NC,DURHAM,27713
2022,"NEXTGEN INTERACTIONS LLC",0,0,0,1,54,2809,NC,RALEIGH,27606
2022,"NEXTGEN SOLUTIONS INC",1,0,9,0,54,2097,NC,CHARLOTTE,28262
2022,"NG CORPORATE LLC",0,0,1,0,32,3692,NC,CHARLOTTE,28211
2022,"NIAGARA MACHINE INC",1,0,2,0,33,8832,NC,CHARLOTTE,28217
2022,"NITTA GELATIN USA INC",1,0,0,0,32,5190,NC,MORRISVILLE,27560
2022,"NITYOSOFT INCORPORATED",6,0,3,0,54,8259,NC,CHARLOTTE,28262
2022,"NNE INC",1,0,0,0,54,9773,NC,CLAYTON,27527
2022,"NORTH CAROLINA A & T STATE UNIVERS",2,0,3,0,61,0007,NC,GREENSBORO,27411
2022,"NORTH CAROLINA CENTRAL UNIV",1,0,0,0,61,0730,NC,DURHAM,27707
2022,"NORTH CAROLINA CENTRAL UNIVERSITY",3,0,1,0,61,0730,NC,DURHAM,27707
2022,"NORTHAMPTON COUNTY PUBLIC SCHOOLS",0,0,2,0,61,1087,NC,JACKSON,27845
2022,"NORTHEAST RALEIGH CHARTER ACADEMY",2,0,2,1,61,0665,NC,RALEIGH,27604
2022,"NOVAN INC",0,0,1,0,32,7682,NC,DURHAM,27703
2022,"NOVANT HEALTH INC",1,0,5,0,62,6950,NC,CHARLOTTE,28207
2022,"NOVANT HLTH NEW HANOVER REGIONAL M",1,0,0,0,62,7599,NC,WILMINGTON,28401
2022,"NOVANT MEDICAL GROUP INC",0,0,5,0,62,8803,NC,CHARLOTTE,28204
2022,"NOVAQUEST CAPITAL MANAGEMENT LLC",0,0,1,0,52,5707,NC,RALEIGH,27609
2022,"NOVO NORDISK PHARMACEUTICAL INDUSTRIES LP",1,0,0,0,32,4716,NC,CLAYTON,27527
2022,"NOVUS RESOURCES INC.",1,0,0,0,54,2268,NC,CARY,27519
2022,"NTECH INTERNATIONAL LLC",7,0,6,0,54,4596,NC,CHARLOTTE,28277
2022,"NUCOR CORPORATION NUCOR STEEL TX",1,0,2,0,33,0817,NC,CHARLOTTE,28211
2022,"NUCOR CORPORATION NUCOR STEEL UTAH",4,0,3,0,33,0817,NC,CHARLOTTE,28211
2022,"NUCOR CORPORATION, VULCRAFT - INDIANA",2,0,2,0,33,0817,NC,CHARLOTTE,28211
2022,"NUVENTRA INC",1,0,0,0,32,9434,NC,DURHAM,27713
2022,"NWR SERVICES LLC",0,0,1,0,23,5218,NC,CHARLOTTE,28202
2022,"NWR SERVICES LLC",0,0,1,0,53,5218,NC,CHARLOTTE,28202
2022,"O'BRIEN ATKINS ASSOCIATES, PA",1,0,0,0,54,5013,NC,DURHAM,27703
2022,"OLD DOMINION FREIGHT LINE INC",0,0,1,0,42,1714,NC,THOMASVILLE,27360
2022,"OLD DOMINION FREIGHT LINE INC",0,0,8,0,42,1714,NC,THOMASVILLE,27360
2022,"ONEH2 INC",1,0,1,0,32,3319,NC,HICKORY,28601
2022,"ONEH2 INC",2,0,0,0,32,3319,NC,LONGVIEW,28601
2022,"OPERATIONSRX LLC",1,0,0,0,54,1166,NC,DAVIDSON,28036
2022,"OPTCAPITAL LLC",0,0,1,0,52,0775,NC,CHARLOTTE,28202
2022,"OPTIMA ENGINEERING PA",0,0,1,0,54,4686,NC,CHARLOTTE,28203
2022,"OPTO-ALIGNMENT TECHNOLOGY INC",0,0,1,0,33,3777,NC,"INDIAN TRAIL",28079
2022,"ORANGE WATER & SEWER AUTHORITY OWA",0,0,1,0,22,7098,NC,CARRBORO,27510
2022,"ORIGIN HUBS INC",28,1,5,0,54,5569,NC,MORRISVILLE,27560
2022,"ORIGIN HUBS INC",1,0,0,0,54,5569,NC,CARY,27519
2022,"OVULINE INC",1,0,0,0,62,8650,NC,DURHAM,27709
2022,"PANTAR SOLUTIONS INC",8,0,23,1,54,1368,NC,CHARLOTTE,28277
2022,"PARATA SYSTEMS LLC",1,0,0,0,54,0471,NC,DURHAM,27703
2022,"PARKDALE MILLS INC",0,0,1,0,31,9754,NC,GASTONIA,28054
2022,"PARKER HANNIFIN CORPORATION",0,0,1,0,33,1060,NC,CARY,27511
2022,"PASSPORT LABS INC",1,0,2,0,54,7364,NC,CHARLOTTE,28202
2022,"PATAGONIA HEALTH INC",0,0,1,0,51,6453,NC,CARY,27513
2022,"PAYMENTUS GROUP INC",0,0,11,0,52,9342,NC,CHARLOTTE,28277
2022,PAYMINTS.IO,1,0,0,0,52,7256,NC,CHARLOTTE,28226
2022,"PEAK DEMAND INC",0,0,1,0,33,3477,NC,WILSON,27893
2022,"PEAK SYSTEMS ENGINEERING",0,0,1,0,54,3417,NC,CARY,27511
2022,"PENDO.IO INC",0,0,1,0,54,9724,NC,RALEIGH,27603
2022,"PERCEPTIVE INFORMATICS LLC DBA CAL",1,0,0,0,54,7642,NC,MORRISVILLE,27560
2022,"PERIGON INFOTECH INC",6,1,10,0,54,4225,NC,DURHAM,27703
2022,"PERRY L JEFFRIES DDS AND ASSOCIATES PA",0,0,1,0,62,2902,NC,GREENSBORO,27405
2022,"PERSON COUNTY SCHOOLS",1,0,0,0,61,1095,NC,ROXBORO,27573
2022,"PESTA FINNIE ASSOCIATES LLP",1,0,0,0,54,1672,NC,CHARLOTTE,28211
2022,"PESTER USA INC",0,0,1,0,99,6842,NC,HUNTERSVILLE,28078
2022,"PHARMACEUTICAL RESEARCH ASSOCIATES INC",2,0,24,1,54,4111,NC,RALEIGH,27612
2022,"PHARMACEUTICAL RESEARCH ASSOCS INC",2,0,23,1,54,4111,NC,RALEIGH,27612
2022,"PHARMACEUTICAL RESEARCH ASSOCS INC",1,0,16,1,99,4111,NC,RALEIGH,27612
2022,"PHREESIA INC",0,0,7,0,54,5479,NC,RALEIGH,27601
2022,"PIEDMONT COMMUNITY CHARTER SCHOOL",1,0,0,0,61,3586,NC,GASTONIA,28052
2022,"PIKE ENGINEERING LLC",2,0,1,0,54,2131,NC,"MOUNT AIRY",27030
2022,"PIKE ENTERPRISES LLC",0,0,2,0,56,9644,NC,"MOUNT AIRY",27030
2022,"PIKE ENTERPRISES LLC",0,0,1,0,56,9644,NC,"MT AIRY",27030
2022,"PIKE ENTERPRISES LLC",0,0,0,1,23,9644,NC,"MOUNT AIRY",27030
2022,"PINE GATE RENEWABLES LLC",1,0,2,0,22,4063,NC,ASHEVILLE,28801
2022,"PINNACLE TEK LLC",1,0,6,0,54,6413,NC,DURHAM,27713
2022,"PISGAH LABORATORIES INC",3,0,0,0,32,0299,NC,"PISGAH FOREST",28768
2022,"PITT COUNTY MEMORIAL HOSP INC D/B/",4,0,1,0,62,5243,NC,GREENVILLE,27834
2022,"PLEXUS CONSULTING CORP",0,0,0,1,54,9061,NC,DURHAM,27713
2022,"PMAB LLC",0,0,2,0,54,4994,NC,CHARLOTTE,28217
2022,"POLYHOSE INCORPORATED",1,0,0,0,42,3188,NC,WILMINGTON,28401
2022,"POWER HOME SOLAR LLC",0,0,1,0,42,9854,NC,MOORESVILLE,28115
2022,"POWER RELAYING SOLUTIONS PLLC",0,0,1,0,54,6031,NC,CHARLOTTE,28269
2022,"POWERHOME SOLAR DBA PINK ENERGY",1,0,1,0,42,9854,NC,MOORESVILLE,28115
2022,"PPD DEVELOPMENT LP",44,0,108,4,54,5267,NC,WILMINGTON,28401
2022,"PRACTICE FUSION INC",0,0,1,0,51,8148,NC,RALEIGH,27609
2022,"PRECISION BIOSCIENCES INC",0,0,3,0,54,6017,NC,DURHAM,27701
2022,"PRECISION HYDRAULIC CYLINDERS INC",0,0,1,0,33,1036,NC,WILMINGTON,28405
2022,"PRECISIONHAWK INC",0,0,1,0,54,4844,NC,RALEIGH,27603
2022,"PREMIER HEALTHCARE SOLNS INC DBA P",1,0,12,0,54,4358,NC,CHARLOTTE,28277
2022,"PREMIER HEALTHCARE SOLUTIONS INC D",1,0,6,0,54,4358,NC,CHARLOTTE,28277
2022,"PREMIER INC",2,0,17,0,54,4358,NC,CHARLOTTE,28277
2022,"PREMIER RESEARCH INTERNATIONAL LLC",3,0,12,0,54,1486,NC,MORRISVILLE,27560
2022,"PREMIERE FIBERS LLC",0,0,0,1,31,6956,NC,ANSONVILLE,28007
2022,"PREMIUM PEOPLE GROUP LLC",2,0,0,0,54,7535,NC,CARY,27511
2022,"PRIME CONSULTING LLC",0,0,5,1,54,6987,NC,CARY,27513
2022,"PRIME CONSULTING LLC",0,0,1,0,54,6987,NC,CARY,27513
2022,"PRIMEVIGILANCE USA INC",0,0,1,0,54,8687,NC,RALEIGH,27607
2022,"PRO 226 LLC",1,0,0,0,61,3224,NC,MOORESVILLE,28117
2022,"PROCOM SERVICES AMERICA INC",2,0,1,0,54,8694,NC,RALEIGH,27606
2022,"PROFESSIONAL POWER CONSULTING INC",0,0,1,0,54,2852,NC,CARY,27519
2022,"PROFILFORM US INC",1,0,0,0,32,3420,NC,HENDERSON,27537
2022,"PROMANTUS INC",4,0,0,0,54,6454,NC,RALEIGH,27607
2022,"PROMANTUS INC",8,1,4,0,54,6454,NC,RALEIGH,27615
2022,"PROMETHEUS COMPUTING LLC",7,0,2,0,54,1363,NC,CULLOWHEE,28723
2022,"PROMETHEUS GROUP ENTERPRISES LLC DBA PROMETHEUS GROUP",1,0,0,0,51,6046,NC,RALEIGH,27609
2022,"PROSERV LLC",1,0,0,0,54,5087,NC,CONCORD,28027
2022,"PROXIM SYSTEMS INC",0,0,2,0,54,6595,NC,CHARLOTTE,28277
2022,"PSALM 128 MISSIONS",0,0,1,0,81,6946,NC,ETOWAH,28729
2022,"PUNKER LLC",0,0,1,0,33,8207,NC,HICKORY,28602
2022,"PURILUM LLC",1,0,0,0,31,5521,NC,GREENVILLE,27834
2022,"PYXUS HOLDINGS INC",0,0,1,0,42,5176,NC,MORRISVILLE,27560
2022,"Q SQUARED SOLUTIONS LLC",0,0,4,0,32,5218,NC,DURHAM,27703
2022,"QC CONSULTING GROUP LLC",2,0,0,0,54,9008,NC,CHARLOTTE,28273
2022,"QENNECTIT LLC",2,0,0,0,54,9496,NC,CHARLOTTE,28210
2022,"QMS CAPITAL MANAGEMENT LP",1,0,1,0,52,2406,NC,DURHAM,27707
2022,"QPIX SOLUTIONS INC",1,0,0,0,54,6323,NC,DURHAM,27709
2022,"QUALITY EDUCATION ACADEMY",5,0,4,0,61,7872,NC,"WINSTON SALEM",27105
2022,"QUALITY EDUCATION INSTITUTE INC",0,1,0,0,62,5418,NC,"WINSTON SALEM",27105
2022,"QUANTA TECHNOLOGY LLC",7,0,7,0,54,7058,NC,RALEIGH,27607
2022,"QUEENS UNIVERSITY OF CHARLOTTE",0,1,2,0,61,0003,NC,CHARLOTTE,28274
2022,"QUOTEWIZARD.COM LLC",0,0,4,0,52,0555,NC,CHARLOTTE,28203
2022,"R L WILLIAMS COMPANY",1,0,0,0,42,7686,NC,CONOVER,28613
2022,"R.J. REYNOLDS TOBACCO COMPANY",1,0,0,0,31,5305,NC,"WINSTON SALEM",27101
2022,"RADCOM SOFTWARE SERVICES LLC",0,0,1,0,45,4587,NC,DURHAM,27703
2022,"RADCOM SOFTWARE SERVICES LLC",13,0,16,1,54,4587,NC,DURHAM,27703
2022,"RAHUL MOHAN & ASSOCS DBA PRODUCTST",0,0,1,0,56,2847,NC,CHARLOTTE,28277
2022,"RAI SERVICES COMPANY",0,0,1,0,31,2301,NC,"WINSTON SALEM",27101
2022,RAILINC,0,0,7,1,51,1600,NC,CARY,27513
2022,"RANDOLPH & SON BUILDERS INC",0,0,1,0,23,2671,NC,PINEVILLE,28134
2022,"RAYON TEK SOLUTIONS INC",0,0,1,0,54,9122,NC,CHARLOTTE,28262
2022,"RC CREATIONS LLC DBA ACME SMOKED F",1,0,2,0,31,4952,NC,WILMINGTON,28401
2022,"RCS LOGISTICS INC",1,1,0,0,48,3755,NC,HUNTERSVILLE,16409
2022,"RCS LOGISTICS INC",1,0,0,0,48,3755,NC,HUNTERSVILLE,28078
2022,"REACHING ALL MINDS ACADEMY",4,0,4,0,61,7967,NC,DURHAM,27703
2022,"RED HAT INC",45,0,115,0,54,4380,NC,RALEIGH,27601
2022,"REFULGENT TECHNOLOGIES INC",0,0,1,0,54,6273,NC,CHARLOTTE,28284
2022,"REGED INC",0,0,4,0,54,4249,NC,MORRISVILLE,27560
2022,"REGENT STRATEGIC SOLUTIONS LLC",1,0,0,0,54,4500,NC,CHARLOTTE,28227
2022,"REGENT STRATEGIC SOLUTIONS LLC",1,0,0,0,54,4500,NC,CHARLOTTE,28262
2022,"RELEVANT ENGINEERING PLLC",1,0,0,0,54,8823,NC,CHARLOTTE,28202
2022,"REPI LLC",0,0,1,0,32,1581,NC,DALLAS,28034
2022,"RESEARCH TRIANGLE INSTITUTE",5,0,11,0,54,6338,NC,DURHAM,27709
2022,"RESEARCH TRIANGLE INSTITUTE",1,0,2,0,54,3444,NC,DURHAM,27709
2022,"RESEARCH TRIANGLE INSTITUTE D/B/A",0,0,2,0,54,6338,NC,DURHAM,27709
2022,"RESEARCHER MAP LLC",1,0,0,0,62,1198,NC,GREENSBORO,27409
2022,"RESTOR3D INC",3,0,0,0,33,0019,NC,DURHAM,27701
2022,RESULTID,1,0,0,0,51,5459,NC,DURHAM,27703
2022,"REVEILLE TECHNOLOGIES INC",0,0,2,0,54,9595,NC,CHARLOTTE,28284
2022,"REX HEALTHCARE INC DBA NC HEALTH",1,0,0,0,62,9129,NC,MORRISVILLE,27560
2022,"REX HOSPITAL INC",0,0,1,0,62,9260,NC,RALEIGH,27607
2022,"RICHMOND COUNTY SCHOOLS",0,0,1,0,61,2508,NC,HAMLET,28345
2022,"RIESE CLOUD TEK LLC",3,0,0,0,54,4417,NC,HUNTERSVILLE,28078
2022,"RIVER MILL ACADEMY",1,0,0,0,61,8126,NC,GRAHAM,27253
2022,"ROCKY MOUNT PREPARATORY ACADEMY",4,0,0,0,61,1003,NC,"ROCKY MOUNT",27804
2022,"ROECHLING INDUSTRIAL GASTONIA",0,0,1,0,33,2226,NC,DALLAS,28034
2022,"ROGER WEI DDS A PROFESSIONAL CORP",0,0,1,0,62,3742,NC,MORRISVILLE,27560
2022,"ROYAL APPLIANCE MFG CO",1,0,6,0,33,0353,NC,CHARLOTTE,28262
2022,"RS&A INC",1,0,0,0,81,0542,NC,"RURAL HALL",27045
2022,"RUMMEL KLEPPER & KAHL LLP",0,0,1,0,54,9112,NC,RALEIGH,27615
2022,"RXDATASCIENCE INC",0,0,2,0,54,7329,NC,MORRISVILLE,27560
2022,"S&ME INC",1,0,2,0,54,1580,NC,RALEIGH,27616
2022,"S9 SOLUTIONS LLC",2,0,0,0,54,4163,NC,CARY,27513
2022,"SADA SYSTEMS INC",0,0,1,0,54,6919,NC,CARY,27513
2022,"SAGA CONSTRUCTION INC",1,0,0,0,99,3243,NC,"KILL DEVIL HL",27948
2022,"SAGE CONSULTING GROUP LLC",1,0,0,0,54,2292,NC,CHARLOTTE,28208
2022,"SAHAA SOLUTIONS LLC D B A DATABRACKETS AND EHR 2 0",0,0,1,0,54,4117,NC,CARY,27519
2022,"SAHAA SOLUTIONS LLC DBA DATABRACKETS",1,0,1,0,54,4117,NC,CARY,27519
2022,"SALLIE B HOWARD SCHOOL",3,0,6,1,61,4150,NC,WILSON,27893
2022,"SALLIE B HOWARD SCHOOL FOR THE ART",0,0,2,0,61,4150,NC,WILSON,27893
2022,"SAM ANALYTICS SOLNS LLC DBA SAM IT",0,0,1,0,54,5892,NC,DURHAM,27713
2022,"SAMINAVI LLC",3,0,0,0,54,1557,NC,CARY,27513
2022,"SANDVIK MACHINING SOLNS USA LLC",0,0,1,0,33,9682,NC,MEBANE,27302
2022,"SANDVIK MACHINING SOLUTIONS USA LLC",0,0,2,0,33,9682,NC,MEBANE,27302
2022,"SANMARK LLC",0,0,1,0,42,8983,NC,GREENSBORO,27410
2022,"SANSOFT LLC",1,0,0,0,54,7180,NC,RALEIGH,27606
2022,"SAPHIRE SOLUTIONS INC",0,0,2,0,54,5164,NC,CARY,27518
2022,"SAPHIRE SOLUTIONS INC",0,0,1,0,54,9822,NC,CARY,27518
2022,"SAPIENS AMERICAS CORPORATION",0,0,11,0,54,1430,NC,RALEIGH,27607
2022,"SAPIENS AMERICAS CORPORATION",0,0,1,0,51,1430,NC,RALEIGH,27607
2022,"SAS INFO INC",14,0,0,0,54,1578,NC,HUNTERSVILLE,28078
2022,"SAS INSTITUTE INC",10,0,40,3,54,3017,NC,CARY,27513
2022,"SAVAS LABS INC",0,1,0,0,54,2726,NC,RALEIGH,27603
2022,"SBM LIFE SCIENCE CORP",0,0,1,0,32,7188,NC,CARY,27513
2022,"SCHAEFER SYSTEMS INTERNATIONAL INC",0,0,3,0,42,1861,NC,CHARLOTTE,28273
2022,"SCOR GLOBAL LIFE AMERICAS REINSURA",1,0,2,0,52,0048,NC,CHARLOTTE,28280
2022,"SCOR GLOBAL LIFE AMERICAS REINSURANCE COMPANY",1,0,8,0,52,0048,NC,CHARLOTTE,28280
2022,"SCOR LIFE IRELAND DAC",0,0,1,0,52,5085,NC,CHARLOTTE,28280
2022,"SCOTLAND COUNTY SCHOOLS",1,0,1,0,61,5686,NC,LAURINBURG,28352
2022,"SCOTLAND MEMORIAL HOSPITAL INC",1,0,0,0,62,3151,NC,LAURINBURG,28352
2022,"SEALAND CONTRACTORS CORP",0,0,1,0,23,8501,NC,CHARLOTTE,28206
2022,"SEALED AIR CORPORATION",1,0,14,0,32,2767,NC,CHARLOTTE,28208
2022,"SEALY INC",0,0,1,0,33,9379,NC,TRINITY,27370
2022,"SEGULA TECHNOLOGIES USA INC",0,0,1,0,54,5698,NC,"HIGH POINT",27265
2022,"SENSUS USA INC",1,0,1,0,33,8883,NC,MORRISVILLE,27560
2022,"SEQIRUS INC",1,0,2,0,54,7300,NC,"HOLLY SPRINGS",27540
2022,"SERC RELIABILITY CORPORATION",0,0,1,0,92,1003,NC,CHARLOTTE,28273
2022,"SHARPGEN SOLUTIONS LLC",1,0,0,0,54,3223,NC,CHARLOTTE,28277
2022,"SHAYNE C GAD D B A GAD CONSULTING SERVICES",1,0,0,0,54,8056,NC,RALEIGH,27609
2022,"SHERRILL FURNITURE COMPANY INC",1,0,0,0,33,5593,NC,HICKORY,28601
2022,"SIGNATURE IT SOLUTIONS INC",6,0,16,1,54,2722,NC,CHARLOTTE,28262
2022,"SILVERFALLS SOLUTIONS INC",1,0,5,0,54,7300,NC,"HIGH POINT",27265
2022,"SILVERFALLS SOLUTIONS INC",2,0,1,1,54,7300,NC,"OAK RIDGE",27310
2022,"SIMNOVUS CORPORATION",0,0,1,0,33,1115,NC,CARY,27513
2022,"SINGHS CONSULTING LLC",0,0,1,0,72,1628,NC,ASHEVILLE,28801
2022,"SITEWORX LLC DBA SHIFT 7 DIGITAL",2,0,0,0,54,6172,NC,CARY,27518
2022,"SKILL BUDDY INC",2,0,4,0,54,2087,NC,CARY,27511
2022,"SKILLO INC",10,0,0,0,54,2088,NC,CHARLOTTE,28212
2022,"SKY SYSTEMS INC",5,0,2,0,54,1264,NC,RALEIGH,27617
2022,"SKYTEK CORP",5,1,6,0,54,0863,NC,MORRISVILLE,27560
2022,"SMART WIRES INC",2,0,0,0,22,7620,NC,DURHAM,27703
2022,"SMARTINT TECHNOLOGIES LLC",0,0,1,0,54,3503,NC,MORRISVILLE,27560
2022,"SMARTINT TECHNOLOGIES LLC",23,1,5,0,54,3503,NC,DURHAM,27713
2022,"SMARTTRAK LLC",2,0,0,0,54,3497,NC,"HOLLY SPRINGS",27540
2022,"SMARTTRAK LLC",2,0,0,0,54,3497,NC,"HOLLY SPRINGS",27540
2022,"SMITH AND SALISBURY PLLC",0,0,1,0,54,5356,NC,CHARLOTTE,28203
2022,"SMITH SINNETT ARCHITECTURE PA D/B/A SMITH SINNETT ARCHITECTS",0,0,1,0,54,6747,NC,RALEIGH,27607
2022,"SMOODI INC",1,0,0,0,31,3998,NC,"WINSTON SALEM",27101
2022,"SNAP ONE LLC",0,0,1,0,33,4366,NC,CHARLOTTE,28273
2022,"SNOWSTACK LLC",26,0,0,0,54,6317,NC,CHARLOTTE,28277
2022,"SNOWSTACK LLC",25,3,4,0,54,6317,NC,RALEIGH,27615
2022,"SOCRATES ACADEMY",0,0,1,0,61,1228,NC,MATTHEWS,28105
2022,"SONIC AUTOMOTIVE INC",0,0,1,0,44,0790,NC,CHARLOTTE,28211
2022,"SONSHINE GYMNASTICS INC",0,0,1,0,71,1425,NC,"HOLLY SPRINGS",27540
2022,"SONTARA OLD HICKORY INC",1,0,0,0,31,8391,NC,CANDLER,28715
2022,"SOURCE CLOUD TECHNOLOGIES INC",11,1,3,0,54,9013,NC,APEX,27502
2022,"SOUTHEASTERN ORTHOPAEDIC SPECIALISTS, PA - MURPHY WAINER DIVISION",1,0,0,0,62,6047,NC,GREENSBORO,27401
2022,"SOUTHEASTERN REGIONAL MEDICAL CENTER DBA UNC HEALTH SOUTHEASTERN",0,0,2,0,62,0233,NC,LUMBERTON,28358
2022,"SOUTHEASTERN REGIONAL PHYSICIAN SVCS",0,0,1,0,62,2805,NC,LUMBERTON,28358
2022,"SPARKFX LLC",2,0,0,0,54,0896,NC,CHARLOTTE,28210
2022,"SPARTA SYSTEMS INC",0,0,5,0,51,6699,NC,CHARLOTTE,28202
2022,"SPARTA SYSTEMS INC",0,0,4,0,54,6699,NC,CHARLOTTE,28202
2022,"SPECTRAFORCE TECHNOLOGIES INC",0,0,1,0,99,6755,NC,RALEIGH,27603
2022,"SPENCER HEALTH SOLUTIONS INC",0,0,2,0,62,7346,NC,MORRISVILLE,27560
2022,"SPIRITS TACTICAL GOODS INC",1,0,0,0,42,1092,NC,CARY,27519
2022,"SPORTS ENDEAVORS INC",0,0,2,0,99,7278,NC,HILLSBOROUGH,27278
2022,"SPORTSMEDIA TECHNOLOGY CORP",0,0,1,0,54,3107,NC,DURHAM,27707
2022,"SPRYDOSYSTEMS LLC",12,1,5,0,54,5382,NC,CHARLOTTE,28262
2022,"SPX CORPORATION",0,0,4,0,33,6240,NC,CHARLOTTE,28277
2022,"SPX FLOW INC",1,0,2,0,33,0748,NC,CHARLOTTE,28277
2022,"SSC CONCORD OPERATING COMPANY LLC DBA BRIAN CENTER HEALTH & RETIREMENT/CABARRUS",0,0,1,0,62,2935,NC,CONCORD,28025
2022,"SSC GASTONIA OPERATING COMP LLC DBA BRIAN CTR HEALTH REHABILITATION/GASTONIA",0,0,2,0,62,2513,NC,GASTONIA,28054
2022,"SSC YANCEYVILLE OPERATING CO LLC D",1,0,1,0,62,3364,NC,YANCEYVILLE,27379
2022,"ST TECH INC",1,0,0,0,54,0963,NC,CARY,27513
2022,"STABILUS INC",0,0,4,0,33,4535,NC,GASTONIA,28052
2022,"STANADYNE LLC",0,0,1,0,33,0378,NC,JACKSONVILLE,28546
2022,"STAT9 TECHNOLOGIES INC",1,0,5,0,54,1083,NC,CARY,27513
2022,"STEELFAB OF VIRGINIA INC",1,0,0,0,33,0874,NC,RALEIGH,27612
2022,"STEWART ENGINEERING INC",0,0,1,0,54,4766,NC,RALEIGH,27603
2022,"STORMAGIC INC",1,0,0,0,51,6341,NC,CHARLOTTE,28202
2022,"STORMBERG FOODS LLC",0,0,1,0,31,1505,NC,GOLDSBORO,27534
2022,"STRATA SOLAR LLC",0,0,2,0,22,9600,NC,DURHAM,27701
2022,"STRATA SOLUTIONS INC",1,0,3,0,54,4743,NC,GREENSBORO,27410
2022,"STRATIFYD INC",3,0,0,0,54,0883,NC,CHARLOTTE,28208
2022,"STRUCTURAL INTEGRITY ASSOCIATES INC",1,0,0,0,54,2355,NC,HUNTERSVILLE,28078
2022,"SUMMIT BILLING SERVICE INC",0,0,1,0,54,5045,NC,ASHEVILLE,28803
2022,"SUMMIT DESIGN & ENGRG SVCS PLLC",0,0,1,0,54,6228,NC,HILLSBOROUGH,27278
2022,"SUNLIGHT FINANCIAL LLC",1,0,0,0,52,3713,NC,CHARLOTTE,28246
2022,"SUNRISE INFOTEK CORP DBA LIGHTNING",2,0,12,0,54,1627,NC,CARY,27519
2022,"SUNRISE TECHNOLOGIES INC",1,0,0,0,54,2272,NC,"WINSTON SALEM",27101
2022,"SUNTECHPROS INC",3,0,2,0,54,5897,NC,MORRISVILLE,27560
2022,"SURE PROMISE CHRISTIAN ACADEMY",1,0,0,0,61,5071,NC,RALEIGH,27610
2022,"SURFACE 678 PA",1,0,0,0,54,6863,NC,DURHAM,27701
2022,"SUSTAERA INC",2,0,0,0,54,7768,NC,CARY,27513
2022,"SUSTAINABLE PLASTIC TECHNOLOGY CORP",1,0,0,0,32,9541,NC,APEX,27502
2022,"SWIFT SOLUTIONS INC",2,0,10,1,54,0050,NC,CARY,27513
2022,"SWIFTWIN SOLUTIONS INC",4,0,3,0,54,6559,NC,CHARLOTTE,28277
2022,"SYMBRIUM INC",1,0,0,0,54,6714,NC,RALEIGH,27617
2022,"SYMMETRY BIOSCIENCES INC",1,0,0,0,32,2298,NC,MORRISVILLE,27560
2022,"SYNEOS HEALTH LLC",4,0,56,2,54,3120,NC,MORRISVILLE,27560
2022,"SYNEOS HEALTH US INC",2,0,2,0,99,1734,NC,MORRISVILLE,27560
2022,"SYNEOS HEALTH US INC",5,0,5,0,54,1734,NC,MORRISVILLE,27560
2022,"SYNGENTA CROP PROTECTION LLC",5,0,13,1,54,1572,NC,GREENSBORO,27409
2022,"SYNORIS INC",1,0,0,0,54,1308,NC,CHARLOTTE,28277
2022,"SYNTAX SYSTEMS LTD LLC",0,0,1,0,54,6131,NC,MORRISVILLE,27560
2022,"SYNTAX SYSTEMS USA LP",0,0,6,2,54,4476,NC,MORRISVILLE,27560
2022,"SYNTELLI SOLUTIONS INC",1,0,1,0,54,8700,NC,CHARLOTTE,28277
2022,"SYSTEMATIX INFOTECH INC",1,0,0,0,54,4616,NC,CHARLOTTE,28277
2022,"SZOSTAK DESIGN INCORPORATED",1,0,0,0,54,7894,NC,"CHAPEL HILL",27516
2022,"TABNER INC",28,0,35,3,54,8215,NC,CHARLOTTE,28262
2022,"TAIJI GROUP USA INC",1,0,1,0,32,6117,NC,CONOVER,28613
2022,"TALBERT & BRIGHT INC",0,0,1,0,54,4376,NC,WILMINGTON,28405
2022,"TAMEKO ALFORD DDS PA",0,0,1,0,62,5440,NC,MORRISVILLE,27560
2022,"TARGET PHARMASOLUTIONS, INC. DBA TARGET RWE",1,0,0,0,54,6478,NC,DURHAM,27703
2022,"TDY INDUSTRIES LLC DBA ATI SPECIAL",0,0,1,0,33,6679,NC,MONROE,28110
2022,"TECHMYNDS INC",4,0,1,0,54,4399,NC,CHARLOTTE,28262
2022,"TECHNODEED LLC",15,1,17,1,54,5892,NC,MORRISVILLE,27560
2022,"TECHNOSOFT ENGINEERING INC",15,0,20,4,54,1127,NC,MORRISVILLE,27560
2022,"TECHNOSOFT INNOVATIONS INC",0,0,0,1,54,7870,NC,MORRISVILLE,27560
2022,"TECHNOSOFT SERVICES INC",1,0,8,0,54,1604,NC,MORRISVILLE,27560
2022,"TECHSUFFICE LLC",46,0,0,0,54,8289,NC,CHARLOTTE,28262
2022,"TEK RESOURCE INC",1,0,0,0,54,2287,NC,STALLINGS,28104
2022,"TEK RESOURCE INC",1,0,1,1,54,2287,NC,MATTHEWS,28104
2022,"TEKFINITE INC",1,0,0,0,54,8688,NC,APEX,27502
2022,"TEKNOSYS INC",0,0,2,0,54,7677,NC,MORRISVILLE,27560
2022,"TEKNXPERT LLC",48,1,4,0,54,3224,NC,CHARLOTTE,28262
2022,"TEKPRISMIT INC",1,0,0,0,54,7848,NC,CARY,27513
2022,"TEKPRO IT",1,0,0,0,54,0618,NC,CHARLOTTE,28262
2022,"TELEFLEX LLC",0,0,1,0,33,9418,NC,MORRISVILLE,27560
2022,"TELEFLEX MEDICAL INC",0,0,2,0,33,7330,NC,MORRISVILLE,27560
2022,"TELEFLEX MEDICAL INCORPORATED",0,0,2,0,33,7330,NC,MORRISVILLE,27560
2022,"TERGUS PHARMA LLC",3,0,8,0,54,3287,NC,DURHAM,27703
2022,"TGS TECHNOLOGY LLC",1,0,0,0,54,7526,NC,WAXHAW,28173
2022,"THE AMERICAN BOARD OF ANESTHESIOLOGY INC",1,0,0,0,81,6523,NC,RALEIGH,27609
2022,"THE AMUNDSEN GROUP INC",0,0,1,0,32,2729,NC,DURHAM,27703
2022,"THE AMUNDSEN GROUP INC",0,0,1,0,32,2729,NC,CHARLOTTE,28210
2022,"THE AMUNDSEN GROUP INC",1,0,0,0,54,2729,NC,DURHAM,27703
2022,"THE BRIXTON GROUP INC",1,0,1,0,54,7928,NC,CHARLOTTE,28211
2022,"THE BURLINGTON SCHOOL INC",0,0,1,0,61,2840,NC,BURLINGTON,27215
2022,"THE CATO CORPORATION",0,0,1,0,44,4485,NC,CHARLOTTE,28273
2022,"THE CHARLOTTE MECKLENBURG HOSPITAL AUTHORITY D/B/A ATRIUM HEALTH",6,0,12,0,62,9945,NC,CHARLOTTE,28208
2022,"THE CHARLOTTE MECKLENBURG HOSPITAL AUTHORITY D/B/A ATRIUM HEALTH",1,0,0,0,62,9945,NC,CHARLOTTE,28203
2022,"THE CHILDREN S VILLAGE ACADEMY",4,0,0,1,61,1767,NC,KINSTON,28501
2022,"THE EXPERIENTIAL SCHOOL OF GREENSBORO",2,0,0,0,61,6633,NC,GREENSBORO,27401
2022,"THE FINANCIAL RISK GROUP INC",0,0,1,0,54,5861,NC,CARY,27511
2022,"THE FRESH MARKET",1,0,0,0,44,1233,NC,GREENSBORO,27401
2022,"THE INST FOR THE DEVELOPMENT OF YO",0,0,1,0,61,0657,NC,DURHAM,27703
2022,"THE MARSHALL GROUP USA LLC",1,0,0,0,42,1726,NC,BOONE,28607
2022,"THE MOSES H CONE MEMORIAL HOSP OPE",0,0,1,0,62,8823,NC,GREENSBORO,27407
2022,"THE MOSES H CONE MEMORIAL HOSPITAL OPERATING CORP INC D/B/A CONE HEALTH",0,0,1,0,62,8823,NC,GREENSBORO,27403
2022,"THE MOSES H CONE MEMORIAL HOSPITAL OPERATING CORP INC D/B/A CONE HEALTH",0,0,1,0,62,8823,NC,GREENSBORO,27407
2022,"THE OPEN SKY GROUP LLC",0,0,1,0,54,1117,NC,"FUQUAY VARINA",27526
2022,"THE PAUL R BROWN LEADERSHIP ACADEM",0,0,1,0,61,0632,NC,ELIZABETHTOWN,28337
2022,"THE THARPE CO INC DBA ENGAGE2 EXCE",0,0,1,0,99,3970,NC,MOORESVILLE,28117
2022,"THOMASVILLE CITY SCHOOL",1,0,0,0,61,1120,NC,THOMASVILLE,27360
2022,"THREE OAKS ENGINEERING",0,0,1,0,54,,NC,DURHAM,27701
2022,"TILA TECHNOLOGIES INC",0,0,1,0,54,6624,NC,CHARLOTTE,28262
2022,"TILE REDI LTD",1,0,1,0,32,7680,NC,CHARLOTTE,28205
2022,"TMF FUND SERVICES NORTH AMERICA, L",1,0,0,0,54,3453,NC,CARY,27511
2022,"TOPQUADRANT INC",1,0,0,0,54,3813,NC,RALEIGH,27606
2022,"TORQATA DATA AND ANALYTICS LLC",0,0,1,0,51,4992,NC,HUNTERSVILLE,28078
2022,"TORQUE TECHNOLOGIES LLC",2,0,31,3,54,3863,NC,CARY,27511
2022,"TORQUE TECHNOLOGIES LLC",0,0,1,0,51,3863,NC,CARY,27511
2022,"TORRENT CONSULTING LLC",1,0,1,0,54,5442,NC,CHARLOTTE,28208
2022,"TOSHIBA GLOBAL COMMERCE SOLNS INC",1,0,18,0,44,6414,NC,DURHAM,27703
2022,"TOSHIBA GLOBAL COMMERCE SOLUTIONS INC",0,0,1,0,44,6416,NC,DURHAM,27703
2022,"TOSHIBA GLOBAL COMMERCE SOLUTIONS INC",2,0,40,0,44,6414,NC,DURHAM,27703
2022,"TOTVS INC DBA TOTVS LABS",0,0,1,0,54,0626,NC,RALEIGH,27601
2022,"TRANE TECHNOLOGIES COMPANY LLC",11,0,22,0,33,6640,NC,DAVIDSON,28036
2022,"TRANSACTIVE INC",0,0,1,0,52,8479,NC,CARY,27513
2022,"TRELLEBORG BOOTS NORTH AMERICA INC",0,0,1,0,33,8363,NC,SALISBURY,28147
2022,"TRELLEBORG COATED SYSTEMS US INC",1,0,1,0,32,0071,NC,RUTHERFORDTON,28139
2022,"TRESATA INC",2,0,0,0,51,8475,NC,CHARLOTTE,28203
2022,"TRETA IT INC",2,0,0,0,54,5589,NC,CHARLOTTE,28262
2022,"TRIAD MATH & SCIENCE ACADEMY CO",5,0,2,0,61,1670,NC,GREENSBORO,27406
2022,"TRIAD MATH AND SCIENCE ACADEMY CO",24,0,4,1,61,1670,NC,GREENSBORO,27406
2022,"TRIANGLE ACCOUNTING INC",3,1,2,0,54,2102,NC,CARY,27511
2022,"TRIANGLE ACCOUNTING INC",0,0,2,0,54,2102,NC,"SILER CITY",27344
2022,"TRIBIS INC",3,1,12,0,54,6432,NC,CHARLOTTE,28277
2022,"TRIDIUM INC",0,0,1,0,33,3375,NC,CHARLOTTE,28202
2022,"TRIGGER IT LLC",0,0,5,0,54,7524,NC,CARY,27513
2022,"TRIHELIX SOFTWARE LLC",0,0,1,0,54,0968,NC,CARY,27513
2022,"TRILLIANT NETWORKS INC",2,0,6,0,54,3462,NC,CARY,27513
2022,"TRILOGY WRITING & CONSULTING INC.",1,0,0,0,71,6235,NC,DURHAM,27713
2022,"TRISTAR CONSULTANCY INC",0,0,1,0,54,0167,NC,CARY,27518
2022,"TROXLER ELECTRONIC LABORATORIES INC",0,0,1,0,33,3744,NC,DURHAM,27709
2022,"TRUELEARN LLC",1,0,0,0,99,6869,NC,MOORESVILLE,28117
2022,"TRUIST BANK",33,0,204,2,52,9887,NC,CHARLOTTE,28202
2022,"TRULIANT FEDERAL CREDIT UNION",0,0,1,0,52,2032,NC,"WINSTON SALEM",27103
2022,"TRYON SOLUTIONS",0,0,1,0,54,1150,NC,RALEIGH,27607
2022,"TSG CONSULTING LLC",1,0,4,0,54,8988,NC,RALEIGH,27606
2022,"TUMULT LABS INC",1,0,0,0,54,7223,NC,DURHAM,27701
2022,"TURBOTEC PRODUCTS INC",1,0,0,0,42,6387,NC,NEWTON,28658
2022,"TYRON SOLUTIONS",1,0,1,0,54,1150,NC,RALEIGH,27607
2022,"UCB BIOSCIENCES INC",0,0,1,0,32,5667,NC,MORRISVILLE,27560
2022,"UI PATH TEK LLC",9,0,1,0,54,0017,NC,CHARLOTTE,28262
2022,"UI PATH TEK LLC",6,2,9,1,54,0017,NC,CORNELIUS,28031
2022,"UMICORE AUTOCAT USA INC",0,0,1,0,33,4309,NC,RALEIGH,27612
2022,"UNC PHYSICIANS NETWORK LLC",0,0,1,0,62,1647,NC,MORRISVILLE,27560
2022,"UNC SCHOOL OF THE ARTS",1,0,1,0,61,5273,NC,"WINSTON SALEM",27127
2022,"UNION ACADEMY CHARTER SCHOOL",2,0,0,0,61,2412,NC,MONROE,28110
2022,"UNION LLC",1,0,0,0,54,0417,NC,CHARLOTTE,28208
2022,"UNIQUETEX LLC",3,0,0,0,32,5493,NC,GROVER,28073
2022,"UNITED PAINTING SERVICES INC",1,0,0,0,23,1493,NC,MONROE,28110
2022,"UNITED REHAB SPECIALIST LLC",0,0,2,0,62,3586,NC,WESTFIELD,27053
2022,"UNITED SORTATION SOLUTIONS LLC",0,0,2,0,54,4026,NC,CHARLOTTE,28202
2022,"UNIV OF NC AT CHAPEL HILL",16,0,23,0,61,1393,NC,"CHAPEL HILL",27599
2022,"UNIV OF NORTH CAROLINA ASHEVILLE",2,0,3,0,61,2370,NC,ASHEVILLE,28804
2022,"UNIV OF NORTH CAROLINA CHARLOTTE",7,0,9,1,61,1228,NC,CHARLOTTE,28223
2022,"UNIV OF NORTH CAROLINA GREENSBORO",4,0,14,2,61,1468,NC,GREENSBORO,27412
2022,"UNIV OF NORTH CAROLINA GREENSBORO",1,0,0,0,61,1469,NC,GREENSBORO,27412
2022,"UNIV OF NORTH CAROLINA PEMBROKE",3,0,3,1,61,0805,NC,PEMBROKE,28372
2022,"UNIVERSITY OF MOUNT OLIVE",0,0,1,1,61,3936,NC,"MOUNT OLIVE",28365
2022,"UNIVERSITY OF NORTH CAROLINA AT CHAPEL HILL",48,0,54,2,61,1393,NC,"CHAPEL HILL",27599
2022,"UNIVERSITY OF NORTH CAROLINA WILMI",3,0,2,0,61,8660,NC,WILMINGTON,28403
2022,"UNIVERSITY OF NORTH CAROLINA WILMINGTON",9,0,5,0,61,8660,NC,WILMINGTON,28403
2022,"UOP LLC",3,1,6,0,54,5904,NC,CHARLOTTE,28202
2022,"UOP LLC",1,0,4,0,32,5904,NC,CHARLOTTE,28202
2022,"UPM RAFLATAC INC",0,0,1,0,56,1390,NC,"MILLS RIVER",28759
2022,"UTOPIA GLOBAL INC",0,0,4,0,54,6423,NC,RALEIGH,27609
2022,"UTOPIA GLOBAL INC",0,0,1,0,99,6432,NC,RALEIGH,27609
2022,"VALLEY CARDIOLOGY P A",2,0,0,0,62,4415,NC,FAYETTEVILLE,28304
2022,"VANCE COUNTY SCHOOLS",10,0,5,0,61,1124,NC,HENDERSON,27536
2022,"VANKAY SYSTEMS INC",1,0,0,0,54,8632,NC,MORRISVILLE,27560
2022,"VARUNAVI IT CONSULTANTS INC",3,0,0,0,54,7185,NC,MORRISVILLE,27560
2022,"VATANDOSH CONNECT",0,1,0,0,92,3534,NC,"CHAPEL HILL",27517
2022,"VAULT LLC",1,0,0,0,33,6767,NC,"HIGH POINT",27260
2022,"VBRIDGEIT INC",0,0,3,0,54,1623,NC,CONCORD,28027
2022,"VBRIDGEIT INC",5,1,9,0,54,1623,NC,CHARLOTTE,28262
2022,"VECTOR PSYCHOMETRIC GROUP LLC",0,0,1,0,54,9825,NC,"CHAPEL HILL",27516
2022,"VEDHI SOLUTIONS LLC",0,0,2,0,54,1952,NC,GREENSBORO,27408
2022,"VELOS LLC",0,0,1,0,54,7424,NC,CARY,27513
2022,"VENCEDOR SOFTWARE GROUP INC",10,0,0,0,54,3598,NC,CARY,27513
2022,"VENDOR TEAM SERVICES LLC",1,0,0,0,54,7546,NC,MOORESVILLE,28115
2022,"VEOLIA WATER TECHNOLOGIES INC",0,0,1,0,22,4257,NC,CARY,27513
2022,"VERANEX INC",0,1,0,0,54,7638,NC,RALEIGH,27607
2022,"VERANEX INC DBA XIMEDICA",2,0,0,0,54,5453,NC,RALEIGH,27607
2022,VERASCI,1,0,0,0,54,4807,NC,DURHAM,27707
2022,"VERSATRIM LLC",1,0,0,0,32,4760,NC,HENDERSON,27537
2022,"VESUVIUS USA CORPORATION",0,0,1,0,33,3657,NC,CHARLOTTE,28217
2022,"VF CORPORATION",0,0,4,0,31,0120,NC,GREENSBORO,27408
2022,"VF SERVICES LLC",1,0,21,0,31,8762,NC,GREENSBORO,27408
2022,"VIABLY CAPITAL INC",0,0,2,0,54,9327,NC,RALEIGH,27603
2022,"VIDANT MEDICAL GROUP LLC D/B/A VID",0,0,2,0,62,0839,NC,GREENVILLE,27834
2022,"VIDANT MEDICAL GROUP LLC D/B/A VIDANT MEDICAL GROUP",5,0,17,0,62,0839,NC,GREENVILLE,27834
2022,"VIGILANCE COMBATIVES AND MARTIAL",1,0,0,0,61,5097,NC,ABERDEEN,28315
2022,"VIIV HEALTHCARE COMPANY",1,0,0,0,32,8695,NC,DURHAM,27709
2022,"VIKSAN INC",1,0,0,0,54,6924,NC,CHARLOTTE,28246
2022,"VISION SQUARE INC",0,0,1,0,54,7178,NC,CHARLOTTE,28277
2022,"VITALSOURCE TECHNOLOGIES LLC",0,0,2,0,42,9099,NC,RALEIGH,27601
2022,"VOCOLLECT INC",1,0,2,0,54,4121,NC,CHARLOTTE,28202
2022,"VOLVO FINANCIAL SERVICES LLC",1,0,0,0,52,4905,NC,GREENSBORO,27409
2022,"VOLVO FINANCIAL SERVICES LLC",0,0,1,0,52,6177,NC,GREENSBORO,27409
2022,"VOLVO GROUP NORTH AMERICA LLC",8,0,15,1,33,1188,NC,GREENSBORO,27409
2022,"VONTIER EMPLOYMENT SERVICES LLC",1,0,1,0,33,7008,NC,RALEIGH,27607
2022,"VORTEX SALES GROUP LLC",1,0,0,0,42,0341,NC,MORRISVILLE,27560
2022,"VR ITECH CONSULTING LLC",11,1,3,0,54,0227,NC,DURHAM,27703
2022,"W K DICKSON & CO INC",0,0,1,0,54,6717,NC,CHARLOTTE,28208
2022,"WA COUNTY BOARD OF ED",1,0,0,0,61,1128,NC,PLYMOUTH,27962
2022,"WAKE FOREST UNIV BAPTIST MED CTR",2,0,2,0,61,0238,NC,"WINSTON SALEM",27157
2022,"WAKE FOREST UNIV HEALTH SCIENCES",7,0,9,1,61,9199,NC,"WINSTON SALEM",27157
2022,"WAKE FOREST UNIVERSITY",12,0,6,0,61,2138,NC,"WINSTON SALEM",27109
2022,"WAKE FOREST UNIVERSITY BAPTIST MED",1,0,1,0,61,0238,NC,"WINSTON SALEM",27157
2022,"WAKE FOREST UNIVERSITY BAPTIST MEDICAL CENTER",7,0,3,0,61,0238,NC,"WINSTON SALEM",27157
2022,"WAKE FOREST UNIVERSITY HEALTH SCIENCES",11,0,10,1,61,9199,NC,"WINSTON SALEM",27157
2022,WAKEMED,1,0,1,0,62,7737,NC,RALEIGH,27610
2022,"WARREN COUNTY SCHOOLS",15,0,0,0,61,4083,NC,WARRENTON,27589
2022,"WEAVER COOKE CONSTRUCTION LLC",0,0,1,0,23,2075,NC,GREENSBORO,27409
2022,"WEB GEO SOLUTIONS LLC",0,0,1,0,54,7008,NC,APEX,27502
2022,"WEBONISE US LLC",1,0,0,0,54,6099,NC,RALEIGH,27615
2022,"WELL CARE LLC",1,0,1,0,62,5706,NC,WILMINGTON,28405
2022,"WELLNECITY LLC",4,0,2,0,51,2504,NC,"WINSTON SALEM",27101
2022,"WESTERN CAROLINA UNIVERSITY",2,0,9,0,61,1440,NC,CULLOWHEE,28723
2022,"WILLIAMSTON HOSPITAL CORPORATION",0,0,2,0,62,9107,NC,WILLIAMSTON,27892
2022,"WILLOUGHBY 2000 PLLC",0,0,1,0,23,7767,NC,DAVIDSON,28036
2022,"WILSON COUNTY SCHOOLS",0,0,1,0,61,1134,NC,WILSON,27894
2022,"WILSON PREPARATORY ACADEMY",3,0,1,0,61,8935,NC,WILSON,27896
2022,"WILSON-COOK MEDICAL INC",0,0,1,0,33,7175,NC,"WINSTON SALEM",27105
2022,"WINSTON SALEM STATE UNIV",1,0,0,0,61,1466,NC,"WINSTON SALEM",27110
2022,"WINSTON SALEM/FORSYTH COUNTY SCHOO",0,0,2,0,61,5164,NC,"WINSTON SALEM",27105
2022,"WINSTON SALEM/FORSYTH COUNTY SCHOOLS",14,0,7,1,61,5164,NC,"WINSTON SALEM",27105
2022,"WIRELESS SYSTEMS SOLUTIONS LLC",1,0,0,0,54,9906,NC,CARY,27518
2022,"WISDOM SOFT INC",0,0,4,0,54,1755,NC,RALEIGH,27615
2022,"WISETECH GLOBAL US INC",0,0,1,0,54,1674,NC,"CHAPEL HILL",27517
2022,"WOLFSPEED INC",6,0,11,1,33,2719,NC,DURHAM,27703
2022,"WOMBLE BOND DICKINSON US LLP",0,0,1,0,54,8470,NC,CHARLOTTE,28202
2022,"WORLDWIDE CLINICAL TRIALS HOLDINGS",0,0,3,0,54,8036,NC,DURHAM,27709
2022,"WQS FOOD VERIFICATION LLC",0,0,1,0,92,8772,NC,CHARLOTTE,28226
2022,"WYNNEFORD ADVISORS LLC",1,0,0,0,54,4133,NC,RALEIGH,27609
2022,"XDIN INC",0,0,1,0,54,4160,NC,GREENSBORO,27409
2022,"XDIN INC",6,0,5,0,54,4160,NC,GREENSBORO,27409
2022,"XOVE CONSULTING SERVICES CORPORATION",8,0,1,0,54,5227,NC,RALEIGH,27607
2022,"XPO ENTERPRISE SERVICES LLC",1,0,21,1,54,1825,NC,CHARLOTTE,28277
2022,"XPO INTERMODEL SERVICES LLC",0,0,2,0,54,2627,NC,CHARLOTTE,28277
2022,"XPO LOGISTICS INC",1,0,13,0,54,0326,NC,CHARLOTTE,28277
2022,"XPO LOGISTICS MANAGED TRANSPORTATI",1,0,3,0,54,8160,NC,CHARLOTTE,28277
2022,"XPO LOGISTICS MANAGED TRANSPORTATION LLC",1,0,8,0,54,8160,NC,CHARLOTTE,28277
2022,"XPO LOGISTICS SUPPLY CHAIN CORP SE",2,0,11,0,54,4859,NC,CHARLOTTE,28277
2022,"XPO LOGISTICS SUPPLY CHAIN INC",0,0,4,0,54,7457,NC,CHARLOTTE,28277
2022,"XPO LOGISTICS WORLDWIDE INC",0,0,5,0,54,0689,NC,CHARLOTTE,28277
2022,"XPO LTL SOLUTIONS LLC",0,0,1,0,54,8205,NC,CHARLOTTE,28277
2022,"XPO NAT SOLUTIONS LLC",0,0,17,0,48,8974,NC,CHARLOTTE,28277
2022,"XSOME BIOTECH INC",1,0,0,0,54,4540,NC,CARY,27519
2022,"XTRACIT INC",2,0,12,1,54,8806,NC,CHARLOTTE,28269
2022,"XTRAMILE SOFT LLC",0,0,1,0,54,8408,NC,CHARLOTTE,28262
2022,"Y-PRIME LLC",0,0,1,0,54,2651,NC,RALEIGH,27609
2022,"YANCEYVILLE OPCO LLC D/B/A YANCEYVILLE REHABILITATION AND HEALTHCARE CENTER",0,0,1,0,62,6710,NC,YANCEYVILLE,27379
2022,"YANJAN USA, LLC",1,0,0,0,31,9166,NC,STATESVILLE,28625
2022,"YASTE & HUFANDA DDS PLLC DBA BALLANTYNE DENISTRY",1,0,0,0,62,7080,NC,CHARLOTTE,28277
2022,"YESJ EXPERT LLC",2,0,0,0,54,8985,NC,CHARLOTTE,28277
2022,"YP SOLUTIONS INC",0,0,1,0,54,3858,NC,MORRISVILLE,27560
2022,"YUAN QIU BUS GR LLC DBA ELITE MOTO",0,0,1,0,99,9120,NC,CHARLOTTE,28210
2022,"YUAN QIU BUS GR LLC DBA ELITE MOTO",0,0,3,0,42,9120,NC,CHARLOTTE,28210
2022,"YUKON MEDICAL LLC",0,0,1,0,33,4670,NC,DURHAM,27703
2022,"ZALONI INC",1,0,8,0,54,3635,NC,DURHAM,27709
2022,"ZEALIC SOLUTIONS INC",0,0,1,0,54,6809,NC,RALEIGH,27606
2022,"ZELECLOUD LLC",8,0,3,0,54,4696,NC,RALEIGH,27601
2022,"ZENSPACE IT LLC",6,0,0,0,54,9011,NC,MOORESVILLE,28117
2022,"ZINGER SOFTWARE SOLUTIONS INC",0,0,1,0,54,7521,NC,CARY,27513
2022,"ZNDUS EAST INC",0,0,1,0,99,4093,NC,STATESVILLE,28625
