"Fiscal Year",Employer,"Initial Approval","Initial Denial","Continuing Approval","Continuing Denial",NAICS,"Tax ID",State,City,ZIP
2022,"906 STUDIO PLLC",0,0,1,0,54,7456,TN,FRANKLIN,37064
2022,"AADG INC D B A CECO DOOR PRODUCTS",0,0,1,0,33,2404,TN,MILAN,38358
2022,"AADG INC D/B/A CECO DOOR PRODUCTS",0,0,2,0,33,5179,TN,MILAN,38358
2022,"ABB INSTALLATION PRODUCTS INC",1,0,0,0,42,6940,TN,MEMPHIS,38120
2022,"ABG OPERATING LLC D B A AMERICAN BATH GROUP LLC",0,0,1,0,32,4265,TN,SAVANNAH,38372
2022,"ACE IT WORLD INC",1,0,0,0,54,6683,TN,FRANKLIN,37067
2022,"AD FONTES INC",1,0,0,0,54,5055,TN,NASHVILLE,37211
2022,"ADDIGURU LLC",1,0,0,0,51,4434,TN,KNOXVILLE,37919
2022,"ADHEREHEALTH LLC",1,0,1,0,62,5915,TN,FRANKLIN,37067
2022,"ADMINISTRATIVE OFFICE OF THE COURTS TN SUPREME COURT",1,0,2,0,92,1445,TN,NASHVILLE,37219
2022,"ADMINISTRATIVE OFFICE OF THE COURTS TN SUPREME COURT",0,0,1,0,92,1445,TN,NASHVILLE,37243
2022,"ADVANCED DIAGNOSTIC IMAGING P C",0,0,1,0,62,4165,TN,GOODLETTSVILLE,37072
2022,"ADVANCED THERAPY SOLUTIONS LLC",1,0,0,0,62,7982,TN,GOODLETTSVILLE,37072
2022,"ADVENT HEALTH PARTNERS INC",0,0,1,0,52,3121,TN,NASHVILLE,37217
2022,"AIRXCEL INC - SUBURBAN DIVISION",1,0,0,0,33,1795,TN,DAYTON,37321
2022,"AKZO NOBEL COATINGS INC",1,0,5,0,32,7291,TN,NASHVILLE,37214
2022,"ALLIANCEBERNSTEIN L P",14,0,67,1,52,4930,TN,NASHVILLE,37203
2022,"ALLIANCEBERNSTEIN L P",0,0,5,0,52,4930,TN,NASHVILLE,37219
2022,"ALON USA GP LLC",0,0,1,0,32,9832,TN,NASHVILLE,37207
2022,"ALSAC/ST JUDE CHILDREN S RESEARCH",0,0,3,0,56,4585,TN,MEMPHIS,38105
2022,"ALSAC/ST JUDE CHILDRENS RESEARCH HOSPITAL",1,0,23,0,56,4585,TN,MEMPHIS,38105
2022,"AMERICA PLASTICS LLC DBA OMEGA PLA",0,0,0,2,32,5324,TN,KNOXVILLE,37931
2022,"AMERICAN ADDICTION CENTERS",0,0,2,0,62,3320,TN,BRENTWOOD,37027
2022,"AMERICAN APPLIANCE PRODUCTS LLC",0,0,1,0,44,3135,TN,NEWPORT,37821
2022,"AMERICAN HOME SHIELD CORPORATION",2,0,19,0,52,6654,TN,MEMPHIS,38103
2022,"AMERICAN RESIDENTIAL SERVICES LLC",1,0,0,0,23,4801,TN,MEMPHIS,38120
2022,"AMERICAS COLLECTIBLES NETWORK IN",1,0,1,0,51,3085,TN,KNOXVILLE,37922
2022,"AMERICAS COLLECTIBLES NETWORK INC",2,0,9,0,51,3085,TN,KNOXVILLE,37922
2022,"AMERICOLD LOGISTICS LLC",0,0,1,0,49,1006,TN,BRENTWOOD,37027
2022,"AMERITEAM SERVICES LLC",0,0,1,0,62,9748,TN,KNOXVILLE,37919
2022,"AMG SOUTHERN TN LLC",1,0,0,0,62,3648,TN,MANCHESTER,37355
2022,"AMG SOUTHERN TN LLC",0,0,1,0,62,3648,TN,WINCHESTER,37398
2022,"AMS OSRAM AUTOMOTIVE LIGHTING SYSS",1,0,0,0,33,9012,TN,HENDERSONVILLE,37075
2022,"ANCORE LLC",0,0,1,0,54,5908,TN,FRANKLIN,37064
2022,"ANESTHESIOLOGISTS OF GREATER ORLANDO INC",0,0,1,0,62,2796,TN,NASHVILLE,37215
2022,"ANJ AMERICA INC",1,0,0,0,54,9862,TN,MEMPHIS,38103
2022,"AOC LLC ALPHA CORPORATION OF TENNESSEE",1,0,0,0,32,3820,TN,COLLIERVILLE,38017
2022,"APP OF ALABAMA HM LLC",1,0,1,0,56,7366,TN,BRENTWOOD,37027
2022,"APP OF ILLINOIS HM PLLC",0,0,1,0,62,1710,TN,BRENTWOOD,37027
2022,"APP OF ILLINOIS HM PLLC",2,0,0,0,56,1710,TN,BRENTWOOD,37027
2022,"APP OF ILLINOIS HM PLLC DBA AMERIC",0,0,1,0,62,1710,TN,BRENTWOOD,37027
2022,"APP OF NEW MEXICO HM PLLC",2,0,3,0,56,8428,TN,BRENTWOOD,37027
2022,"APP OF NEW MEXICO HM PLLC",0,0,1,0,62,8428,TN,BRENTWOOD,37027
2022,"APP OF SOUTHERN ARIZONA HM LLC",0,0,1,0,56,7161,TN,BRENTWOOD,37027
2022,"APP OF TENNESSEE HM PLLC",3,0,3,0,56,8242,TN,BRENTWOOD,37027
2022,"APPALACHIAN VACATIONS LLC",0,1,0,0,53,4369,TN,"JOHNSON CITY",37604
2022,"APPLIED GRATITUDE INC D/B/A THNKS",0,0,1,0,54,6636,TN,FRANKLIN,37064
2022,"APPLIED HEALTH ANALYTICS LLC",1,0,0,0,54,5300,TN,NASHVILLE,37219
2022,"ARC THERAPY SERVICES LLC",0,0,1,0,62,4518,TN,NASHVILLE,37203
2022,"ARCH MEDICAL SOLUTIONS MEMPHIS LLC",0,0,1,0,33,3986,TN,MEMPHIS,38133
2022,"ARCH PLASTICS PACKAGING LLC",1,0,0,0,32,4110,TN,CHATTANOOGA,37421
2022,"ARCH WELL HEALTH PROFESSIONAL SVCS OF ALABAMA LLC",1,0,0,0,62,2173,TN,NASHVILLE,37205
2022,"ARKANA INFOTECH INC",8,0,0,0,54,4956,TN,MEMPHIS,38119
2022,"ARROYO CONSULTING LLC",2,0,1,0,54,0592,TN,NASHVILLE,37209
2022,"ARS INTERMEDIATE HOLDINGS LLC",0,0,1,0,23,4188,TN,MEMPHIS,38120
2022,"ASP WEB SOLUTIONS LLC",1,0,0,0,54,4948,TN,BARTLETT,38134
2022,"ASP WEB SOLUTIONS LLC",0,0,1,0,54,4948,TN,MEMPHIS,38134
2022,"AST GLOBAL INC",1,0,1,0,54,8305,TN,MEMPHIS,38125
2022,"ASTEC INDUSTRIES INC",0,0,1,0,33,3631,TN,CHATTANOOGA,37410
2022,"ASURION LLC",0,0,24,0,52,7174,TN,NASHVILLE,37211
2022,"ASURION LLC",0,0,1,0,52,2162,TN,NASHVILLE,37211
2022,"ASURION LLC",9,0,102,1,52,7174,TN,NASHVILLE,37203
2022,"ATN HOELZEL LP",0,0,2,0,54,3477,TN,CHATTANOOGA,37421
2022,"AUGUST BIOSERVICES LLC",0,0,2,0,54,9988,TN,NASHVILLE,37210
2022,"AUSTIN PEAY STATE UNIVERSITY",4,0,6,0,61,6576,TN,CLARKSVILLE,37044
2022,"AUTOMATION NTH",2,0,0,0,54,7738,TN,"LA VERGNE",37086
2022,"AUTOZONE INC",0,0,1,0,44,1055,TN,MEMPHIS,38103
2022,"AUTOZONE INC",2,0,52,0,44,1055,TN,MEMPHIS,38103
2022,"AVANTI CORP",0,0,1,0,31,3441,TN,CLARKSVILLE,37040
2022,"AXIVISE INFORMATION TECHNOLOGIES INC",2,0,0,0,54,8893,TN,CORDOVA,38018
2022,"AZURE MEDICAL INNOVATION CORPORATI",0,0,1,0,33,3098,TN,KNOXVILLE,37932
2022,"BAPTIST MEMORIAL HLTH CARE CORP",0,0,1,0,62,1475,TN,MEMPHIS,38120
2022,"BAPTIST MEMORIAL MEDICAL GROUP INC",4,0,4,0,62,5731,TN,MEMPHIS,38120
2022,"BAPTIST MEMORIAL MEDICAL GROUP INC",0,0,1,0,62,5731,TN,MEMPHIS,38119
2022,"BELL & ASSOCIATES CONSTRUCTION LLC",1,0,0,0,23,2793,TN,BRENTWOOD,37027
2022,"BELLHOP INC",0,0,1,0,48,9202,TN,CHATTANOOGA,37402
2022,"BELMONT UNIVERSITY",4,0,2,0,61,5076,TN,NASHVILLE,37212
2022,"BENTKEY SERVICES LLC",0,0,2,0,51,4126,TN,NASHVILLE,37203
2022,"BETTER COLLECTIVE USA INC",0,0,1,0,51,7869,TN,NASHVILLE,37203
2022,"BG STAFFING LLC",0,0,1,0,54,4025,TN,BRENTWOOD,37027
2022,"BG STAFFING LLC D B A ZYCRON",0,0,1,0,54,4025,TN,BRENTWOOD,37027
2022,"BKD TWENTY ONE MANAGEMENT COMPANY INC",0,0,1,0,62,0548,TN,BRENTWOOD,37027
2022,"BLUE RIDGE PAPER PRODUCTS LLC",1,0,0,0,32,6509,TN,MEMPHIS,38119
2022,"BLUECROSS BLUESHIELD OF TENNESSEE",0,0,4,0,52,7913,TN,CHATTANOOGA,37402
2022,"BLUECROSS BLUESHIELD OF TENNESSEE INC",1,0,35,0,52,7913,TN,CHATTANOOGA,37402
2022,"BONNELL ALUMINUM INC",0,0,1,0,33,9971,TN,CARTHAGE,37030
2022,"BOS FRAMEWORK INC",0,0,1,0,54,2468,TN,FRANKLIN,37067
2022,"BRIDGESTONE AMERICAS INC",2,0,9,0,32,5067,TN,NASHVILLE,37201
2022,"BROADCAST MUSIC INC",0,0,3,0,51,4209,TN,NASHVILLE,37203
2022,"BROOKDALE EMPLOYEE SERVICES CORPOR",0,0,3,0,62,2463,TN,BRENTWOOD,37027
2022,"BUCKMAN LABORATORIES INTERNATIONAL",0,0,1,0,32,1048,TN,MEMPHIS,38108
2022,"BUCKMAN LABORATORIES INTERNATIONAL INC",0,0,3,0,32,1048,TN,MEMPHIS,38108
2022,"BUILTWELL BANK",0,0,1,0,52,0730,TN,CHATTANOOGA,37402
2022,"BUNCHES INC",1,0,0,0,54,6864,TN,NASHVILLE,37208
2022,"CAPSTONE REAL ESTATE GROUP INC",0,0,1,0,53,9307,TN,FRANKLIN,37067
2022,"CAREOPERATIVE LLC",0,0,1,0,54,9706,TN,BRENTWOOD,37027
2022,"CARLEX GLASS AMERICA LLC",0,0,1,0,32,0872,TN,NASHVILLE,37209
2022,"CARSON NEWMAN UNIVERSITY",3,0,0,0,61,9189,TN,"JEFFERSON CITY",37760
2022,"CEDAR RECOVERY OF MIDDLE TENNESSEE",0,0,1,0,62,8727,TN,NASHVILLE,37211
2022,"CENSIS TECHNOLOGIES INC",0,0,1,0,51,9815,TN,FRANKLIN,37067
2022,"CGI TECHNOLOGIES AND SOLUTIONS INC",1,0,0,0,54,6778,TN,BRENTWOOD,37024
2022,"CGS ADMINISTRATORS LLC",0,0,1,0,52,2297,TN,NASHVILLE,37214
2022,"CHASE DENNIS EMERGENCY MEDICAL GROUP INC",0,0,1,0,62,9637,TN,KNOXVILLE,37919
2022,"CHATTANOOGA HAMILTON COUNTY HOSP",0,0,1,0,62,0101,TN,CHATTANOOGA,37403
2022,"CHATTANOOGA HAMILTON COUNTY HOSPIT",0,0,2,1,62,0101,TN,CHATTANOOGA,37403
2022,"CHRISTIAN BROTHERS UNIV CBU",0,0,1,0,61,6666,TN,MEMPHIS,38104
2022,"CHRISTIAN BROTHERS UNIVERSITY CBU",2,0,2,0,61,6666,TN,MEMPHIS,38104
2022,"CHSPSC LLC",0,0,2,0,62,5957,TN,FRANKLIN,37067
2022,"CITY OF MEMPHIS, TENNESSEE",2,0,0,0,92,0361,TN,MEMPHIS,38103
2022,"CLARKSVILLE DENTAL CENTER GP",1,0,0,0,62,1846,TN,CLARKSVILLE,37042
2022,"CLOUDYWING TECHNOLOGIES INC",5,0,1,0,54,6723,TN,COLLIERVILLE,38017
2022,"CMH SERVICES INC",0,0,1,0,32,0988,TN,MARYVILLE,37804
2022,"CODESCIENCE INC",0,0,1,0,54,9675,TN,CHATTANOOGA,37405
2022,"CODESCIENCE INC",0,0,9,0,54,9675,TN,CHATTANOOGA,37402
2022,"COGENT HEALTHCARE OF  DECATUR  LLC",1,0,0,0,62,8430,TN,BRENTWOOD,37027
2022,"COGENT HEALTHCARE OF GEORGIA PC DBA SOUND PHYSICIANS OF GEORGIA II",1,0,0,0,62,1785,TN,BRENTWOOD,37027
2022,"COGENT HEALTHCARE OF NORTH CAROLINA P C D/B/A SOUND PHYSICIANS OF NORTH CAROLINA III",2,0,0,0,62,3678,TN,BRENTWOOD,37027
2022,"COGENT HEALTHCARE OF TENNESSEE, P.C. DBA SOUND PHYSICIANS OF TN II",1,0,0,0,62,6011,TN,BRENTWOOD,37027
2022,"COGENT MEDICAL CARE P C D/B/A SOUN",1,0,1,0,62,3048,TN,BRENTWOOD,37027
2022,"COMPLEX INDUSTRIES INC",1,0,0,0,42,3890,TN,MEMPHIS,38118
2022,"CONCH TECHNOLOGIES INC",3,0,0,0,54,5490,TN,MEMPHIS,38138
2022,"CONCH TECHNOLOGIES INC",0,0,1,0,54,5190,TN,GERMANTOWN,38138
2022,"CONCH TECHNOLOGIES INC",2,1,16,0,54,5490,TN,GERMANTOWN,38138
2022,"CONNICO LLC",1,0,0,0,23,8617,TN,"MOUNT JULIET",37122
2022,"CONTINENTAL EXPEDITED SERVICES INC",1,0,0,0,48,9115,TN,CLARKSVILLE,37040
2022,"COOK SYSTEMS INTERNATIONAL INC",2,0,0,0,54,4079,TN,MEMPHIS,38119
2022,"COOKEVILLE REGIONAL MEDICAL CENTER",1,0,1,0,62,2166,TN,COOKEVILLE,38501
2022,"CORE10 INC",0,0,1,0,51,3190,TN,FRANKLIN,37067
2022,"COVENANT MEDICAL GROUP INC",0,0,2,0,62,2917,TN,KNOXVILLE,37932
2022,"CRESTSOFT INC",2,0,0,0,54,9799,TN,COLLIERVILLE,38017
2022,"CRITICAL CARE PHYSICIAN OF NEW YORK P C",0,0,1,0,62,2204,TN,BRENTWOOD,37027
2022,"CULTURE SHIFT TEAM INC",1,0,0,0,54,5316,TN,"MOUNT JULIET",37122
2022,"CUMBERLAND KIDNEY SPECIALIST LLC",1,0,0,0,62,4733,TN,COOKEVILLE,38501
2022,"CUMMINS EMISSION SOLUTIONS INC",1,0,0,0,81,3890,TN,NASHVILLE,37214
2022,"CUMMINS EMISSION SOLUTIONS INC",6,0,44,1,33,3890,TN,NASHVILLE,37214
2022,"CUMMINS FILTRATION INC",4,0,23,0,33,9397,TN,NASHVILLE,37214
2022,"CUMMINS INC",0,0,1,0,33,7092,TN,NASHVILLE,37214
2022,"CUMMINS INC",0,0,1,0,33,7090,TN,NASHVILLE,37214
2022,"CUMMINS INC",0,0,1,0,33,7090,TN,NASHVILLE,37214
2022,"CUMMINS INC",161,3,508,5,33,7090,TN,NASHVILLE,37214
2022,"DAVITA INC",0,0,46,0,62,4549,TN,BRENTWOOD,37027
2022,"DAVITA INC",0,0,1,0,49,1006,TN,BRENTWOOD,37027
2022,"DE MAXIMIS DATA MANAGEMENT SOLUTIONS INC",2,0,0,0,54,3802,TN,KNOXVILLE,37919
2022,"DELEK US ENERGY INC",1,0,3,0,32,9066,TN,BRENTWOOD,37027
2022,"DELK INDUSTRIES INC",1,0,0,0,42,2648,TN,NASHVILLE,37209
2022,"DESIGNED CONVEYOR SYSTEMS LLC",0,0,2,0,33,8836,TN,FRANKLIN,37067
2022,"DOLLAR GENERAL CORPORATION",0,0,13,1,45,2302,TN,GOODLETTSVILLE,37072
2022,"DOLLAR GENERAL CORPORATION",0,0,2,0,45,2302,TN,GOODLETTSVLLE,37072
2022,"DOUBLE STAR INC",1,0,0,0,53,9735,TN,GALLATIN,37066
2022,"DURA LINE CORPORATION",1,0,0,0,33,5777,TN,KNOXVILLE,37934
2022,"DURA LINE LLC",0,0,1,0,33,3649,TN,KNOXVILLE,37934
2022,"DURA-LINE SERVICES LLC",2,0,0,0,33,5777,TN,KNOXVILLE,37934
2022,"EAST TENNESSEE CHILDRENS HOSPITAL INC",1,0,0,0,62,2604,TN,KNOXVILLE,37916
2022,"EAST TENNESSEE MEDICAL ASSOCIATES PC",0,0,1,0,62,7477,TN,"JOHNSON CITY",37604
2022,"EAST TENNESSEE STATE UNIVERSITY",9,0,7,0,61,1046,TN,"JOHNSON CITY",37614
2022,"EASTMAN CHEMICAL COMPANY",8,0,15,0,32,9359,TN,KINGSPORT,37660
2022,"ELECTRONIC MECHANICAL INTEGRATION",0,0,1,0,54,1358,TN,NASHVILLE,37217
2022,"EMERGENCY MEDICINE SERVICES OF MAINE LLC",1,0,2,0,62,6583,TN,KNOXVILLE,37919
2022,"EMERGENCY PHYSICIAN SERVICES OF NEW JERSEY PA",1,0,0,0,62,1982,TN,KNOXVILLE,37919
2022,"EMERGENCY SERVICES OF OKLAHOMA PC",0,0,1,0,62,9240,TN,KNOXVILLE,37919
2022,"EMMA INC",1,0,0,0,54,0397,TN,NASHVILLE,37210
2022,"ENERGYBOX INC",1,0,0,0,54,0189,TN,NASHVILLE,37208
2022,"ENOVATE MEDICAL LLC",0,0,1,0,33,2253,TN,MURFREESBORO,37129
2022,"ENVISION HEALTHCARE CORPORATION",0,0,8,0,62,8384,TN,NASHVILLE,37215
2022,"ENVISION PHYSICIAN SERVICES",0,0,1,0,62,4963,TN,NASHVILLE,37215
2022,"EPISODE SOLUTIONS LLC",0,0,1,0,54,3104,TN,NASHVILLE,37205
2022,"EPMG OF IL LLC DBA ENVISION PHYSICIAN SVCS",0,0,1,0,62,1582,TN,NASHVILLE,37215
2022,"EVANS DENTAL LABORATORY",0,0,1,0,33,6891,TN,CHATTANOOGA,37411
2022,"EVERGREEN PACKAGING LLC",0,0,1,0,32,2663,TN,MEMPHIS,38119
2022,"EVICORE HEALTHCARE MSI LLC",3,0,31,1,54,5395,TN,FRANKLIN,37067
2022,"EVICORE HEALTHCARE MSI LLC",0,0,1,0,52,5395,TN,FRANKLIN,37067
2022,"EVIDENCECARE INC",0,0,1,0,62,7726,TN,BRENTWOOD,37027
2022,"EVOLVE BANK & TRUST",1,0,0,0,52,7070,TN,MEMPHIS,38119
2022,"FAIST LIGHT METALS TENNESSEE LLC",0,0,1,0,33,6392,TN,RIPLEY,38063
2022,"FAROPOINT VENTURES LLC",0,0,1,0,53,1854,TN,MEMPHIS,38119
2022,"FEDERAL EXPRESS CORPORATION",9,0,15,0,49,7007,TN,MEMPHIS,38125
2022,"FEDEX CORPORATE SERVICES INC",1,0,0,0,49,2614,TN,COLLIERVILLE,38017
2022,"FEDEX CORPORATE SERVICES INC",0,0,1,0,49,8017,TN,MEMPHIS,38107
2022,"FEDEX CORPORATE SERVICES INC",0,0,1,0,49,9787,TN,COLLIERVILLE,38017
2022,"FEDEX CORPORATE SERVICES INC",0,0,1,0,49,2017,TN,COLLIERVILLE,38017
2022,"FEDEX CORPORATE SERVICES INC",56,0,318,3,49,8017,TN,COLLIERVILLE,38017
2022,"FEDEX CORPORATION",0,0,1,0,49,1435,TN,MEMPHIS,38120
2022,"FEDEX DATAWORKS INC",2,0,30,0,54,0120,TN,MEMPHIS,38120
2022,"FEDEX FREIGHT INC",0,0,3,0,49,2003,TN,MEMPHIS,38120
2022,"FEDEX FREIGHT INC",6,0,6,0,49,2003,TN,MEMPHIS,38125
2022,"FEDEX LOGISTICS INC",0,0,2,0,48,8886,TN,MEMPHIS,38103
2022,"FEDEX SUPPLY CHAIN LOGISTICS & ELECTRONICS INC",0,0,1,0,54,9389,TN,MEMPHIS,38103
2022,"FEDEX TRADE NETWORKS TRANSPORT & B",0,0,1,0,49,7223,TN,MEMPHIS,38103
2022,"FEDEX TRADE NETWORKS TRANSPORT & BROKERAGE INC",1,0,8,0,49,7223,TN,MEMPHIS,38103
2022,"FIRESTONE BUILDING PRODUCTS COMPANY LLC",0,0,1,0,32,4918,TN,NASHVILLE,37201
2022,"FIRST ACCEPTANCE INSURANCE COMPANY",1,0,0,0,52,3506,TN,NASHVILLE,37215
2022,"FIRST HORIZON BANK",0,0,17,1,52,1385,TN,MEMPHIS,38103
2022,"FISHER & ARNOLD INC",1,0,0,0,54,7853,TN,MEMPHIS,38125
2022,"FISK UNIVERSITY",0,0,1,0,61,2000,TN,NASHVILLE,37208
2022,"FLOATS & FUEL CELLS INC",0,0,1,0,32,6727,TN,MEMPHIS,38118
2022,"FLORIDA IPS MEDICAL SVCS LLC DBA E",1,0,3,0,62,8181,TN,NASHVILLE,37215
2022,"FOREMAN TECHNOLOGIES INC - DBA PAINTJET",1,0,0,0,33,8752,TN,HENDERSONVILLE,37075
2022,"FORTITUDE GROUP SERVICES INC",0,0,2,0,52,6466,TN,BRENTWOOD,37027
2022,"FORTRESS TECHNOLOGY SOLUTIONS INC",1,0,0,0,51,5927,TN,NASHVILLE,37203
2022,"FORTY AU LLC",1,0,0,0,54,1365,TN,NASHVILLE,37209
2022,"FRANKE MANAGEMENT LLC",0,0,1,0,56,3874,TN,SMYRNA,37167
2022,"FREED HARDEMAN UNIVERSITY",1,0,0,0,61,8288,TN,HENDERSON,38340
2022,"FREEDOM PREPARATORY ACAD CHARTER S",1,0,0,0,61,2579,TN,MEMPHIS,38109
2022,"FREEDOM PREPARATORY ACADEMY CHARTE",1,0,0,0,61,2579,TN,MEMPHIS,38109
2022,"FREEDOM PREPARATORY ACADEMY CHARTE",0,0,1,0,61,2579,TN,MEMPHIS,38126
2022,"FREIGHTWISE LLC",1,0,0,0,54,5352,TN,BRENTWOOD,37027
2022,"FUN TREATS INC",1,0,0,0,31,7508,TN,CLEVELAND,37311
2022,"FUNCTIONAL PATHWAYS OF TN LLC",0,0,1,0,62,2255,TN,KNOXVILLE,37932
2022,"FUTURE MAKERS INC DBA MORIMORI",1,0,0,0,72,6522,TN,"MT JULIET",37122
2022,"GALAXY3 CORP INC",1,0,0,0,54,6114,TN,COLLIERVILLE,38017
2022,"GALAXY3 CORP INC",2,1,5,0,54,6114,TN,COLLIERVILLE,38027
2022,"GALAXY3 CORP INC",0,0,1,0,54,6144,TN,COLLIERVILLE,38027
2022,"GEM TECHNOLOGIES INC",0,0,1,0,56,8186,TN,KNOXVILLE,37932
2022,"GENERAL COUNCIL OF FINANCE AND ADM",0,0,1,0,81,3333,TN,NASHVILLE,37203
2022,"GENERAL COUNCIL ON FINANCE AND ADMINISTRATION",0,0,2,0,81,3333,TN,NASHVILLE,37203
2022,"GENESCO INC",0,0,1,0,31,1340,TN,NASHVILLE,37217
2022,"GENESCO INC",0,0,1,0,31,1340,TN,NASHVILLE,37214
2022,"GEODIS LOGISTICS LLC",6,0,52,0,54,8798,TN,BRENTWOOD,37027
2022,"GERMANTOWN TECHNOLOGIES LLC",0,0,1,0,55,4345,TN,NASHVILLE,37208
2022,"GESTAMP CHATTANOOGA II LLC",1,0,2,0,33,3856,TN,CHATTANOOGA,37416
2022,"GESTAMP CHATTANOOGA LLC",0,0,1,0,33,2391,TN,CHATTANOOGA,37421
2022,"GRAPHITERX INC",0,0,1,0,54,8775,TN,NASHVILLE,37219
2022,"GREGORY PHARMACEUTICAL HOLDINGS IN",0,0,1,0,32,3017,TN,BRISTOL,37620
2022,"GRESHAM SMITH",3,0,8,0,54,4126,TN,NASHVILLE,37201
2022,"GUARDIAN HEALTHCARE PROVIDERS INC",3,0,3,0,56,4290,TN,BRENTWOOD,37027
2022,"HARVEY NASH INC",23,0,0,0,54,7138,TN,FRANKLIN,37067
2022,"HB2 ORIGINATION LLC",1,0,0,0,21,6760,TN,NASHVILLE,37203
2022,"HCA HEALTH SERVICES OF TENNESSEE INC DBA TRISTAR SOUTHERN HILLS MEDICAL CENTER",1,0,0,0,62,3737,TN,NASHVILLE,37211
2022,"HCA HUMAN RESOURCES LLC",0,0,2,0,62,0095,TN,NASHVILLE,37203
2022,"HCA IT&S FIELD OPERATIONS INC",0,0,2,0,55,5732,TN,NASHVILLE,37203
2022,"HCA MANAGEMENT SERVICES LP",0,0,1,0,55,8108,TN,NASHVILLE,37203
2022,"HCA MANAGEMENT SERVICES LP",0,0,1,0,54,8108,TN,NASHVILLE,37203
2022,"HCA MANAGEMENT SERVICES LP",8,0,58,0,55,8108,TN,NASHVILLE,37203
2022,"HEALTHCARE MANAGEMENT PARTNERS LLC",1,0,0,0,54,3144,TN,NASHVILLE,37203
2022,"HEALTHCARE SYSTEMS AND TECHNOLOGY LLC",0,0,1,0,54,8913,TN,NASHVILLE,37203
2022,"HEALTHSTREAM INC",8,0,25,1,51,3555,TN,NASHVILLE,37203
2022,"HELENA AGRI ENTERPRISES LLC",0,0,1,0,42,3688,TN,COLLIERVILLE,38017
2022,"HENARD METAL FABRICATORS INC",0,0,1,0,33,2933,TN,KINGSPORT,37660
2022,"HIGHLY MARELLI USA INC",0,0,2,0,33,3141,TN,SHELBYVILLE,37160
2022,"HIRERIGHT LLC",0,0,1,0,56,5016,TN,NASHVILLE,37214
2022,"HONEST MEDICAL GROUP LLC",1,0,1,0,52,2408,TN,NASHVILLE,37228
2022,"HOSPITAL MEDICINE ASSO LLC",1,0,0,0,62,5422,TN,KNOXVILLE,37919
2022,"HOSPITAL MEDICINE ASSOCIATES LLC",1,0,8,0,62,5422,TN,KNOXVILLE,37919
2022,"HOSPITAL MEDICINE OF CALIFORNIA INC",0,0,1,0,62,2153,TN,KNOXVILLE,37919
2022,"HOSPITAL MEDICINE SERVICES OF OHIO INC",1,0,0,0,62,0744,TN,KNOXVILLE,37919
2022,"HOSPITAL MEDICINE SVCS OF MAINE LLC",1,0,1,0,62,9808,TN,KNOXVILLE,37919
2022,"HOSPITAL MEDICINE SVCS OF TENNESSEE PC",0,0,3,0,62,8016,TN,KNOXVILLE,37919
2022,"HOSPITAL PHYSICIAN SERVICES SOUTHEAST PROFESSIONAL CORPORATION",19,1,13,0,62,6888,TN,KNOXVILLE,37919
2022,"HOSPITAL PHYSICIAN SVCS OF FL PA",0,0,2,0,62,0368,TN,KNOXVILLE,37919
2022,"HOSPITAL PHYSICIAN SVCS SOUTHEAST",9,1,12,0,62,6888,TN,KNOXVILLE,37919
2022,"HOSPITALIST MEDICINE PHYSICIANS OF",0,0,1,0,62,2550,TN,BRENTWOOD,37027
2022,"HOSPITALIST MEDICINE PHYSICIANS OF CALIFORNIA INC D/B/A SOUND PHYSICIANS OF CALIFORNIA III",2,0,0,0,62,1522,TN,BRENTWOOD,37027
2022,"HOSPITALIST MEDICINE PHYSICIANS OF TEXAS PLLC",6,0,5,0,62,1893,TN,BRENTWOOD,37027
2022,"HOSPITALIST MEDICINE PHYSICIANS OF VIRGINIA LLC DBA SOUND PHYSICIANS OF VIRGINIA II",1,0,1,0,62,7039,TN,BRENTWOOD,37027
2022,"HOSPITALIST MEDICINE PHYSICIANS OF WEST VIRGINIA PLLC DBA SOUND PHYSICIANS OF WEST VIRGINIA",3,0,0,0,62,2544,TN,BRENTWOOD,37027
2022,"HOSPITALIST PHYSICIANS OF ILLINOIS P C",2,0,1,0,62,5710,TN,KNOXVILLE,37919
2022,"HOSPITALIST PHYSICIANS OF ILLINOIS PC",0,0,1,0,62,5710,TN,KNOXVILLE,37919
2022,"HOSPITALIST PHYSICIANS OF MA PC",4,0,1,0,62,7619,TN,KNOXVILLE,37919
2022,"HOSPITALIST PHYSICIANS OF NEW HAMPSHIRE PC",1,0,0,0,62,6651,TN,KNOXVILLE,37919
2022,"HOSPITALIST SVCS OF NEVADA SCHERR",0,0,1,0,62,9984,TN,KNOXVILLE,37919
2022,"HOSPITALISTS OF ARIZONA INC",0,0,1,0,62,2851,TN,KNOXVILLE,37919
2022,"HOWELL METAL COMPANY",0,0,1,0,42,8110,TN,COLLIERVILLE,38017
2022,"HSS SYSTEMS LLC DBA PARALLON BUSINESS SOLUTIONS",1,0,0,0,55,5198,TN,NASHVILLE,37203
2022,"HUF NORTH AMERICA AUTOMOTIVE PARTS MANUFACTURING CORP",0,0,2,0,33,3553,TN,GREENEVILLE,37743
2022,"HYYPE INC",0,0,1,0,52,9101,TN,NASHVILLE,37206
2022,"ICON SOLUTIONS INC",0,0,2,0,54,0536,TN,MEMPHIS,38120
2022,"ICV SOLUTIONS INC D/B/A BEDROC",0,0,1,0,54,0981,TN,NASHVILLE,37204
2022,"INFOTECHORG LLC",1,0,0,0,54,2991,TN,"MOUNT JULIET",37122
2022,"INGRAM BOOK GROUP LLC",1,0,4,0,42,2373,TN,"LA VERGNE",37086
2022,"INNOVATE MANUFACTURING INC",0,0,1,0,32,4476,TN,KNOXVILLE,37931
2022,"INNOVATIVE MANAGEMENT INC",1,0,0,0,23,2676,TN,CHATTANOOGA,37421
2022,"INNOVATIVE SENIOR CARE HOME HEALTH",0,0,1,0,62,3118,TN,BRENTWOOD,37027
2022,"INNOVATIVE SENIOR CARE HOME HEALTH OF SAN JOSE LLC",1,0,2,0,62,8614,TN,NASHVILLE,37203
2022,"INPATIENT CONSULTANTS OF AL INC",0,0,1,0,62,6506,TN,KNOXVILLE,37919
2022,"INPATIENT CONSULTANTS OF FLORIDA INC",1,0,0,0,62,9272,TN,KNOXVILLE,37919
2022,"INPATIENT CONSULTANTS OF ILLINOIS",0,0,3,0,62,0411,TN,KNOXVILLE,37919
2022,"INPATIENT CONSULTANTS OF NEVADA IN",0,0,1,0,62,6537,TN,KNOXVILLE,37919
2022,"INPATIENT CONSULTANTS OF NEVADA INC A MEDICAL CORPORATION",1,0,4,0,62,6537,TN,KNOXVILLE,37919
2022,"INPATIENT CONSULTANTS OF TENNESSEE P C",4,0,0,1,62,7521,TN,KNOXVILLE,37919
2022,"INPATIENT CONSULTANTS OF TENNESSEE PC",1,0,0,0,62,7521,TN,KNOXVILLE,37919
2022,"INPATIENT SERVICES OF GEORGIA P C",0,0,3,0,62,9742,TN,NASHVILLE,37215
2022,"INPATIENT SERVICES OF NORTH CAROLINA P C DBA ENVISION PHYSICIAN SERVICES",0,0,4,0,62,8579,TN,NASHVILLE,37215
2022,"INPATIENT SERVICES OF NORTH CAROLINA PC",0,0,1,0,62,8579,TN,NASHVILLE,37215
2022,"INPATIENT SERVICES OF TEXAS P A DBA ENVISION PHYSICIAN SERVICES",0,0,1,0,62,4538,TN,NASHVILLE,37215
2022,"INPATIENT SPECIALISTS OF CALIFORNIA P C D B A SOUND PHYSICIANS OF CALIFORNIA IV",2,0,0,0,62,8565,TN,BRENTWOOD,37027
2022,"INTECH MEDICAL INC",0,0,1,0,33,2686,TN,MEMPHIS,38104
2022,"INTEGRITY REHAB GROUP INC",0,0,1,0,62,3785,TN,CHATTANOOGA,37421
2022,"INTEGRITY REHAB GROUP LLC",0,0,1,0,62,4356,TN,CHATTANOOGA,37421
2022,"INTELOMETRY INC",0,0,1,0,54,5956,TN,FRANKLIN,37067
2022,"INTERNATIONAL PAPER",0,0,15,0,32,2805,TN,MEMPHIS,38197
2022,"INTERNATIONAL SOURCING COMPANY INC",0,0,1,0,42,9254,TN,MEMPHIS,38118
2022,"INVENTORY LOCATOR SERVICES",0,0,1,0,54,3505,TN,CORDOVA,38018
2022,"IONTECH CONSULTING LLC",1,0,0,0,54,6502,TN,MEMPHIS,38125
2022,"IPC HOSPITALISTS OF NEW ENGLAND P C",1,0,1,0,62,1592,TN,KNOXVILLE,37919
2022,"ISHA FOUNDATION INC",0,0,1,0,61,4866,TN,MCMINNVILLE,37110
2022,"J CUMBY CONSTRUCTION INC",0,0,1,0,23,1822,TN,COOKEVILLE,38501
2022,"JACK SCARIANO JR MD PLLC",1,0,0,0,62,3818,TN,KNOXVILLE,37922
2022,"JACOBS TECHNOLOGY INC DBA JACOBS",0,0,5,0,54,0412,TN,TULLAHOMA,37388
2022,"JAI MATA INC DBA SITAR INDIAN CUISINE",0,0,1,0,72,0665,TN,NASHVILLE,37203
2022,"JEEVAN TECHNOLOGIES INC",12,0,4,0,54,7895,TN,BRENTWOOD,37027
2022,"JOHNSON UNIV",1,0,0,0,61,1104,TN,KNOXVILLE,37998
2022,"JTEKT AUTOMOTIVE TENNESSEE VONORE",0,0,1,0,33,0736,TN,VONORE,37885
2022,"JTEKT AUTOMOTIVE TENNESSEE VONORE LLC",0,0,2,0,33,0736,TN,VONORE,37885
2022,"KANINI SOFTWARE SOLUTIONS INC",1,0,5,0,54,3632,TN,NASHVILLE,37214
2022,"KASAI NORTH AMERICA INC",0,0,4,0,33,2160,TN,MURFREESBORO,37129
2022,"KATHERINE BIDWELL HAYWOOD DBA DAILY DESIGN GROUP",1,0,0,0,54,0122,TN,MEMPHIS,38112
2022,"KELVION PRODUCTS INC",1,0,0,0,33,9022,TN,KNOXVILLE,37914
2022,"KENCO LOGISTIC SERVICES LLC",0,0,5,0,49,4657,TN,CHATTANOOGA,37406
2022,"KENCO MANAGEMENT SERVICES LLC",3,0,6,0,49,4906,TN,CHATTANOOGA,37406
2022,"KENCO MGMT SERVICES LLC",0,0,2,0,49,4906,TN,CHATTANOOGA,37406
2022,"KENTUCKY IPS MEDICAL SERVICES INC DBA ENVISION PHYSICIAN SERVICES",1,0,0,0,62,,TN,NASHVILLE,32715
2022,"KEYLOGIC ASSOCIATES INC",1,0,0,0,54,0232,TN,"OAK RIDGE",37830
2022,"KEYSTONE AUTOMOTIVE INDUSTRIES INC",0,0,2,0,42,0557,TN,ANTIOCH,37013
2022,"KHOURY CPA PLLC",0,0,1,0,54,3680,TN,MURFREESBORO,37130
2022,"KIDNEY CARE CONSULTANTS PC",0,0,1,0,62,6678,TN,BARTLETT,38134
2022,"KIRCHHOFF AUTOMOTIVE MANCHESTER",1,0,0,0,33,3834,TN,MANCHESTER,37355
2022,"KIRCHHOFF AUTOMOTIVE MANCHESTER INC",2,0,0,0,33,3834,TN,MANCHESTER,37355
2022,"KIRKLANDS INC",0,0,3,0,54,7151,TN,BRENTWOOD,37027
2022,"KNOXVILLE UTILITIES BOARD",1,0,0,0,22,0324,TN,KNOXVILLE,37921
2022,"LABCONNECT HOLDINGS INC",0,0,2,0,54,4316,TN,"JOHNSON CITY",37601
2022,"LANDAIR LOGISTICS INC",0,0,1,0,54,6735,TN,GREENEVILLE,37743
2022,"LANE COLLEGE",1,0,0,0,61,0060,TN,JACKSON,38301
2022,"LATITUDE THIRTY SIX INC",10,0,22,0,54,1281,TN,FRANKLIN,37067
2022,"LBMC PC",1,0,0,0,54,9757,TN,BRENTWOOD,37027
2022,"LEARNTOWIN INC",1,0,0,0,51,7097,TN,NASHVILLE,37205
2022,"LEE COMPANY",1,0,0,0,23,3985,TN,FRANKLIN,37064
2022,"LEE UNIVERSITY",1,0,0,0,61,2739,TN,CLEVELAND,37320
2022,"LEMOYNE OWEN COLLEGE",1,0,0,0,61,5690,TN,MEMPHIS,38126
2022,"LEXINGTON ASSET MANAGEMENT TN LLC",1,0,0,0,53,0775,TN,MEMPHIS,38104
2022,"LG ELECTRONICS USA INC",1,0,0,0,33,0311,TN,CLARKSVILLE,37040
2022,"LHOIST NORTH AMERICA OF TENNESSEE",0,0,1,0,21,6140,TN,BRENTWOOD,37027
2022,"LIFE BRIDGE DENTAL PLLC",1,0,1,0,62,1219,TN,NASHVILLE,37209
2022,"LINCOLN MEMORIAL UNIV",1,0,0,0,61,9542,TN,HARROGATE,37752
2022,"LINCOLN MEMORIAL UNIVERSITY",2,0,0,0,61,9542,TN,HARROGATE,37752
2022,"LIPSCOMB UNIVERSITY",1,0,0,0,61,5733,TN,NASHVILLE,37204
2022,"LIRIO LLC",1,0,0,0,54,9920,TN,KNOXVILLE,37923
2022,"LNS HOSPITALITY LLC",1,0,0,0,72,4472,TN,GOODLETTSVILLE,37072
2022,"LOKION INTERACTIVE LLC",0,0,1,0,54,8822,TN,MEMPHIS,38103
2022,"LONESTAR HOSP MEDICINE ASSO PA",0,0,1,0,62,0993,TN,KNOXVILLE,37919
2022,"LONESTAR HOSPITAL MEDICINE ASSOCIATES PA",0,0,5,0,62,0993,TN,KNOXVILLE,37919
2022,"LONGHORN EMERGENCY MEDICAL ASSOCIATES",0,0,1,0,62,5231,TN,KNOXVILLE,37919
2022,"LOUISIANA PACIFIC CORPORATION",0,0,3,0,32,9074,TN,NASHVILLE,37219
2022,"LUDI INC",1,0,0,0,54,8069,TN,NASHVILLE,37215
2022,"MARELLI NORTH AMERICA INC",0,0,8,0,33,1687,TN,SHELBYVILLE,37160
2022,"MARS PETCARE US INC",0,0,2,0,31,0515,TN,FRANKLIN,37067
2022,"MARS WRIGLEY CONFECTIONERY US LLC",1,0,0,0,31,0055,TN,FRANKLIN,37067
2022,"MARSHALL TECHNOLOGIES INC",1,0,0,0,54,8518,TN,MEMPHIS,38137
2022,"MARTIN METHODIST COLLEGE",0,0,1,0,61,3210,TN,PULASKI,38478
2022,"MASSACHUSETTS ACUTE CARE SPECIALISTS PC",0,0,2,0,62,0741,TN,KNOXVILLE,37919
2022,"MEA STERLING LLC",1,0,0,0,62,8185,TN,KNOXVILLE,37919
2022,"MEDALOGIX LLC",0,0,1,0,54,9450,TN,NASHVILLE,37219
2022,"MEDHOST SERVICES INC",0,0,7,0,54,7970,TN,FRANKLIN,37067
2022,"MEDICAL EDUCATION ASSISTANCE CORP",1,0,0,0,62,2914,TN,"JOHNSON CITY",37614
2022,"MEDICAL EDUCATION ASSISTANCE CORPORATION",1,0,0,0,62,2914,TN,"JOHNSON CITY",37614
2022,"MEDICAL EDUCATION ASSISTANCE CORPORATION",0,0,1,0,62,2914,TN,"JOHNSON CITY",37604
2022,"MEHARRY  MEDICAL COLLEGE",0,0,1,0,61,8046,TN,NASHVILLE,37208
2022,"MEIWA INDUSTRY NORTH AMERICA INC",1,0,0,0,33,8135,TN,LEWISBURG,37091
2022,"MEMORIAL HEALTH CARE SYSTEM INC",1,0,0,0,62,2345,TN,CHATTANOOGA,37404
2022,"MEMORIAL HEALTH PARTNERS FOUDATION INC",1,0,1,0,62,7049,TN,CHATTANOOGA,37411
2022,"MEMPHIS BROOKS MUSEUM OF ART",0,0,1,0,71,3304,TN,MEMPHIS,38104
2022,"MEMPHIS FERTILITY LABORATORY INC",0,0,1,0,62,7893,TN,MEMPHIS,38120
2022,"MEMPHIS LIGHT GAS AND WATER MLGW",2,0,10,0,92,0362,TN,MEMPHIS,38103
2022,"MEMPHIS LUNG PHYSICIANS FDN INC",0,0,1,0,62,2975,TN,MEMPHIS,38120
2022,"MEMPHIS LUNG PHYSICIANS FOUNDATION",2,0,0,0,62,2975,TN,GERMANTOWN,38138
2022,"MEMPHIS LUNG PHYSICIANS FOUNDATION",0,0,2,0,62,2975,TN,MEMPHIS,38120
2022,"MESA ASSOCIATES INC",1,0,4,0,54,9698,TN,CHATTANOOGA,37402
2022,"METHODIST LE BONHEUR HEALTHCARE",3,0,5,1,62,4711,TN,MEMPHIS,38104
2022,"METROPOLIS EMPLOYEE SERVICES LLC",0,0,1,0,51,3666,TN,NASHVILLE,37201
2022,"MI SOFTECH INC",15,0,13,0,54,9075,TN,COLLIERVILLE,38017
2022,"MIDDLE TENNESSEE STATE UNIVERSITY",5,0,4,0,61,5794,TN,MURFREESBORO,37132
2022,"MIDSOUTH INFECTIOUS DISEASE ASSOCIATES PLLC",2,0,1,0,62,3960,TN,MEMPHIS,38120
2022,"MILLENNIUM GLOBAL TECHNOLOGIES LLC",2,0,0,1,54,7872,TN,MEMPHIS,38120
2022,"MILLER AND MARTIN PLLC",0,0,1,0,54,9014,TN,CHATTANOOGA,37402
2022,"MINDCARE SOLUTIONS P C",0,0,1,0,62,4531,TN,BRENTWOOD,37027
2022,"MINDMAP LLC DBA BUNDLEN",0,0,1,0,54,2615,TN,BRENTWOOD,37027
2022,"MINTH TENNESSEE INTERNATIONAL LLC",0,0,1,0,33,8246,TN,LEWISBURG,37091
2022,"MISSOURI IPS MEDICAL SVCS P C DBA ENVISION PHYSICIAN SVCS",1,0,0,0,62,4799,TN,NASHVILLE,37215
2022,"MITSUBISHI MOTORS NORTH AMERICA INC",0,0,1,0,42,3256,TN,FRANKLIN,37067
2022,"MLM MEDICAL LABS LLC",1,0,0,0,62,0992,TN,MEMPHIS,38112
2022,"MONROE OPERATIONS LLC D/B/A NEWPORT HEALTHCARE",1,0,0,0,62,5517,TN,NASHVILLE,37215
2022,"MONTGOMERY BELL ACADEMY OF THE UNIV OF NASHVILLE",1,0,0,0,61,3741,TN,NASHVILLE,37205
2022,"MOORE INFOTECH INC",10,0,0,0,54,1546,TN,MEMPHIS,38120
2022,"MOUNTAIN STATES HEALTH ALLIANCE",0,0,1,0,62,6282,TN,"JOHNSON CITY",37604
2022,"MOUNTAIN STATES PHYSICIAN GROUP IN",0,0,0,1,62,0412,TN,KINGSPORT,37660
2022,"MUSIC CITY INSURANCE & FINANCE LLC",0,0,1,0,52,6118,TN,NASHVILLE,37211
2022,"NASHVILLE CIVIC DESIGN CENTER",0,0,1,0,54,3508,TN,NASHVILLE,37201
2022,"NATCHEZ MEDICAL ASSOCIATES LLC",0,0,1,0,62,9094,TN,DICKSON,37055
2022,"NAVIHEALTH INC",0,0,18,0,62,9151,TN,BRENTWOOD,37027
2022,"NCONTRACTS LLC",0,0,1,0,54,5792,TN,CHRISTIANA,37037
2022,"NCONTRACTS LLC",0,0,3,0,54,5792,TN,BRENTWOOD,37027
2022,"NCONTRACTS LLC",0,0,2,0,51,5792,TN,BRENTWOOD,37027
2022,"NEOTEK SOLUTIONS LLC",10,0,0,0,54,7532,TN,NASHVILLE,37215
2022,"NEPHROLOGY ASSOCIATES PC",0,0,1,0,62,9604,TN,NASHVILLE,37205
2022,"NEW HAMPSHIRE IPS MEDICAL SVCS LLC DBA ENVISION PHYSICIAN SVCS",1,0,2,0,62,0162,TN,NASHVILLE,37215
2022,"NEWQUEST LLC",0,0,5,0,52,8370,TN,NASHVILLE,37228
2022,"NEWSTAT PLLC D/B/A STATCARE",2,0,0,0,62,4105,TN,KNOXVILLE,37919
2022,"NEXTECH SOLUTIONS",0,0,3,0,54,3312,TN,GERMANTOWN,38138
2022,"NEXTECH SOLUTIONS LLC",0,0,1,0,54,3312,TN,GERMANTOWN,38138
2022,"NIRAV INC D/B/A RAPID RMS",0,1,0,0,54,8156,TN,HIXSON,37343
2022,"NISSAN NORTH AMERICA INC",5,0,4,0,54,8010,TN,FRANKLIN,37067
2022,"NORTHWEST PHYSICIAN ASSO PC",0,0,1,0,62,8550,TN,KNOXVILLE,37919
2022,"NORTON COMMUNITY PHYSICIANS SVCS L",0,0,1,0,62,8690,TN,KINGSPORT,37660
2022,"NORTON COMMUNITY PHYSICIANS SVCS LLC",0,0,2,0,62,8690,TN,KINGSPORT,37660
2022,"NOVONIX ANODE MATERIALS LLC",1,0,0,0,33,1516,TN,CHATTANOOGA,37419
2022,"NP CORPORATE SERVICES LLC",0,0,1,0,33,6684,TN,SHELBYVILLE,37160
2022,"NUCOR STEEL MEMPHIS INC",0,0,1,0,33,7902,TN,MEMPHIS,38109
2022,"NY SYSTEMS INC",2,0,11,0,54,0847,TN,CHATTANOOGA,37403
2022,"NYRSTAR US INC",0,0,1,0,21,7340,TN,GORDONSVILLE,38563
2022,"OAK RIDGE ASSOCIATED UNIVERSITIES",0,0,1,0,54,6216,TN,"OAK RIDGE",37831
2022,"OAK RIDGE ASSOCIATED UNIVERSITIES",0,0,1,0,54,6816,TN,"OAK RIDGE",37831
2022,"OHIO EMERGENCY PROFESSIONALS INC",0,0,0,1,62,2033,TN,KNOXVILLE,37919
2022,"OMNIS HEALTH LLC",0,0,0,1,42,2548,TN,NASHVILLE,37210
2022,"OSRAM CONTINENTAL USA INC",2,0,0,0,33,9620,TN,HENDERSONVILLE,37075
2022,"PANDROL USA LP",1,0,0,0,48,4003,TN,MEMPHIS,38116
2022,"PARALLON BUSINESS PERFORMANCE GROUP",1,0,0,0,55,5198,TN,NASHVILLE,37203
2022,"PARALLON BUSINESS PERFORMANCE GROUP",0,0,1,0,55,5198,TN,BRENTWOOD,37027
2022,"PATHOLOGY SPECIALISTS OF MEMPHIS P",1,0,2,0,62,0035,TN,MEMPHIS,38104
2022,"PEACHTREE INPATIENT CONSULTING LLC",2,0,2,0,62,5435,TN,BRISTOL,37620
2022,"PENNSYLVANIA HM ASSOCIATES P C",0,0,2,0,62,6213,TN,KNOXVILLE,37919
2022,"PEOPLEFIRST PARTNERSHIP DBA SEEDING SUCCESS",0,0,1,0,81,4843,TN,MEMPHIS,38103
2022,"PERMANENT GENERAL COMPANIES INC DB",0,0,1,0,52,6831,TN,NASHVILLE,37214
2022,"PERMOBIL INC",0,0,2,0,33,9589,TN,LEBANON,37090
2022,"PICKERING FIRM, INC.",1,0,0,0,54,2506,TN,MEMPHIS,38119
2022,"PILLSBURY WINTHROP SHAW PITTMAN LLP",1,0,6,0,54,1126,TN,NASHVILLE,37201
2022,"PILOT TRAVEL CENTERS LLC",0,0,2,0,42,3155,TN,KNOXVILLE,37909
2022,"PILOT TRAVEL CENTERS LLC",3,0,15,0,44,3155,TN,KNOXVILLE,37909
2022,"POPHEALTHCARE LLC",0,0,3,0,54,5163,TN,FRANKLIN,37067
2022,"PREMISE HEALTH HOLDING CORP",0,0,1,0,62,8121,TN,BRENTWOOD,37027
2022,"PREVERITY INC",1,0,0,0,51,1583,TN,NASHVILLE,37203
2022,"PROSPERO MANAGEMENT SERVICES LLC D/B/A PROSPERO HEALTH",0,0,1,0,62,7561,TN,MEMPHIS,38103
2022,"PROSPERO MANAGEMENT SERVICES LLC D/B/A PROSPERO HEALTH",0,0,1,0,54,7561,TN,MEMPHIS,38103
2022,"PROVIDERTRUST INC",2,0,0,0,54,7508,TN,NASHVILLE,37203
2022,"QHR HEALTH LLC",0,0,1,0,56,2954,TN,BRENTWOOD,37027
2022,"QUALIFACTS SYSTEMS, INC.",1,0,0,0,54,0098,TN,NASHVILLE,37238
2022,"QUANTA MANUFACTURING NASHVILLE LLC",0,0,2,0,33,7111,TN,"LA VERGNE",37086
2022,"RABESSLER MD PC DBA SOUND PHYSICIANS OF NEVADA II",0,0,1,0,62,3074,TN,BRENTWOOD,37027
2022,"RADIO SYSTEMS CORPORATION",0,0,3,0,81,8897,TN,KNOXVILLE,37932
2022,"RAIN TECHNOLOGIES INC",0,0,1,0,51,4957,TN,NASHVILLE,37203
2022,"RAMA PAPERMILL LLC",1,0,0,0,72,1730,TN,KNOXVILLE,37909
2022,"RAYS TECHNICAL SOLUTIONS INC",1,0,0,0,54,9910,TN,COLLIERVILLE,38017
2022,"REBO LIGHTING AND ELECTRONICS LLC",1,0,0,0,33,6826,TN,SPARTA,38583
2022,"REGIONAL KIDNEY CARE P C",1,0,0,0,62,7100,TN,KINGSPORT,37660
2022,"REGIONAL ONE HEALTH",0,0,3,0,62,3169,TN,MEMPHIS,38103
2022,"REHAB EMPLOYEE SERVICES LLC",0,0,3,0,62,9748,TN,CHATTANOOGA,37421
2022,"RELATIENT INC",1,0,1,0,54,5868,TN,FRANKLIN,37064
2022,"RELIANCE PARTNERS LLC",0,0,1,0,52,4586,TN,CHATTANOOGA,37402
2022,"RENAISSANCE THERAPY GROUP",1,0,0,0,56,4555,TN,FRANKLIN,37064
2022,"REVANCE THERAPEUTICS INC",0,0,1,0,32,4645,TN,NASHVILLE,37203
2022,"REVANCE THERAPEUTICS INC",0,0,4,0,32,1645,TN,NASHVILLE,37203
2022,"REVANCE THERAPEUTICS INC",0,0,3,0,54,1645,TN,NASHVILLE,37203
2022,"REVSPRING INC",0,0,1,0,51,5614,TN,ANTIOCH,37013
2022,"REVSPRING INC",0,0,1,0,54,5614,TN,NASHVILLE,37013
2022,"REVSPRING INC",0,0,1,0,51,9750,TN,ANTIOCH,37013
2022,"REVSPRING INC",0,0,1,0,54,5614,TN,ANTIOCH,37013
2022,"RGS FITNESS LLC D B A MERIDIAN TRAINING",1,0,0,0,71,5291,TN,MEMPHIS,38117
2022,"RHODES COLLEGE",2,0,0,0,61,6301,TN,MEMPHIS,38112
2022,"ROGERS GROUP INC",0,0,1,0,21,8333,TN,NASHVILLE,37228
2022,"RSV QOZB LTSS INC",0,0,1,0,54,1942,TN,NASHVILLE,37206
2022,"SAARGUMMI TENNESSEE INC",0,0,1,0,32,5856,TN,PULASKI,38478
2022,"SAI GEETA DRUG LLC DBA BRAINERD PHARMACY",0,0,1,0,44,0883,TN,CHATTANOOGA,37411
2022,"SAI TECHNOLOGIES LLC",1,0,23,1,54,4625,TN,MEMPHIS,38125
2022,"SARAH CANNON RESEARCH INSTITUTE SC",1,0,1,0,99,7751,TN,NASHVILLE,37203
2022,"SARAH CANNON RESEARCH INSTITUTE SCRI",2,0,6,0,54,7751,TN,NASHVILLE,37203
2022,"SEDGWICK CLAIMS MANAGEMENT SERVICE",0,0,6,0,52,5608,TN,MEMPHIS,38125
2022,"SEDGWICK CLAIMS MANAGEMENT SERVICES INC",1,0,6,0,52,5608,TN,MEMPHIS,38125
2022,"SEKISUI KASEI U S A INC",0,0,1,0,32,2631,TN,"MOUNT PLEASANT",38474
2022,"SELLIGENT INC",0,0,1,0,54,1951,TN,NASHVILLE,37210
2022,"SESE INDUSTRIAL SERVICES US CORP",0,0,2,0,33,5545,TN,CHATTANOOGA,37416
2022,"SESE INDUSTRIAL SERVICES US CORP",0,0,1,0,99,5545,TN,CHATTANOOGA,37416
2022,"SHELBY COUNTY GOVERNMENT DBA SHELBY COUNTY TRUSTEE",0,0,2,0,92,0841,TN,MEMPHIS,38103
2022,"SHELBY COUNTY SCHOOLS",7,2,4,0,61,0834,TN,MEMPHIS,38112
2022,"SHERIDAN CHILDREN'S HEALTHCARE SERVICES OF NEW JERSEY P C (DBA ENVISION PHYSICIAN SERVICES)",0,0,1,0,62,0879,TN,NASHVILLE,37215
2022,"SHERIDAN HEALTHCARE OF TEXAS P A DBA ENVISION PHYSICIAN SERVICES",0,0,2,0,62,3044,TN,NASHVILLE,37215
2022,"SHINHUNG GLOBAL USA INC",0,0,1,0,42,5928,TN,CLARKSVILLE,37040
2022,"SHREEJI ENTERPRISE LLC",0,0,1,0,72,7215,TN,COLUMBIA,38401
2022,"SIARP TECHNOLOGIES LLC",6,0,0,0,54,6008,TN,NASHVILLE,37204
2022,"SIGNAL ENERGY LLC",1,0,0,0,22,9198,TN,CHATTANOOGA,37421
2022,"SILICON RANCH CORPORATION",1,0,1,0,22,3042,TN,NASHVILLE,37201
2022,"SIMAXIVE TECHNOLOGIES INC",4,0,0,0,54,6614,TN,CORDOVA,38018
2022,"SIMPLIFY ASC INC",0,0,1,0,54,7756,TN,BRENTWOOD,37027
2022,"SIMPLR SOLUTIONS INC",0,0,2,0,52,0403,TN,NASHVILLE,37211
2022,"SIMPLR SOLUTIONS INC",0,0,1,0,52,0403,TN,NASHVILLE,37203
2022,"SIMPLR SOLUTIONS INC",0,0,2,0,56,0403,TN,NASHVILLE,37203
2022,"SIRIONLABS INC",0,0,1,0,54,0328,TN,OOLTEWAH,37363
2022,"SL AMERICA CORPORATION",1,0,6,0,33,5608,TN,CLINTON,37716
2022,"SL TENNESSEE LLC",5,0,3,0,33,1473,TN,CLINTON,37716
2022,SMILEDIRECTCLUB,0,0,3,0,54,3956,TN,NASHVILLE,37219
2022,"SMILEDIRECTCLUB LLC",0,0,2,0,54,3956,TN,NASHVILLE,37219
2022,"SMITH & NEPHEW INC",7,0,48,0,33,3924,TN,MEMPHIS,38116
2022,"SMITH SECKMAN REID INC",1,0,0,0,54,1037,TN,NASHVILLE,37204
2022,"SOUND INPATIENT PHYSICIANS MICHIGAN PLLC DBA SOUND PHYSICIANS OF MICHIGAN",1,0,0,0,62,6822,TN,BRENTWOOD,37027
2022,"SOUND PHYSICIANS INTENSIVISTS OF WASHINGTON PLLC",0,0,1,0,62,5266,TN,BRENTWOOD,37027
2022,"SOUND PHYSICIANS OF IDAHO PLLC",0,0,1,0,62,1635,TN,BRENTWOOD,37027
2022,"SOUND PHYSICIANS OF ILLINOIS LLC",2,0,0,0,62,1214,TN,BRENTWOOD,37027
2022,"SOUND PHYSICIANS OF INDIANA LLC",0,0,1,0,62,8514,TN,BRENTWOOD,37027
2022,"SOUND PHYSICIANS OF WYOMING LLC",1,0,0,0,62,8526,TN,BRENTWOOD,37027
2022,"SOURCING IQ LLC",0,0,1,0,54,9447,TN,BRENTWOOD,37027
2022,"SOUTH CENTRAL CONFERENCE OF SEVENTH DAY ADVENTISTS",2,0,0,0,81,1383,TN,NASHVILLE,37207
2022,"SOUTH SOUND INPATIENT PHYSICIANS PLLC D/B/A SOUND PHYSICIANS OF WASHINGTON",7,0,0,0,62,6629,TN,BRENTWOOD,37027
2022,"SOUTHEASTERN EMERGENCY SVCS PC",1,0,1,0,62,5107,TN,KNOXVILLE,37919
2022,"SOUTHEASTERN HOSPITALIST SVCS P C",2,0,9,0,62,6579,TN,KNOXVILLE,37919
2022,"SOUTHEASTERN HOSPITALIST SVCS PC",1,0,3,0,62,6579,TN,KNOXVILLE,37919
2022,"SOUTHEASTERN INTENSIVIST SERVICES PC",0,0,2,0,62,4612,TN,KNOXVILLE,37919
2022,"SOUTHEASTERN PHYSICIAN SVCS PC",0,1,1,0,62,9920,TN,KNOXVILLE,37919
2022,"SOUTHERN ADVENTIST UNIVERSITY",4,0,1,0,61,6733,TN,COLLEGEDALE,37315
2022,"SOUTHERN CHAMPION TRAY, LP",1,0,0,0,32,5403,TN,CHATTANOOGA,37405
2022,"SOUTHERN KIDNEY SPECIALISTS PLC",0,0,1,0,62,3981,TN,NASHVILLE,37203
2022,"SOUTHWESTERN GREAT AMERICAN INC",0,0,1,0,42,7144,TN,NASHVILLE,37214
2022,"SOUTHWESTERN GREAT AMERICAN INC",0,0,1,0,51,7144,TN,NASHVILLE,37214
2022,"SPARTAN SOLUTIONS",1,0,26,0,54,8864,TN,COLLIERVILLE,38017
2022,"SPECIALIST RESOURCES GLOBAL INC",4,0,22,0,54,4802,TN,FRANKLIN,37067
2022,"SPECIALTY PHYSICIAN GROUP LLC",1,0,2,0,62,7600,TN,MEMPHIS,38104
2022,"SPECIALTYCARE INC",0,0,1,1,62,5842,TN,BRENTWOOD,37027
2022,"SSW ADVANCED TECHNOLOGIES LLC DBA AMERICAN APPLIANCE PRODUCTS LLC",0,0,1,0,44,3135,TN,NEWPORT,37821
2022,"ST JUDE CHILDREN S RESEARCH HOSPIT",0,0,1,0,62,6012,TN,MEMPHIS,38103
2022,"ST JUDE CHILDREN S RESEARCH HOSPIT",53,1,57,1,62,6012,TN,MEMPHIS,38105
2022,"ST JUDE CHILDREN S RESEARCH HOSPITAL",0,0,1,0,62,6012,TN,MEMPHIS,38103
2022,"ST JUDE CHILDREN S RESEARCH HOSPITAL",107,1,116,2,62,6012,TN,MEMPHIS,38105
2022,"ST JUDE CHILDRENS RESEARCH HOSPITA",1,0,0,0,62,0612,TN,MEMPHIS,38105
2022,"STANLEY D LINDSEY AND ASSOCIATES L",0,0,2,0,54,6509,TN,BRENTWOOD,37027
2022,"STAR MANUFACTURING INTERNATIONAL I",1,0,0,0,33,8488,TN,SMITHVILLE,37166
2022,"STEAMBOAT TRANSPORTATION GROUP LLC",1,0,0,0,48,2531,TN,NASHVILLE,37203
2022,"STELLAR MANAGEMENT GROUP INC",0,0,1,0,11,4338,TN,CHATTANOOGA,37403
2022,"STEM PREPARATORY ACADEMY",1,0,0,0,61,3445,TN,NASHVILLE,37210
2022,"STREEM INC",0,0,1,0,54,2034,TN,MEMPHIS,38103
2022,"SUNGWOO HITECH AMERICA CORP",0,0,1,0,33,5304,TN,TELFORD,37690
2022,"SUNSHINE STATE ANESTHESIA",1,0,0,0,62,9150,TN,NASHVILLE,37202
2022,"SVS TECHNOLOGIES LIMITED",1,1,8,0,54,4004,TN,MEMPHIS,38125
2022,"SYLVAMO NORTH AMERICA LLC",0,0,2,0,32,6371,TN,MEMPHIS,38197
2022,"SYNTAGE TECH LLC",1,0,0,0,99,7273,TN,"MOUNT JULIET",37122
2022,"TACHI S ENGINEERING USA INC",0,0,1,0,54,9520,TN,"MOUNT JULIET",37122
2022,"TECHMAH CMF LLC",0,0,1,0,54,5125,TN,KNOXVILLE,37919
2022,"TECHMAH MEDICAL LLC",1,0,0,0,33,9461,TN,KNOXVILLE,37922
2022,"TELARRAY LLC",1,0,0,0,52,6687,TN,MEMPHIS,38117
2022,"TEN35 LLC",1,0,0,0,54,5984,TN,MEMPHIS,38120
2022,"TENNESSEE FARMERS MUTUAL INSURANCE COMPANY",1,0,0,0,99,6475,TN,COLUMBIA,38401
2022,"TENNESSEE IPS MEDICAL SERVICES P C DBA ENVISION PHYSICIAN SERVICES",2,0,0,0,62,8724,TN,NASHVILLE,37215
2022,"TENNESSEE STATE UNIV",1,0,2,1,61,6119,TN,NASHVILLE,37209
2022,"TENNESSEE TECHNOLOGICAL UNIVERSITY",0,0,1,0,61,9806,TN,COOKEVILLE,38505
2022,"TENNESSEE TECHNOLOGICAL UNIVERSITY",3,0,8,1,61,6806,TN,COOKEVILLE,38505
2022,"TENNIS MEMPHIS INC",0,0,1,0,61,2589,TN,MEMPHIS,38119
2022,"TERMINIX INTERNATIONAL COMPANY LP",0,0,4,0,55,8837,TN,MEMPHIS,38103
2022,"TERMINIX INTERNATIONAL COMPANY LP",2,0,10,0,56,8837,TN,MEMPHIS,38103
2022,"TERMINIX INTERNATIONAL COMPANY LP",0,0,1,0,54,8837,TN,MEMPHIS,38103
2022,"THE AMERICAN BAPTIST THEOLOGICAL S",0,0,1,0,61,5724,TN,NASHVILLE,37207
2022,"THE CARLSTAR GROUP LLC",0,0,1,0,32,8236,TN,FRANKLIN,37067
2022,"THE HEIL CO",0,0,1,0,33,6843,TN,CHATTANOOGA,37421
2022,"THE HEIL CO",1,0,5,0,33,6843,TN,CHATTANOOGA,37408
2022,"THE HEIL CO D B A ENVIRONMENTAL SOLUTIONS GROUP",0,0,1,0,33,6843,TN,CHATTANOOGA,37421
2022,"THE HEIL COMPANY",0,0,1,0,33,6843,TN,CHATTANOOGA,37408
2022,"THE HEIL COMPANY",0,0,1,0,33,6843,TN,CHATTANOOGA,37421
2022,"THE JUICE PLUS COMPANY LLC",0,0,1,0,42,9292,TN,COLLIERVILLE,38017
2022,"THE MCCALLIE SCHOOL",1,0,0,0,61,5837,TN,CHATTANOOGA,37404
2022,"THE PATTERSON HOUSE LLC",1,0,0,0,72,5531,TN,NASHVILLE,37203
2022,"THE STERN CARDIOVASCULAR FOUDATION INC",1,0,0,0,62,6698,TN,GERMANTOWN,38138
2022,"THE UNIVERSITY OF MEMPHIS",16,0,13,2,61,8618,TN,MEMPHIS,38152
2022,"THE UNIVERSITY OF THE SOUTH",1,0,1,1,61,5697,TN,SEWANEE,37383
2022,"THE WESTMINSTER ACADEMY INC",1,0,0,0,61,2756,TN,MEMPHIS,38119
2022,"THERMAL SOLUTIONS MANUFACTURING INC",0,0,1,0,33,8451,TN,NASHVILLE,37214
2022,"THERMALTECH ENGINEERING INC",0,0,1,0,54,4615,TN,MEMPHIS,38104
2022,"THOMPSON ONCOLOGY GROUP",0,0,1,0,62,9239,TN,KNOXVILLE,37916
2022,"TITAN MANUFACTURING AND DISTRIBUTING INC",1,0,0,0,45,2206,TN,MEMPHIS,38125
2022,"TIVITY HEALTH SERVICES LLC",0,0,5,0,62,6689,TN,FRANKLIN,37067
2022,"TIVITY HEALTH SERVICES LLC",0,0,1,0,54,6689,TN,FRANKLIN,37067
2022,"TK ELEVATOR MANUFACTURING INC",0,0,1,0,23,4297,TN,MEMPHIS,38125
2022,"TN ADMIN OFFICE OF THE COURTS",0,0,1,0,92,1445,TN,NASHVILLE,37243
2022,"TN ADMIN OFFICE OF THE COURTS",1,0,0,0,92,1445,TN,NASHVILLE,37219
2022,"TRACTOR SUPPLY COMPANY",0,0,34,0,44,9732,TN,BRENTWOOD,37027
2022,"TRANSCORE LP",0,0,4,0,54,0334,TN,NASHVILLE,37219
2022,"TRANSIT TECHNOLOGIES LLC",0,0,1,0,55,9621,TN,KNOXVILLE,37922
2022,"TRILLANT HEALTH INC",0,0,1,0,51,0310,TN,BRENTWOOD,37027
2022,"TRINETIX INC",1,0,0,0,61,9207,TN,NASHVILLE,37203
2022,"TRINISYS LLC",0,0,1,0,54,3116,TN,BRENTWOOD,37027
2022,"TRISTAR HEALTH SYSTEMS INC",0,0,1,0,55,8323,TN,BRENTWOOD,37027
2022,"TROR LLC",0,0,1,0,54,2311,TN,"SPRING HILL",37174
2022,"TROR LLC",3,0,1,0,54,2311,TN,FRANKLIN,37064
2022,"TRUCKPRO LLC",0,0,1,0,44,7837,TN,CORDOVA,38016
2022,"TRUECARE PHARMACY INC",1,0,0,0,44,8923,TN,"BIG ROCK",37023
2022,"TRUIST BANK",0,0,1,0,52,9887,TN,NASHVILLE,37214
2022,"TUSCULUM UNIV",1,0,0,0,61,4185,TN,GREENEVILLE,37745
2022,"TUSCULUM UNIVERSTY",2,0,0,0,61,4185,TN,GREENEVILLE,37745
2022,"U S A ZAMA INC",0,0,1,0,42,2567,TN,FRANKLIN,37067
2022,"U S XPRESS INC",4,0,16,0,48,5088,TN,CHATTANOOGA,37421
2022,"UBS AG",3,0,10,0,52,6363,TN,NASHVILLE,37238
2022,"UBS ASSET MANAGEMENT AMERICAS INC",3,0,3,0,52,4388,TN,NASHVILLE,37238
2022,"UBS BANK USA",1,0,9,0,52,7597,TN,NASHVILLE,37238
2022,"UBS BUSINESS SOLUTIONS US LLC",30,1,193,1,52,7231,TN,NASHVILLE,37238
2022,"UBS BUSINESS SOLUTIONS US LLC",0,0,1,0,52,7321,TN,NASHVILLE,37238
2022,"UBS BUSINESS SOLUTIONS US LLC",0,0,1,0,53,7231,TN,NASHVILLE,37238
2022,"UBS BUSINESS SOLUTIONS US LLC",0,0,1,0,52,7231,TN,NASHVILLE,37238
2022,"UBS FINANCIAL SERVICES INC",6,0,5,0,52,8166,TN,NASHVILLE,37238
2022,"UBS SECURITIES LLC",9,1,33,0,52,3456,TN,NASHVILLE,37238
2022,"ULAB SYSTEMS INC",0,0,1,0,54,7717,TN,MEMPHIS,38133
2022,"ULTIMATE LEATHER APPAREL INC",0,0,1,0,42,0197,TN,FAYETTEVILLE,37334
2022,"UNIPRESS NORTH AMERICA INC",0,0,1,0,33,5922,TN,"WHITE HOUSE",37188
2022,"UNIQUE GIFTS & TS INC",0,0,1,0,45,6419,TN,GATLINBURG,37738
2022,"UNIQUE KEY RESOURCES INC",1,0,3,0,54,4770,TN,COLLIERVILLE,38017
2022,"UNIQUE KEY RESOURCES INC",2,0,10,0,54,4770,TN,COLLIERVILLE,38017
2022,"UNIVERSAL ROBOTICS INC",1,0,0,0,54,1780,TN,NASHVILLE,37217
2022,"UNIVERSITY HEALTH SYSTEM INC",7,0,2,0,62,6179,TN,KNOXVILLE,37920
2022,"UNUM GROUP",1,0,11,0,52,8430,TN,CHATTANOOGA,37402
2022,"URSA HEALTH LLC",0,0,1,0,51,1239,TN,NASHVILLE,37205
2022,"US XPRESS INC",0,0,6,0,48,5088,TN,CHATTANOOGA,37421
2022,"UT BATTELLE LLC ORNL",121,3,140,3,54,8235,TN,"OAK RIDGE",37831
2022,"UT HEALTH SCIENCE CENTER",2,0,1,0,61,1636,TN,TULLAHOMA,37388
2022,"UT HEALTH SCIENCE CENTER",7,0,4,0,61,1636,TN,CHATTANOOGA,37403
2022,"UT HEALTH SCIENCE CENTER",0,0,1,0,61,1636,TN,PULASKI,38478
2022,"UT HEALTH SCIENCE CENTER",38,0,26,1,61,1636,TN,KNOXVILLE,37996
2022,"UT HEALTH SCIENCE CENTER",1,0,0,0,61,1636,TN,MARTIN,38238
2022,"UT HEALTH SCIENCE CENTER",36,0,45,2,61,1636,TN,MEMPHIS,38163
2022,"UT LE BONHEUR PEDIATRIC SPECIALIST",2,0,0,0,62,6141,TN,MEMPHIS,38103
2022,"UT LE BONHEUR PEDIATRIC SPECIALISTS INC",3,0,3,0,62,6141,TN,MEMPHIS,38103
2022,"UT MEDICAL GROUP INC DBA UNIV CLIN",1,0,3,0,62,2462,TN,MEMPHIS,38104
2022,"UT MEDICIAL GROUP INC D/B/A UNIVERSITY CLINICAL HEALTH",2,0,5,0,62,2462,TN,MEMPHIS,38104
2022,"UT METHODIST PHYSICIANS LLC",2,0,2,0,62,3491,TN,MEMPHIS,38104
2022,"UT REGIONAL ONE PHYSICIANS INC",6,0,5,0,62,7530,TN,MEMPHIS,38103
2022,"VACO LLC",1,0,1,0,56,3702,TN,BRENTWOOD,37027
2022,"VAN ELKINS & ASSOCIATES CPAS",0,0,1,0,54,7975,TN,KNOXVILLE,37929
2022,"VANDERBILT UNIVERSITY",0,0,1,0,61,6822,TN,NASHVILLE,37212
2022,"VANDERBILT UNIVERSITY",30,0,24,4,61,6822,TN,NASHVILLE,37203
2022,"VANDERBILT UNIVERSITY MEDICAL CENTER",44,0,43,0,62,8741,TN,NASHVILLE,37203
2022,"VANDERBILT UNIVERSITY MEDICAL CENTER",0,0,1,0,62,8741,TN,NASHVILLE,37232
2022,"VANDERBILT UNIVERSITY MEDICAL CTR",0,0,1,0,62,8741,TN,NASHVILLE,37232
2022,"VANDERBILT UNIVERSITY MEDICAL CTR",17,0,21,0,62,8741,TN,NASHVILLE,37203
2022,"VANDERBILT UNIVERSITY MEDICAL CTR",1,0,0,0,62,5912,TN,NASHVILLE,37203
2022,"VEGA SOFT INC",0,1,0,0,54,6298,TN,MEMPHIS,38119
2022,"VENN TECHNOLOGIES INC",2,0,0,0,54,3262,TN,COLLIERVILLE,38017
2022,"VENUE GROUP US LLC",1,0,0,0,71,2918,TN,NASHVILLE,37210
2022,"VERANA HEALTH INC",5,0,12,1,54,0385,TN,KNOXVILLE,37902
2022,"VERUSTAT INC",0,0,1,0,54,2652,TN,BRENTWOOD,37027
2022,"VINTAGE HEALTH RESOURCES LLC",13,0,0,0,56,0094,TN,GERMANTOWN,38138
2022,"VOLKSWAGEN GROUP OF AMERICA CHATTANOOGA OPERATIONS LLC",1,0,0,0,33,5535,TN,CHATTANOOGA,37416
2022,"W RONDON CONSTRUCTION LLC",1,0,0,0,23,9896,TN,CHATTANOOGA,37421
2022,"WACKER POLYSILICON NORTH AMERICA LLC",0,0,1,0,32,7075,TN,CHARLESTON,37310
2022,"WALLER LANSDEN DORTCH & DAVIS LLP",1,0,0,0,54,9474,TN,NASHVILLE,37219
2022,"WAP SUSTAINABILITY CONSULTING LLC",0,0,1,0,81,0832,TN,CHATTANOOGA,37408
2022,"WAP SUSTAINABILITY CONSULTING LLC",1,0,0,0,81,0832,TN,NASHVILLE,37204
2022,"WAP SUSTAINABILITY CONSULTING LLC",1,0,0,0,54,0832,TN,"SIGNAL MOUNTAIN",37377
2022,"WASHINGTON PAC SERVICES PROFESSIONAL CORPORATION",1,0,0,0,62,7875,TN,KNOXVILLE,37919
2022,"WATKINS UIBERALL PLLC",0,0,1,0,54,4252,TN,MEMPHIS,38120
2022,"WELLMONT CARDIOLOGY SERVICES",1,0,1,0,62,7623,TN,KINGSPORT,37660
2022,"WELLMONT MEDICAL ASSOCIATES,INC",2,0,0,0,62,8372,TN,KINGSPORT,37660
2022,"WELLPATH LLC",0,0,1,0,62,2573,TN,NASHVILLE,37217
2022,"WELLS FARGO BANK NA",0,0,1,0,52,7393,TN,"SIOUX FALLS",57104
2022,"WEST TENNESSEE HEALTHCARE",3,0,2,0,62,0402,TN,JACKSON,38301
2022,"WOMANS CLINIC A PRO ASSOCIATION",0,0,0,1,62,2464,TN,JACKSON,38301
2022,"WONDER PORCELAIN GROUP LLC",2,0,0,0,32,7458,TN,LEBANON,37090
2022,"WONOLO INC",0,0,2,0,54,7372,TN,NASHVILLE,37203
2022,"YAPP USA AUTOMOTIVE SYSTEMS INC",1,0,0,0,54,3218,TN,GALLATIN,37066
2022,"YOUTH VILLAGES",1,0,2,0,62,6970,TN,MEMPHIS,38133
2022,"ZREYA TECH INC",2,0,0,0,54,5346,TN,MEMPHIS,38125
