"Fiscal Year",Employer,"Initial Approval","Initial Denial","Continuing Approval","Continuing Denial",NAICS,"Tax ID",State,City,ZIP
2022,"1 800 CONTACTS INC",0,0,1,0,42,1643,UT,DRAPER,84020
2022,"ACADEMY MORTGAGE CORPORATION",0,0,1,0,52,6375,UT,DRAPER,84020
2022,"ACCUPULSE MEDICAL INC",0,0,1,0,42,1216,UT,OGDEN,84401
2022,"ALLY BANK",0,0,3,0,52,1796,UT,MIDVALE,84047
2022,"ALPINE DESIGN AND FLOORING LLC",0,0,1,0,23,1641,UT,ALPINE,84004
2022,"ALPINE SCHOOL DISTRICT",7,0,4,0,61,0478,UT,"AMERICAN FORK",84003
2022,"ALSCO INC",1,0,0,0,81,2999,UT,"SALT LAKE CITY",84102
2022,"ALTIUS TECHNOLOGIES INC",1,1,2,0,54,7807,UT,SANDY,84070
2022,"ALTIUS TECHNOLOGIES INC",1,0,1,0,54,7807,UT,"SOUTH JORDAN",84095
2022,"AMERICA FIRST CREDIT UNION",0,0,1,0,52,6202,UT,OGDEN,84405
2022,"AMERICAN CRAFTS L C",1,0,0,0,42,3741,UT,LINDON,84042
2022,"ANCESTRY COM OPERATIONS INC",13,2,57,0,51,2473,UT,LEHI,84043
2022,"ANDES PRODUCTIONS INC",0,0,1,0,51,2375,UT,OREM,84058
2022,"ANESTA LLC",1,0,1,0,32,4798,UT,"SALT LAKE CITY",84116
2022,"ANJ INFOTECH INC",0,1,0,0,54,2263,UT,OREM,84057
2022,"APTIVE ENVIRONMENTAL",1,0,0,0,56,1416,UT,PROVO,84604
2022,"AQUABELLA LLC DBA AQUABELLA TILE",0,0,1,0,42,9869,UT,ALPINE,84004
2022,"AQUAVEO LLC",1,0,0,0,54,8279,UT,PROVO,84604
2022,"ARUP LABORATORIES",108,0,21,2,62,3206,UT,"SALT LAKE CITY",84108
2022,"ARUP LABORATORIES",5,0,1,0,62,3206,UT,"SALT LAKE CTY",84108
2022,"ASIAN MARKET COMPANY INC",1,0,0,0,99,3646,UT,PROVO,84601
2022,"ASSIST INC",1,0,0,0,54,5967,UT,"SALT LAKE CITY",84111
2022,"ASSURANCE HOSPITALITY LLC",1,0,0,0,72,7322,UT,"SALT LAKE CITY",84111
2022,"ATTAIN CONSULTING INC",0,0,1,0,54,3027,UT,RIVERTON,84065
2022,"AVALON HEALTH CARE MANAGEMENT INC",1,0,1,0,62,2037,UT,"SALT LAKE CITY",84116
2022,"AVENUE CONSULTANTS INC",1,0,1,0,54,3543,UT,"SALT LAKE CITY",84123
2022,"AVENUE CONSULTANTS INC",0,0,1,0,54,3543,UT,TAYLORSVILLE,84123
2022,"AVETTA LLC",1,0,1,0,54,8180,UT,OREM,94097
2022,"AXIELL ALM INC",0,0,1,0,51,7657,UT,"WOODS CROSS",84087
2022,"BACKCOUNTRY COM LLC",0,0,2,1,45,9954,UT,"PARK CITY",84098
2022,"BALANCED ROCK POWER LLC",0,0,1,0,53,3688,UT,MOAB,84532
2022,"BANK OF UTAH",2,0,0,0,52,8467,UT,OGDEN,84401
2022,"BEACON DATA INC",1,0,0,0,51,3431,UT,"SALT LAKE CITY",84121
2022,"BEACON DATA INC",0,0,0,1,54,3431,UT,HOLLADAY,84121
2022,"BEATBREAD LIMITED LLC",1,0,0,0,99,7807,UT,"SAINT GEORGE",84770
2022,"BELTECH INC",0,1,0,0,54,2768,UT,SANDY,84070
2022,"BETTERBODY FOODS & NUTRITION LLC",0,0,1,0,99,9542,UT,LINDON,84042
2022,"BHB CONSULTING ENGINEERS INC",1,0,3,0,54,8292,UT,"SALT LAKE CITY",84115
2022,"BIG D CORP",0,0,1,0,23,2628,UT,"SALT LAKE CITY",84101
2022,"BIG D CORPORATION",1,0,3,0,23,2628,UT,"SALT LAKE CITY",84101
2022,"BLACKROCK MICROSYSTEMS LLC DBA BLACKROCK NEUROTECH",5,0,1,0,54,9394,UT,"SALT LAKE CITY",84108
2022,"BLACKSMITH INTERNATIONAL LLC",0,0,0,1,54,3194,UT,"SALT LAKE CITY",84102
2022,"BLENDTEC INC",1,0,0,0,33,1667,UT,OREM,84058
2022,"BLUE SOURCE LLC",1,0,0,0,54,6638,UT,"COTTONWOOD HEIGHTS",84121
2022,"BLUEWIND MEDICAL INC",1,0,0,0,33,0823,UT,"PARK CITY",84098
2022,"BNA LLC DBA BNA CONSULTING",0,0,1,0,54,8972,UT,"SALT LAKE CITY",84120
2022,"BOART LONGYEAR",1,0,3,0,23,3343,UT,"WEST VALLEY CITY",84119
2022,"BOART LONGYEAR",0,0,1,0,23,3343,UT,"SALT LAKE CITY",84119
2022,"BOOM INTERACTIVE INC",1,0,1,0,54,0178,UT,"SALT LAKE CITY",84101
2022,"BOX ELDER SCHOOL DISTRICT",2,0,1,0,61,0480,UT,"BRIGHAM CITY",84302
2022,"BRAINSTORM INC",1,0,0,0,61,5674,UT,"AMERICAN FORK",84003
2022,"BREX INC",0,0,1,0,52,7957,UT,DRAPER,84020
2022,"BRIDGE INVESTMENT GROUP LLC",3,0,3,1,53,4424,UT,SANDY,84070
2022,"BRIDGE INVESTMENT GRP",0,0,1,1,53,4424,UT,SANDY,84070
2022,"BRIGHAM YOUNG UNIVERSITY",9,0,4,0,61,7280,UT,PROVO,84602
2022,"BRYCE LODGING LLC DBA QUALITY INN",0,0,1,0,72,3781,UT,MIDVALE,84047
2022,"BUHLER ATHLETIC INJURIES AND HUMAN PERFORMANCE CLINIC",1,0,0,0,62,3996,UT,KAYSVILLE,84037
2022,"CACHE COUNTY SCHOOL DISTRICT",1,0,0,0,61,0482,UT,LOGAN,84341
2022,"CACHE COUNTY SCHOOL DISTRICT",1,0,0,0,61,0482,UT,"NORTH LOGAN",84341
2022,"CACHE EMPLOYMENT SERVICES LLC",1,0,0,0,56,5655,UT,"AMERICAN FORK",84003
2022,"CANDYCO LLC DBA MRS CALLS CANDY CO",0,0,1,0,31,0922,UT,LINDON,84042
2022,"CANDYCO LLC DBA MRS CALLS CANDY CO",1,0,0,0,31,0922,UT,"HEBER CITY",84032
2022,"CANYONS SCHOOL DISTRICT",1,0,1,0,61,0988,UT,SANDY,84070
2022,"CAO GROUP INC",0,0,2,0,33,4790,UT,"WEST JORDAN",84084
2022,"CASTELL LLC",1,0,0,0,51,8160,UT,MURRAY,84123
2022,"CASTELL LLC",2,0,0,0,51,8160,UT,"SALT LAKE CITY",84123
2022,"CAVEON LLC",0,0,1,0,54,1680,UT,MIDVALE,84047
2022,"CD PHARMACY LLC DBA RED ROCK PHARMACY",0,0,1,0,44,4784,UT,"SALT LAKE CITY",84102
2022,"CENTRAL VALLEY MEDICAL CENTER",0,0,0,1,62,9324,UT,"SPANISH FORK",84660
2022,"CERTIFIED MED WASTE UT LLC DBA",1,0,0,0,56,5609,UT,LEHI,84043
2022,"CHG HEALTHCARE SERVICES INC",1,0,1,0,56,9328,UT,MIDVALE,84047
2022,"CHINATOWN SUPERMARKET LLC",1,0,0,0,44,2554,UT,"SALT LAKE CITY",84115
2022,"CIBUS BIOTECHNOLOGIES INC",1,0,0,0,54,9142,UT,"SALT LAKE CITY",84103
2022,"CIMETRIX INCORPORATED",1,0,0,0,51,9107,UT,MIDVALE,84047
2022,"CIRQUE CORPORATION",0,0,1,0,42,5726,UT,SANDY,84070
2022,"CIVICA INC",0,0,1,0,32,6927,UT,LEHI,84043
2022,"CIVIL SCIENCE INFRASTRUCTURE INC",0,0,1,0,54,8218,UT,LEHI,84043
2022,"CLEAR LINK TECHNOLOGIES, LLC",0,0,1,0,56,8523,UT,"SALT LAKE CITY",84116
2022,"CLEAR LINK TECHNOLOGIES, LLC",1,0,0,0,45,8523,UT,"SALT LAKE CTY",84116
2022,"CLOUDBERG TEC LIMITED COMPANY",4,0,0,0,54,8086,UT,"SALT LAKE CITY",84101
2022,COAFRICA,1,0,0,0,62,4286,UT,"SALT LAKE CITY",84109
2022,"COGITECH SOLUTIONS LLC",1,0,0,0,54,4661,UT,LEHI,84043
2022,"COLLECTIVEHEALTH ADMINISTRATORS LL",0,0,1,0,52,0552,UT,LEHI,84043
2022,"COLLECTIVEHEALTH ADMINISTRATORS LLC",0,0,1,0,52,0552,UT,LEHI,84043
2022,"COLLECTIVEHEALTH ADMINSTRATORS LLC",0,0,1,0,52,0552,UT,LEHI,84043
2022,"COLLECTIVEHEALTH INC",0,0,3,0,52,5383,UT,LEHI,84043
2022,"COLLECTIVEHEALTH INC",0,0,1,0,62,5383,UT,LEHI,84043
2022,"COLLINS MANAGEMENT GROUP LLC",1,0,0,0,72,9732,UT,DRAPER,84020
2022,"COMPLETE MERCHANT SOLUTIONS",0,0,1,0,51,4461,UT,OREM,84097
2022,"CONNEXT LABS INC",0,0,1,0,54,3031,UT,"PARK CITY",84098
2022,"CONNVERTEX TECHNOLOGIES INC",6,0,10,0,54,3013,UT,"SOUTH JORDAN",84095
2022,"CONSERVICE LLC",0,0,2,0,54,0875,UT,LOGAN,84321
2022,"CONSERVICE LLC",0,0,5,0,54,0875,UT,"RIVER HEIGHTS",84321
2022,"CONSULTNET LLC",2,0,2,0,54,2976,UT,"SOUTH JORDAN",84095
2022,"CORDIN COMPANY UINC UTAH LLC",1,1,0,0,33,8664,UT,"SALT LAKE CITY",84115
2022,"COTIVITI INC",0,0,3,0,54,9380,UT,"SOUTH JORDAN",84095
2022,"COTIVITI INC",5,0,20,0,54,9380,UT,DRAPER,84020
2022,"CRESCENT EXCAVATION LLC",1,0,0,0,23,6876,UT,"NORTH SALT LAKE",84054
2022,"CRICUT INC",7,0,7,0,33,2025,UT,"SOUTH JORDAN",84095
2022,"CVB INC",1,0,0,0,42,8736,UT,NIBLEY,84321
2022,"CVB INC",1,0,0,0,52,8736,UT,NIBLEY,84321
2022,"DAN J VANZEBEN ARCHITECT PC DBA VA",0,0,1,0,54,0405,UT,EDEN,84310
2022,"DATABASED INC",1,0,0,0,51,5641,UT,LEHI,84043
2022,"DAVEY BICKFORD USA INC",0,0,0,1,21,8349,UT,"SALT LAKE CITY",84107
2022,"DAVIS SCHOOL DISTRICT",0,0,1,0,61,0487,UT,FARMINGTON,84025
2022,"DAVIS SCHOOL DISTRICT",13,0,5,0,61,0487,UT,FARMINGTON,84025
2022,"DELHIVERY USA INC",0,0,2,1,54,4851,UT,"SALT LAKE CITY",84115
2022,"DESERET LABORATORIES INC",0,1,0,0,32,6826,UT,"SAINT GEORGE",84790
2022,"DESERET NEWS PUBLISHING CO",1,0,0,0,71,8317,UT,"SALT LAKE CITY",84101
2022,"DESIGNTEAM INC ATTN ZACHARY DALTON",1,0,0,0,54,1034,UT,"SALT LAKE CTY",84106
2022,"DEVSQUAD LLC",1,0,0,0,54,0796,UT,MURRAY,84107
2022,"DEVSQUAD LLC",1,0,0,0,54,0796,UT,"SALT LAKE CITY",84107
2022,"DIAMONDS DIRECT LC DBA LASHBROOK JEWELRY DESIGNS",0,0,1,0,33,0055,UT,DRAPER,84020
2022,"DIGICERT INC",1,0,9,0,54,9542,UT,LEHI,84043
2022,"DIRECT MORTGAGE CORPORATION",0,0,1,0,54,0005,UT,MIDVALE,84047
2022,"DISCOVERY RANCH LLC",0,0,1,0,62,3153,UT,SPRINGVILLE,84663
2022,"DIXIE STATE UNIVERSITY",1,0,2,0,61,0488,UT,"SAINT GEORGE",84770
2022,"DOMO INC",0,0,1,0,51,4725,UT,"AMERICAN FORK",84003
2022,"DOTERRA INTERNATIONAL LLC",2,0,12,0,32,8940,UT,"PLEASANT GROVE",84062
2022,"DOTERRA INTERNATIONAL LLC",2,0,0,0,32,8940,UT,"PLEASANT GRV",84062
2022,"DOTERRA MANUFACTURING LLC",0,0,1,0,31,8092,UT,"PLEASANT GROVE",84062
2022,"DYNO NOBEL INC",1,0,2,0,32,9179,UT,"SALT LAKE CITY",84121
2022,"ECCOVIA INC DBA ECCOVIA SOLUTIONS",0,0,1,0,54,2185,UT,"SALT LAKE CITY",84107
2022,"EDURO HEALTHCARE LLC",1,0,0,0,62,2503,UT,"SALT LAKE CITY",84106
2022,"EDWARDS & DANIELS ARCHITECTS INC DBA EDA ARCHITECTS INC",1,0,0,0,54,3493,UT,"SALT LAKE CITY",84111
2022,"ELECTRIC POWER SYSTEMS INC",0,0,1,0,33,3137,UT,LOGAN,84341
2022,"ELECTRIC POWER SYSTEMS INC",0,0,0,1,54,3137,UT,"NORTH LOGAN",84341
2022,"ELECTRIC POWER SYSTEMS INC",0,0,1,0,33,3137,UT,"NORTH LOGAN",84341
2022,"ELEVAR THERAPEUTICS INC",0,0,1,0,54,6783,UT,"SALT LAKE CTY",84121
2022,"ELEVATE NUTRACEUTICALS LLC D/B/A ELEVATE HLTH SCIENCES LLC",1,0,0,0,32,7640,UT,PROVO,84606
2022,"ELITE MANUFACTURING & PACKAGING LL",0,0,1,0,32,7227,UT,VINEYARD,84059
2022,"ELITE MANUFACTURING & PACKAGING LL",0,0,1,0,45,7227,UT,VINEYARD,84059
2022,"ENERGY EXEMPLAR LLC",0,0,1,0,54,3325,UT,"SALT LAKE CITY",84111
2022,"ENERGY EXEMPLAR LLC",3,0,4,0,51,3325,UT,"SALT LAKE CITY",84111
2022,"ENERGY MANAGEMENT CORPORATION",0,0,1,0,33,8831,UT,"SALT LAKE CITY",84101
2022,"ENERGYSOLUTIONS LLC",0,0,1,0,54,1823,UT,"SALT LAKE CITY",84111
2022,"ENTRATA INC",2,0,3,0,54,2180,UT,LEHI,84043
2022,"ESL VISION LLC",0,0,1,0,33,8747,UT,"SALT LAKE CITY",84104
2022,"EVERGREEN ENTERPRISES, LLC",1,0,0,0,54,8439,UT,"SAINT GEORGE",84790
2022,"EXILE LL LLC DBA BOLLI COMPANIES",0,0,1,0,23,6354,UT,OREM,84057
2022,"EXPERT LEGAL LLC",1,0,0,0,54,1258,UT,PROVO,84606
2022,"EXPERTVOICE INC",0,0,1,0,81,7244,UT,"SALT LAKE CITY",84111
2022,"EXTRA SPACE MGMT INC DBA EXTRA SPA",1,0,0,0,53,5300,UT,"SALT LAKE CITY",84121
2022,"FATPIPE INC",0,0,2,0,54,3325,UT,"SALT LAKE CITY",84107
2022,"FATPIPE TECHNOLOGIES INC",3,1,12,0,54,1782,UT,"SALT LAKE CITY",84107
2022,"FEATURE STACK IT INC",2,0,0,0,54,9134,UT,SANDY,84070
2022,"FILEVINE INC",0,0,1,0,51,0713,UT,"SALT LAKE CITY",84106
2022,"FINICITY CORPORATION",0,0,10,0,51,1752,UT,"SALT LAKE CITY",84123
2022,"FINICITY CORPORATION",0,0,3,0,52,1752,UT,"SALT LAKE CITY",84123
2022,"FINICITY CORPORATION",0,0,1,0,51,1752,UT,MURRAY,84123
2022,"FISHBOWL SOLUTIONS LLC",0,0,1,0,51,5918,UT,OREM,84097
2022,"FIVE POINT CONSTRUCTION INC DBA FI",1,0,0,0,99,8971,UT,"WEST JORDAN",84088
2022,"FLEX RENTAL SOLUTIONS INC",0,0,1,0,54,0126,UT,OREM,84058
2022,"FLSMIDTH INC",2,0,2,0,54,6560,UT,MIDVALE,84047
2022,"FOURSIGHT CAPITAL LLC",0,0,1,0,52,0023,UT,"SALT LAKE CITY",84120
2022,"FREEWAY TRANSMISSIONS INC",0,0,0,1,81,6604,UT,"SALT LAKE CITY",84104
2022,"FRIENDEMIC LLC",0,0,1,0,51,4687,UT,"SALT LAKE CITY",84106
2022,"FULL STACK TECH CORP",1,0,0,0,54,8893,UT,MIDVALE,84047
2022,"GALILEO FINANCIAL TECHNOLOGIES LLC",4,0,33,0,52,8078,UT,SANDY,84070
2022,"GALILEO FINANCIAL TECHNOLOGIES LLC",0,0,3,0,52,8078,UT,"SALT LAKE CITY",84121
2022,"GENESYS CLOUD SERVICES INC",1,0,5,1,51,0525,UT,"COTTONWOOD HEIGHTS",84047
2022,"GENESYS CLOUD SERVICES INC",3,0,8,0,51,0525,UT,MIDVALE,84047
2022,"GO1 USA LLC",0,0,1,0,51,4343,UT,"SALT LAKE CITY",84101
2022,"GOENGINEER INC",0,0,1,0,54,3379,UT,MIDVALE,84047
2022,"GRANITE SCHOOL DISTRICT",3,0,4,0,61,0494,UT,"SALT LAKE CITY",84115
2022,"GRAYMONT WESTERN US INC",0,0,1,0,21,5998,UT,SANDY,84070
2022,"HAASEN TARA FEED INC",1,0,1,0,42,4797,UT,"SALT LAKE CITY",84104
2022,"HALOSIGHT INC",1,0,0,0,99,4325,UT,MIDVALE,84047
2022,"HANSEN ALLEN & LUCE INC",1,0,0,0,54,5614,UT,"SOUTH JORDAN",84095
2022,"HARRIS MOUNTAIN WEST LLC",1,0,0,0,23,5832,UT,OGDEN,84401
2022,"HAYNIE & COMPANY",0,0,1,1,54,5228,UT,"SALT LAKE CITY",84119
2022,"HAYNIE & COMPANY",0,0,1,0,54,5228,UT,"WEST VALLEY CITY",84119
2022,"HEALTH & PROSPERITY GROUP LLC",0,0,1,0,44,8630,UT,ALPINE,84004
2022,"HEALTH CATALYST INC",0,0,1,0,51,7483,UT,"SOUTH JORDAN",84095
2022,"HEALTH CATALYST INC",8,0,8,0,54,7483,UT,"SOUTH JORDAN",84095
2022,"HEALTH LINE INTERNATIONAL CORP",0,0,1,0,33,9805,UT,"SALT LAKE CITY",84116
2022,"HEALTHEQUITY INC",0,0,2,0,52,3166,UT,DRAPER,84020
2022,"HEAT SOURCE ENERGY CORP",0,0,1,0,54,8480,UT,"AMERICAN FORK",84003
2022,"HEC SOFTWARE INC DBA READING HORIZONS",0,0,1,0,51,5240,UT,KAYSVILLE,84037
2022,"HENRY SCHEIN ONE LLC",0,0,4,0,54,7064,UT,"AMERICAN FORK",84003
2022,"HIREVUE INC",0,0,2,0,51,8190,UT,"SOUTH JORDAN",84095
2022,"HOJ INNOVATIONS LLC",0,0,1,0,42,0164,UT,"SALT LAKE CITY",84119
2022,"HOLIDAY OIL COMPANY",0,1,0,0,44,5888,UT,"SALT LAKE CITY",84119
2022,"HOME VIEW TECHNOLOGIES INC",1,0,0,0,51,0309,UT,OREM,84058
2022,"HOME VIEW TECHNOLOGIES INC D/B/C LIVEVIEW TECHNOLOGIES",1,0,1,0,51,0309,UT,OREM,84058
2022,"HONEYSYS LLC",4,0,7,0,54,7879,UT,SANDY,84070
2022,"HOODOO DIGITAL LLC",0,0,5,0,54,5554,UT,"SALT LAKE CITY",84111
2022,"HORROCKS ENGINEERS INC",1,0,1,0,92,6502,UT,"PLEASANT GROVE",84062
2022,"ICENTRIS INC",0,0,1,0,54,1622,UT,"WOODS CROSS",84087
2022,"ICSA INC",0,0,1,0,33,7204,UT,"SALT LAKE CITY",84116
2022,"IFIT INC",0,0,1,0,33,1206,UT,LOGAN,84321
2022,"IFIT INC",1,0,0,0,33,1206,UT,LOGAN,84321
2022,"IFIT INC.",2,0,0,0,33,1206,UT,LOGAN,84321
2022,"IHC HEALTH SERVICES INC",1,0,0,0,62,4257,UT,MURRAY,84123
2022,"IHC HEALTH SERVICES INC DBA INTERM",1,0,7,1,62,4057,UT,"SALT LAKE CITY",84123
2022,"IHC HEALTH SERVICES INC DBA INTERM",2,0,4,0,62,4057,UT,MURRAY,84123
2022,"IHC HEALTH SERVICES INC DBA INTERMOUNTAIN HEALTHCARE",3,0,11,0,62,4057,UT,MURRAY,84123
2022,"IHC HEALTH SERVICES INC DBA INTERMOUNTAIN HEALTHCARE",5,0,13,1,62,4057,UT,"SALT LAKE CITY",84123
2022,"INCONTACT INC",6,0,29,0,51,8557,UT,SANDY,84070
2022,"INDEPENDENCE REHAB LLC",0,0,1,0,62,5798,UT,PROVO,84604
2022,"INITIATE STUDIOS LLC",0,0,1,0,52,7458,UT,"PARK CITY",84098
2022,"INMOMENT INC",0,0,4,0,51,7115,UT,"SOUTH JORDAN",84095
2022,"INNOVATIVE LABS GROUP LLC",0,0,1,0,99,3586,UT,SPRINGVILLE,84663
2022,INNOVECTURE,1,0,1,0,54,7061,UT,"SOUTH JORDAN",84095
2022,"INSTASIZE INC",0,0,1,0,51,6230,UT,DRAPER,84020
2022,"INSTRUCTURE INC",0,0,1,0,42,5687,UT,"SALT LAKE CITY",84121
2022,"INTEGRATED PROCESS SYSTEMS, INC.",1,0,1,0,33,1203,UT,"CEDAR CITY",84721
2022,"INTERMOUNTAIN TECH GRP LLC DBA ZAA",0,0,2,0,54,2967,UT,SANDY,84070
2022,"INTERNATIONAL BRIDGE INC",0,0,1,0,48,5641,UT,PROVO,84604
2022,"IRON COUNTY SCHOOL DISTRICT",3,0,0,0,61,0496,UT,"CEDAR CITY",84720
2022,"ISHOLA LAW GROUP",0,0,0,1,54,8970,UT,"SALT LAKE CITY",84119
2022,"IVANTI INC",5,0,26,1,51,0335,UT,"SOUTH JORDAN",84095
2022,"JGDB INC DBA JAFFA GROUP",0,0,1,0,23,9372,UT,"PARK CITY",84098
2022,"JOBS N PROFILES INC",3,0,2,0,54,0880,UT,SANDY,84070
2022,"JOBS N PROFILES LLC",14,0,9,0,54,0880,UT,SANDY,84070
2022,"JOBS N PROFILES LLC",0,0,1,0,54,0880,UT,VERNON,84080
2022,"JOHN BEAN TECHNOLOGIES CORPORATION",0,0,1,0,31,0317,UT,OGDEN,84401
2022,"JORDAN SCHOOL DISTRICT",1,0,0,0,61,0497,UT,RIVERTON,84065
2022,"JORDAN SCHOOL DISTRICT",5,0,5,0,61,0497,UT,"WEST JORDAN",84084
2022,"JORDAN SCHOOL DISTRICT",1,0,0,0,61,0497,UT,"SOUTH JORDAN",84095
2022,"JZW ARCHITECTS LLC",1,0,0,0,54,7437,UT,"NORTH SALT LAKE",84054
2022,"KANE COUNTY HOSPITAL",0,0,1,1,62,7930,UT,KANAB,84741
2022,"KANE COUNTY HOSPITAL",0,0,1,0,62,7930,UT,KANAB,84741
2022,"KEARNS SAINT ANN SCHOOL",1,0,0,0,81,2392,UT,"SALT LAKE CITY",84115
2022,"KENNECOTT UTAH COPPER LLC",4,0,8,0,21,8078,UT,"SOUTH JORDAN",84009
2022,"KUMEN GROUP",1,0,0,0,99,9971,UT,OREM,84058
2022,"LAYTON COMPANIES DBA LAYTON CONSTR",1,0,0,0,23,0059,UT,SANDY,84070
2022,"LENDIO INC",0,0,2,0,51,8961,UT,LEHI,84043
2022,"LGCY POWER LLC",0,0,1,0,23,6625,UT,LEHI,84043
2022,"LIFETIME PRODUCTS INC",0,0,1,0,33,3254,UT,CLEARFIELD,84016
2022,"LIMIT BREAK INC",0,0,1,0,51,1963,UT,"PARK CITY",84098
2022,"LION ENERGY LLC",0,0,1,0,33,2797,UT,"AMERICAN FORK",84003
2022,"LOVELAND INNOVATIONS INC",0,0,1,0,42,4658,UT,"PLEASANT GROVE",84062
2022,"LPS HOLDCO LLC D/B/A LUCIDPRESS",0,0,1,0,54,5929,UT,"SALT LAKE CITY",84111
2022,"LUCID SOFTWARE INC",5,0,7,0,54,7100,UT,"SOUTH JORDAN",84095
2022,"LUCID SOFTWARE INC.",3,0,0,0,54,7100,UT,"SOUTH JORDAN",84095
2022,"LUMOS LANGUAGE SCHOOL INC",1,0,0,0,61,2671,UT,"SALT LAKE CITY",84107
2022,"MAINFRAME GROUP INC D/B/A HIFI FIN",1,0,0,0,51,6794,UT,LEHI,84043
2022,"MAJOR LEAGUE RUGBY LLC",0,0,1,0,71,9314,UT,"SALT LAKE CITY",84101
2022,"MARKETSTAR QOZ BUSINESS LLC",0,0,1,0,54,2848,UT,OGDEN,84401
2022,"MASTERCONTROL INC",2,0,2,0,54,2434,UT,"SALT LAKE CITY",84121
2022,"MEDLY UTAH INC",0,0,1,0,54,4648,UT,OGDEN,84404
2022,"MERIT MEDICAL SYSTEMS INC",0,0,2,0,33,7695,UT,"SOUTH JORDAN",84095
2022,"MERRICK BANK CORPORATION",1,0,4,0,52,6404,UT,"SOUTH JORDAN",84095
2022,"META PLATFORMS INC",0,0,1,0,51,5019,UT,FARMINGTON,84025
2022,"METHOD STUDIO INC",0,0,1,0,54,8187,UT,"SALT LAKE CITY",84101
2022,"MIDIGATOR LLC",0,0,3,0,54,3380,UT,"AMERICAN FORK",84003
2022,"MILLER MC INC",0,0,1,0,54,7092,UT,SANDY,84070
2022,"MIXTEC NORTH AMERICA INC",1,0,0,0,33,4260,UT,"SALT LAKE CITY",84103
2022,"MORINDA INC DBA NEWAGE INC",1,0,1,0,45,9188,UT,MIDVALE,84047
2022,"MOTIF RESEARCH INC DBA ARTIFACT",1,0,0,0,51,3369,UT,LEHI,84043
2022,"MOUNTAIN AMERICA FEDERAL CREDIT UNION",1,0,2,0,52,2956,UT,SANDY,84070
2022,"MOUNTAINSTAR CARDIOLOGY ST. MARK'S, LLC",1,0,0,0,62,5746,UT,"SALT LAKE CITY",84124
2022,"MV PROPERTY MANAGEMENT LLC",1,0,0,0,53,6041,UT,LOGAN,84321
2022,"MX TECHNOLOGIES INC",0,0,4,1,54,7054,UT,LEHI,84043
2022,"MX TECHNOLOGIES INC DBA MX",1,0,7,1,54,7054,UT,LEHI,84043
2022,"MYRIAD GENETICS INC",0,0,1,0,62,4517,UT,"SALT LAKE CITY",84108
2022,"MYRIAD GENETICS INC",0,0,3,0,62,8060,UT,"SALT LAKE CITY",84108
2022,"MYRIAD WOMEN S HEALTH INC",0,0,2,0,62,8060,UT,"SALT LAKE CITY",84108
2022,"NAMPA SCHOOL DISTRICT",1,0,0,0,61,0727,UT,LEHI,84043
2022,"NATIONAL ACADEMIES OF EMERGENCY DISPATCH DBA INTERNATIONAL ACADEMIES OF EMERGENCY DISPATCH",0,1,0,0,54,8453,UT,"SALT LAKE CITY",84111
2022,"NATURE S SUNSHINE PRODUCTS INC",0,0,2,0,44,7982,UT,LEHI,84043
2022,"NAV TECHNOLOGIES INC",0,0,1,0,52,3348,UT,DRAPER,84020
2022,"NAVITAIRE LLC",0,0,1,0,54,5560,UT,"SALT LAKE CITY",84121
2022,"NAYLOR WENTWORTH LUND ARCHITECTS PC",0,0,1,0,54,6288,UT,"SALT LAKE CITY",84104
2022,"NEBO SCHOOL DISTRICT",1,0,2,0,61,0505,UT,"SPANISH FORK",84660
2022,"NEIGHBOR STORAGE INC",0,0,1,0,51,2140,UT,LEHI,84043
2022,"NELNET BANK",1,0,0,0,52,9084,UT,DRAPER,84020
2022,"NELSON & SONS INC DBA SKRETTING US",1,0,2,1,11,8370,UT,TOOELE,84074
2022,"NELSON LABORATORIES INC",0,0,1,0,54,5936,UT,"SALT LAKE CITY",84123
2022,"NELSON SONS INC DBA SKRETTING USA",1,0,0,0,11,8370,UT,TOOELE,84074
2022,"NETDOCUMENTS SOFTWARE INC",1,0,1,0,51,1580,UT,LEHI,84043
2022,"NICHOLAS AND COMPANY INC",1,0,2,0,31,5565,UT,"SALT LAKE CITY",84116
2022,"NICHOLAS AND COMPANY INC",1,0,0,0,72,5565,UT,"SALT LAKE CITY",84116
2022,"NORTH ATLANTIC IMPORTS LLC DBA BLACKSTONE PRODUCTS",0,0,1,0,42,1757,UT,LOGAN,84321
2022,"NORTH DAVIS PREPARATORY ACADEMY",1,0,0,0,61,2107,UT,LAYTON,84041
2022,"NOVOMEDICI LLC",0,0,1,0,51,6863,UT,OGDEN,84405
2022,"NUCOR CORPORATION NUCOR STEEL UTAH",0,0,2,0,33,0817,UT,PLYMOUTH,84330
2022,"NUFFSAID INC",0,0,1,0,51,6078,UT,"SALT LAKE CITY",84124
2022,"NUSKIN ENTERPRISES",0,0,3,0,32,5309,UT,PROVO,84601
2022,"NUSKIN INTERNATIONAL INC",2,0,2,1,32,6910,UT,PROVO,84601
2022,"NUTRABRANDS INC",2,0,1,0,32,8925,UT,"SALT LAKE CITY",84101
2022,"NVIEW MEDICAL",0,1,0,0,33,9789,UT,"SALT LAKE CITY",84109
2022,"O C TANNER COMPANY",1,0,7,0,33,2665,UT,"SALT LAKE CITY",84115
2022,"O KU SUSHI & POKE LLC",0,0,1,0,72,8030,UT,SANDY,84070
2022,"OBSERVEPOINT INC",0,0,1,0,51,7841,UT,"PLEASANT GROVE",84062
2022,"OCEAN MART OF ROY INC",0,1,0,0,44,7749,UT,ROY,84067
2022,"OFFICE OF THE LEGISLATIVE AUDITOR",0,0,1,0,92,0545,UT,"SALT LAKE CITY",84114
2022,"OGDEN CITY SCHOOL DISTRICT",3,0,0,0,61,0507,UT,OGDEN,84401
2022,"OUTBOX SYSTEMS INC DBA SIMPLUS",1,0,1,0,54,0218,UT,"SALT LAKE CITY",84101
2022,"OVERSTOCK COM INC",0,0,1,0,54,4302,UT,MIDVALE,84047
2022,"OVERSTOCK COM INC",16,0,51,0,45,4302,UT,MIDVALE,84047
2022,"OVERSTOCK COM INC",0,0,1,0,45,4032,UT,MIDVALE,84047
2022,"OWLET BABY CARE INC",0,0,7,0,33,0945,UT,LEHI,84043
2022,"PACKSIZE LLC",0,0,1,0,32,1626,UT,"SALT LAKE CITY",84104
2022,"PARKER MIGLIORINI INTL LLC",0,0,1,0,99,0089,UT,"SALT LAKE CITY",84101
2022,"PASSIVELOGIC INC",3,0,1,0,33,8888,UT,"SALT LAKE CITY",84121
2022,"PATIENTPOP INC",0,0,1,0,51,8697,UT,"SARATOGA SPGS",84045
2022,"PATTERN INC",1,0,1,0,54,9607,UT,LEHI,84043
2022,"PAYCLIP INC",0,0,1,0,51,8592,UT,"SOUTH JORDAN",84095
2022,"PCF INSURANCE SVCS OF THE WEST LLC",0,0,1,0,52,8960,UT,LEHI,84043
2022,"PDQCOM CORP",0,0,1,0,51,9675,UT,"SALT LAKE CITY",84115
2022,"PEAK LIVING LLC",0,0,1,0,53,2975,UT,"PLEASANT GROVE",84062
2022,"PLURALSIGHT LLC",3,0,4,0,54,9619,UT,DRAPER,84020
2022,"PODIUM CORP INC",0,0,3,0,54,9982,UT,LEHI,84043
2022,"POWER INNOVATIONS INTERNATIONAL INC",1,0,0,0,54,8829,UT,"AMERICAN FORK",84003
2022,"PRECISION SOLAR RENEWABLES LLC",0,0,1,0,33,3432,UT,"SALT LAKE CITY",84121
2022,"PRES & FELLOWS OF MIDDLEBURY COLLE",1,0,0,0,61,9298,UT,PROVO,84604
2022,"PRESIDENT & FELLOWS OF MIDDLEBURY COLLEGE",1,0,0,0,61,9298,UT,PROVO,84604
2022,"PRESTIGE FINANCIAL SERVICES INC",0,0,1,0,52,9650,UT,DRAPER,84020
2022,"PROG LEASING LLC",0,0,3,0,52,8540,UT,DRAPER,84020
2022,"PROGREXION ASG INC",1,0,5,0,54,5153,UT,"SALT LAKE CITY",84111
2022,"PROJECT ENGINEERING CONSULTANTS LTD",1,0,0,0,54,6210,UT,"WEST JORDAN",84088
2022,"PROJECT SOLAR INC",1,0,1,0,54,0298,UT,LEHI,84043
2022,"PROVIDENCE ADMINISTRATIVE CONSULTI",0,0,1,0,54,9171,UT,FARMINGTON,84025
2022,"PROVO CITY SCHOOL DISTRICT",1,0,4,0,61,0511,UT,PROVO,84604
2022,"PULSE LABS AI INC",1,0,0,0,51,3784,UT,"SALT LAKE CITY",84111
2022,"QKLY LLC",1,0,0,0,56,4425,UT,"SALT LAKE CITY",84116
2022,"QUALTRICS LLC",3,0,92,1,54,4116,UT,PROVO,84604
2022,"QUALTRICS LLC",0,0,1,0,54,4116,UT,PROVO,84064
2022,"QUEST ACADEMY",1,0,0,0,61,8425,UT,"WEST HAVEN",84401
2022,"QUOTIENT TECHNOLOGY INC",0,0,1,0,45,5123,UT,"SALT LAKE CITY",84106
2022,"QUOTIENT TECHNOLOGY INC",1,0,1,1,54,5123,UT,"SALT LAKE CITY",84106
2022,"R ZERO SYSTEMS INC",0,0,1,0,33,6626,UT,"SALT LAKE CITY",84115
2022,"R ZERO SYSTEMS INC",0,0,1,0,33,6626,UT,"SOUTH SALT LAKE",84115
2022,"RAINFOCUS LLC",0,0,1,0,51,1152,UT,LEHI,84043
2022,"RALLY VENTURES INC D/B/A RALLY INT",0,0,1,0,54,8265,UT,"SALT LAKE CITY",84103
2022,"RAPID FINANCIAL SOLUTIONS LLC",0,0,1,0,52,1797,UT,"NORTH LOGAN",84341
2022,"RECURSION PHARMACEUTICALS INC",0,0,1,0,99,0738,UT,"SALT LAKE CITY",84101
2022,"RECURSION PHARMACEUTICALS INC",0,0,2,0,54,0738,UT,"SALT LAKE CITY",84101
2022,"RECURSION PHARMACEUTICALS INC",1,0,1,0,54,9738,UT,"SALT LAKE CITY",84101
2022,"RED BELL REAL ESTATE LLC",0,0,9,0,53,8688,UT,MIDVALE,84047
2022,"RED BRICK SOLUTION LLC",1,0,0,0,54,2713,UT,"SALT LAKE CITY",84101
2022,"REGO CONSULTING CORPORATION",0,0,2,0,54,3719,UT,CENTERVILLE,84014
2022,"RELIABLE CONTROLS CORPORATION",2,0,1,0,54,0670,UT,"SALT LAKE CITY",84117
2022,"RENAISSANCE ACADEMY",2,0,0,0,92,5730,UT,LEHI,84043
2022,"RIO TINTO SERVICES INC",1,0,3,0,21,1419,UT,"SOUTH JORDAN",84009
2022,"ROUTE APP INC",2,0,2,0,51,1385,UT,LEHI,84043
2022,"ROYAL DRYWALL INC",0,0,1,0,23,7981,UT,"WEST VALLEY CITY",84119
2022,"ROYALTY CLEANING OF UTAH LLC",1,0,0,0,56,5873,UT,"HEBER CITY",84032
2022,"SAFEXAI INC F K A BANJO INC",0,0,1,0,54,6730,UT,SANDY,84093
2022,"SALESFORCE COM INC",0,0,1,0,54,0693,UT,"SALT LAKE CITY",84105
2022,"SALT LAKE COMMUNITY COLLEGE",2,0,0,0,61,0448,UT,"SALT LAKE CITY",84123
2022,"SCANDINAVIAN LLC",0,0,1,0,23,0696,UT,"PARK CITY",84098
2022,"SECURITY WEAVER LLC",0,0,2,0,56,0886,UT,LEHI,84043
2022,"SELECT PORTFOLIO SERVICING INC",0,0,6,0,52,5626,UT,"WEST VALLEY CITY",84119
2022,"SELECT PORTFOLIO SERVICING INC",0,0,1,0,52,5626,UT,"SALT LAKE CITY",84119
2022,"SELECTHEALTH INC",0,0,4,0,62,9820,UT,"SALT LAKE CITY",84123
2022,"SELECTHEALTH INC",0,0,3,0,62,9820,UT,MURRAY,84123
2022,"SHC SERVICES INC D/B/A SUPPLEMENTAL HEALTH CARE",0,0,1,0,62,6796,UT,"PARK CITY",84098
2022,"SHEN ENGINEERS INC",1,0,0,0,54,9189,UT,HOLLADAY,84117
2022,"SHIPICA LLC",0,0,1,0,54,0574,UT,"SALT LAKE CITY",84104
2022,"SHREE KRISHNA PETRO LLC",2,0,0,0,32,2326,UT,"WEST HAVEN",84401
2022,"SILAC INSURANCE COMPANY",0,0,1,0,52,9771,UT,"SALT LAKE CITY",84111
2022,"SIMPLECITIZEN INC",0,0,1,0,51,0135,UT,"SALT LAKE CITY",84101
2022,"SIMPLENEXUS LLC",1,0,1,0,52,1967,UT,LEHI,84043
2022,"SIMPLER POSTAGE INC DBA EASYPOST",2,0,6,0,49,3085,UT,LEHI,84043
2022,"SIMS PARK CITY LLC",1,0,0,0,71,1066,UT,"PARK CITY",84098
2022,"SINCLAIR SERVICES COMPANY",0,0,1,0,21,7749,UT,"SALT LAKE CITY",84130
2022,"SKAGGS CATHOLIC CENTER LLC DBA JUAN DIEGO CATHOLIC HIGH SCHOOL",1,0,0,0,61,6765,UT,DRAPER,84020
2022,"SMITH JOHNSON GROUP INC",0,0,1,0,54,3562,UT,SANDY,84070
2022,"SNAP FINANCE LLC",0,0,1,0,52,8051,UT,"SALT LAKE CITY",84126
2022,"SNAP FINANCE LLC",2,0,1,0,52,8051,UT,"SALT LAKE CITY",84119
2022,"SNAP FINANCE LLC",1,0,0,0,52,8051,UT,"WEST VALLEY",84119
2022,"SNAP FINANCE LLC",0,0,1,0,52,8051,UT,"W VALLEY CITY",84119
2022,"SNAP FINANCE LLC",2,0,14,0,52,8051,UT,"WEST VALLEY CITY",84119
2022,"SNOW COLLEGE",1,0,0,0,61,0517,UT,EPHRAIM,84627
2022,"SOCIALSWELL INC",1,0,0,0,51,6654,UT,HOLLADAY,84121
2022,"SOFT CELL LABS INC",1,0,0,0,62,0597,UT,"SAINT GEORGE",84790
2022,"SOGC INC",1,0,0,0,54,6718,UT,"SALT LAKE CITY",84102
2022,"SOLUTIONREACH INC",0,0,1,0,51,9593,UT,LEHI,84043
2022,"SOLUTIONSTREAM LLC",0,0,1,0,54,7934,UT,LEHI,84043
2022,"SONUS SOFTWARE SOLUTIONS INC",3,0,3,0,54,2585,UT,OREM,84057
2022,"SORENSON COMMUNICATIONS LLC",0,0,2,0,54,0555,UT,"SALT LAKE CITY",84123
2022,"SORENSON COMMUNICATIONS LLC",0,0,1,0,54,0555,UT,"SALT LAKE CTY",84123
2022,"SOUTHERN UTAH UNIVERSITY",5,0,3,0,61,0481,UT,"CEDAR CITY",84720
2022,"SPARROW ELECTRIC LLC",1,0,0,0,23,9844,UT,"WEST VALLEY",84120
2022,"SPECTRUM  ACADEMY",1,0,0,0,81,7459,UT,"NORTH SALT LAKE",84054
2022,"SPEED OF LIGHT OPS LLC",1,0,0,0,54,6034,UT,LEHI,84043
2022,"SPORTSMAN'S WAREHOUSE INC",1,0,0,0,54,2614,UT,"WEST JORDAN",84088
2022,"SPORTSMANS WAREHOUSE INC",0,0,2,0,45,2614,UT,"WEST JORDAN",84088
2022,"SPORTSMANS WAREHOUSE INC",1,0,0,0,54,2614,UT,"WEST JORDAN",84088
2022,"SQUARE FINANCIAL SERVICES INC",0,0,1,0,51,9307,UT,"SALT LAKE CITY",84121
2022,"SQUEEZE MEDIA GROUP LLC",1,0,0,0,54,5196,UT,OREM,84097
2022,"STADLER US INC",0,0,1,0,42,6733,UT,"SALT LAKE CITY",84104
2022,"STAMPIN UP INC",0,0,1,0,45,3215,UT,HERRIMAN,84096
2022,"STORAGECRAFT TECHNOLOGY LLC",1,0,2,0,54,2557,UT,DRAPER,84020
2022,"SUMMIT ACADEMY INC",1,0,0,0,61,8013,UT,DRAPER,84020
2022,"SUMMIT GLOBAL INVESTMENTS LLC",1,0,0,0,52,6371,UT,BOUNTIFUL,84010
2022,"SUNDANCE HOLDINGS GRP LLC DBA SUNDANCE CATALOG",0,0,1,0,44,0359,UT,"SALT LAKE CITY",84120
2022,"SUNRISE ENGINEERING INC",0,0,0,1,92,5347,UT,MIDVALE,84047
2022,"SUSE LLC",0,0,6,1,51,3967,UT,PROVO,84606
2022,"SVC TECH SOLUTIONS LLC",0,0,1,0,54,1723,UT,SANDY,84094
2022,"SWEAT HOLDINGS INC DBA ROYAL ENGINEERING",0,0,1,0,54,1886,UT,PROVO,84606
2022,"SWIRE PACIFIC HOLDINGS INC DBA SWIRE COCA COLA USA",0,0,4,0,31,4812,UT,DRAPER,84020
2022,"SWIRE PACPFIC HOLDINGS INC DBA SWIRE COCA COLA USA",0,0,3,0,31,4812,UT,DRAPER,84020
2022,"SYMBOLARTS LLC",0,0,1,0,33,6926,UT,OGDEN,84405
2022,"TANKLOGIX LLC",0,0,2,0,54,9986,UT,LOGAN,84321
2022,"TANNER LLC",1,0,0,0,54,3063,UT,"SALT LAKE CTY",84111
2022,"TANNER MEMORIAL CLINIC DBA TANNER",0,0,1,0,62,8917,UT,LAYTON,84041
2022,"TAXBIT INC",1,0,3,0,54,6436,UT,DRAPER,84020
2022,"TCI BIOTECH USA LLC",0,0,1,0,31,7924,UT,"AMERICAN FORK",84003
2022,"TEIKO BIO INC",0,0,1,0,54,5497,UT,"SALT LAKE CITY",84108
2022,"TEMPORARY RESOURCES INC DBA TALENT TEAM",1,0,0,0,56,3839,UT,"WEST VALLEY CITY",84120
2022,"THE CODE CORPORATION",0,0,2,0,33,2670,UT,"SALT LAKE CITY",84123
2022,"THE CODE CORPORATION",1,0,0,0,33,2670,UT,MURRAY,84123
2022,"THE LAYTON COMPANIES DBA LAYTONCONSTRUCTION COMPANY LLC",1,0,2,1,23,0059,UT,SANDY,84070
2022,"TKS CO PACK MANUFACTURING LLC",0,0,1,0,32,0670,UT,LINDON,84042
2022,"TOOELE COUNTY SCHOOL DISTRICT",2,0,3,0,61,0523,UT,TOOELE,84074
2022,"TORUS INC",0,0,1,0,33,7455,UT,LEHI,84043
2022,"TPUSA INC",0,0,1,0,56,2021,UT,"SALT LAKE CITY",84104
2022,"TRAEGER PELLET GRILLS LLC",0,0,1,0,42,5368,UT,"SALT LAKE CITY",84108
2022,"TRAVELPASS GROUP  INC",1,0,0,0,54,7434,UT,"SOUTH JORDAN",84009
2022,"TRC ASSET MANAGEMENT LLC DBA TABLE",0,0,1,0,53,6541,UT,DRAPER,84020
2022,TRUEINSIGHT,0,0,2,0,42,2439,UT,SANDY,84093
2022,"TRUHEARING INC",0,0,1,0,52,5501,UT,DRAPER,84020
2022,"TRUHEARING INC",1,0,0,0,44,5501,UT,DRAPER,84020
2022,"TRULA FOUNDATION",0,1,0,0,61,6681,UT,"SAINT GEORGE",84770
2022,"TRUVISION HEALTH LLC DBA TRUVY",1,0,0,0,44,5422,UT,DRAPER,84020
2022,"TSA ARCHITECTS",0,0,2,0,54,5827,UT,"SALT LAKE CITY",84105
2022,"TZERO GROUP INC",0,0,1,0,52,9269,UT,MIDVALE,84047
2022,"UINTAH BASIN HEALTHCARE",5,0,0,0,62,6435,UT,ROOSEVELT,84066
2022,"ULTRADENT PRODUCTS INC",1,0,3,0,33,6957,UT,"SOUTH JORDAN",84095
2022,"UNIV FIRST FEDERAL CREDIT UNION DBA UFIRST CREDIT UNION",0,0,1,0,52,4218,UT,"SALT LAKE CITY",84106
2022,"UNIVERSITY OF UTAH",3,0,0,0,61,0525,UT,"SALT LAKE CTY",84112
2022,"UNIVERSITY OF UTAH",0,0,1,0,61,0525,UT,"SALT LAKE CITY",84108
2022,"UNIVERSITY OF UTAH",67,3,87,7,61,0525,UT,"SALT LAKE CITY",84112
2022,"UPLIFE GROUP LLC",1,0,0,0,52,6022,UT,OREM,84097
2022,"USANA HEALTH SCIENCES INC",0,0,1,0,32,0306,UT,"SALT LAKE CITY",84120
2022,"USANA HEALTH SCIENCES INC",0,0,1,0,32,0306,UT,"SALT LAKE CTY",84120
2022,"UTAH CRIME VICTIMS LEGAL CLINIC",0,0,1,0,54,6973,UT,VINEYARD,84059
2022,"UTAH HEALTH INFORMATION NETWORK IN",0,0,1,0,52,0249,UT,"SALT LAKE CITY",84121
2022,"UTAH STATE UNIVERSITY",0,0,1,0,61,0528,UT,LOGAN,84322
2022,"UTAH STATE UNIVERSITY",17,0,13,0,61,0528,UT,LOGAN,84322
2022,"UTAH SYS OF HIGHER ED",0,0,1,0,92,0545,UT,"SALT LAKE CITY",84114
2022,"UTAH SYS OF HIGHER ED",1,0,0,0,54,0545,UT,"SALT LAKE CITY",84129
2022,"UTAH SYS OF HIGHER ED",0,0,1,0,61,0545,UT,"SALT LAKE CITY",84101
2022,"UTAH TECH UNIVERSITY",3,0,2,0,61,0488,UT,"SAINT GEORGE",84770
2022,"UTAH TRANSIT AUTHORITY",1,0,2,0,92,4459,UT,"SALT LAKE CITY",84101
2022,"UTAH TRANSIT AUTHORITY",0,0,1,0,48,4459,UT,"SALT LAKE CITY",84101
2022,"UTAH VALLEY UNIVERSITY",6,0,0,0,61,0648,UT,OREM,84058
2022,"UTEX STORAGE PARTNERS III LLC",0,0,1,0,53,0811,UT,DRAPER,84020
2022,"VAN BOERUM & FRANK ASSOCIATES INC",0,0,1,0,54,2348,UT,"SALT LAKE CITY",84111
2022,"VANDERHALL MOTOR WORKS INC",0,0,1,0,33,6323,UT,PROVO,84606
2022,"VAREX IMAGING CORPORATION",1,0,8,0,33,4516,UT,"SALT LAKE CITY",84104
2022,"VAREX IMAGING CORPORATION",1,0,0,0,33,4516,UT,"SALT LAKE CTY",84104
2022,"VECTOR STRUCTURAL ENGINEERING LLC",0,0,1,0,54,8183,UT,DRAPER,84020
2022,"VENAFI INC",2,0,4,0,54,4730,UT,"SALT LAKE CITY",84111
2022,"VENAFI INC",1,0,0,0,54,4730,UT,"SALT LAKE CTY",84111
2022,"VENAFI INC",0,0,1,0,56,4730,UT,"SALT LAKE CITY",84111
2022,"VIA MOTORS INC",0,0,1,0,81,0185,UT,OREM,84058
2022,"VIA MOTORS INC",3,0,13,1,33,0185,UT,OREM,84058
2022,"VISIBLE SUPPLY CHAIN MANAGEMENT LLC",0,0,1,0,48,6339,UT,"SALT LAKE CITY",84116
2022,"VITALPAX INC",0,0,1,0,32,9898,UT,"LA VERKIN",84745
2022,"VIVINT INC",3,0,17,0,54,4038,UT,PROVO,84604
2022,"VIVINT INC",1,0,1,0,56,4038,UT,PROVO,84604
2022,"W W CLYDE & CO",0,0,2,0,99,3690,UT,OREM,84057
2022,"WALKER EDISON FURNITURE COMPANY LLC",1,0,1,0,33,6576,UT,"SOUTH JORDAN",84095
2022,"WASATCH COUNTY SCHOOL DISTRICT",1,0,1,0,61,0530,UT,"HEBER CITY",84032
2022,"WASHINGTON COUNTY SCHOOL DISTRICT",4,0,7,0,61,0531,UT,"SAINT GEORGE",84770
2022,"WCF MUTUAL INSURANCE DBA WCF INSUR",0,0,1,0,52,7018,UT,SANDY,84070
2022,"WCF MUTUAL INSURANCE DBA WCF INSURANCE",2,0,1,0,52,7018,UT,SANDY,84070
2022,"WEAVE COMMUNICATIONS INC",1,0,1,0,51,2902,UT,LEHI,84043
2022,WEBBANK,4,0,6,0,52,8836,UT,"SALT LAKE CITY",84111
2022,"WEBER SCHOOL DISTRICT",1,0,0,0,61,,UT,OGDEN,84405
2022,"WEBER STATE UNIV",1,1,3,0,61,0535,UT,OGDEN,84408
2022,"WEBER STATE UNIVERSITY",6,1,3,0,61,0535,UT,OGDEN,84408
2022,"WEILENMANN SCHOOL OF DISCOVERY",0,0,1,0,61,0117,UT,"PARK CITY",84098
2022,"WESTECH ENGINEERING LLC",1,0,0,0,54,9674,UT,"SALT LAKE CITY",84115
2022,"WESTERN GOVERNORS UNIV",2,0,5,0,61,3926,UT,"SALT LAKE CITY",84107
2022,"WESTERN GOVERNORS UNIVERSITY",1,0,1,0,61,3926,UT,"SALT LAKE CTY",84107
2022,"WESTERN GOVERNORS UNIVERSITY",5,0,16,2,61,3926,UT,"SALT LAKE CITY",84107
2022,"WESTMINSTER COLLEGE",0,0,2,0,61,2470,UT,"SALT LAKE CITY",84105
2022,"WHISTIC INC",1,0,0,0,54,7021,UT,"PLEASANT GROVE",84062
2022,"WILSON ELECTRONICS LLC",0,0,1,0,33,7635,UT,"SAINT GEORGE",84790
2022,"WIRELESS ADVANCED VEHICLE ELECTRIFICATION LLC",0,0,1,0,54,6793,UT,"SALT LAKE CITY",84104
2022,XACTWARE,0,0,1,0,54,9711,UT,LEHI,84043
2022,XACTWARE,1,0,0,0,51,9711,UT,LEHI,84043
2022,"XACTWARE SOLUTIONS INC",1,0,0,0,51,9711,UT,LEHI,84043
2022,"XACTWARE SOLUTIONS INC",0,0,8,0,54,9711,UT,LEHI,84043
2022,"XENTER INC",0,0,0,1,33,7525,UT,"SALT LAKE CITY",84120
2022,"YOUNG LIVING ESSENTIAL OILS LC",0,0,1,0,45,8757,UT,LEHI,84043
2022,"YOUNG LIVING HOLDINGS LLC",1,0,0,0,45,6118,UT,LEHI,84043
2022,"YOUNG LIVING HOLDINGS LLC",0,0,1,0,31,6118,UT,LEHI,84043
2022,"YOUNG LIVING HOLDINGS LLC",0,0,1,0,32,6118,UT,LEHI,84043
2022,"ZIONS BANCORPORATION N A",3,0,46,3,52,9025,UT,"SALT LAKE CITY",84133
2022,"ZIONS BANCORPORATION N A",0,0,1,0,52,9025,UT,"SALT LAKE CTY",84133
2022,"ZIONS BANCORPORATION N A",0,0,1,0,52,8902,UT,"SALT LAKE CITY",84133
2022,"ZYTO TECHNOLOGIES INC",0,0,1,0,51,7382,UT,LINDON,84042
