"Fiscal Year",Employer,"Initial Approval","Initial Denial","Continuing Approval","Continuing Denial",NAICS,"Tax ID",State,City,ZIP
2022,"ALLOTEX INC",0,0,1,0,99,6460,VT,"SOUTH WOODSTOCK",05071
2022,"ASCENSION TECHNOLOGY CORPORATION DBA NORTHERN DIGITAL INC",0,0,1,0,54,7262,VT,SHELBURNE,05482
2022,"BENNINGTON COLLEGE",2,0,3,0,61,9414,VT,BENNINGTON,05201
2022,"BETA AIR LLC DBA BETA TECHNOLOGIES",1,0,1,0,54,0933,VT,"SOUTH BURLINGTON",05403
2022,"BLUE CROSS & BLUE SHIELD OF VERMON",0,0,1,0,52,7307,VT,MONTPELIER,05601
2022,"BRISTOL PARK DENTAL ASSOCIATES, PLLC",1,0,0,0,62,0081,VT,BRISTOL,05443
2022,"BURLINGTON SCHOOL DISTRICT",0,0,1,0,61,1664,VT,BURLINGTON,05401
2022,"CARESOURCE MANAGEMENT SERVICES LLC",0,0,1,0,92,3371,VT,BURLINGTON,05401
2022,"CENTERLINE ARCHITECTS PLANNERS P C",1,0,0,0,54,2949,VT,BENNINGTON,05201
2022,"CHAMPLAIN COLLEGE INC",1,0,1,0,61,0266,VT,BURLINGTON,05401
2022,"CN HOLGINGS INC",0,0,1,1,54,9171,VT,"WHITE RIVER JUNCTION",05001
2022,"COLCHESTER DENTAL LLC D/B/A COLCHESTER DENTAL GROUP",1,0,0,0,62,4707,VT,COLCHESTER,05446
2022,"COMMUNITY HEALTH CENTERS OF BURLINGTON",1,0,0,0,62,2584,VT,BURLINGTON,05401
2022,"DATA INNOVATIONS LLC",0,0,2,0,54,2318,VT,COLCHESTER,05446
2022,"DYNAPOWER COMPANY LLC",0,0,1,0,33,2297,VT,"SOUTH BURLINGTON",05403
2022,"E4H-ENVIRONMENTS FOR HEALTH LLC",0,0,1,0,54,7449,VT,WILLISTON,05495
2022,"ESSGEE ENTERPRISES LLC DBA CALMOUR PHARMACEUTICAL CONSULTING",1,0,0,0,51,6525,VT,"SOUTH BURLINGTON",05403
2022,"FLEXASEAL ENGINEERED SEALS & SYSS",0,0,1,0,33,9227,VT,WILLISTON,05495
2022,"GOLDEN 10 MAPLEVILLE PLLC D/B/A ASSOCIATES IN COMPREHENSIVE DENTAL CARE",1,0,0,0,62,8607,VT,"SAINT ALBANS",05748
2022,"HAZELETT STRIP CASTING CORPORATION",0,0,1,0,33,7228,VT,COLCHESTER,05446
2022,"INSPACE PROXIMITY INC",0,0,1,0,51,8491,VT,BURLINGTON,05401
2022,"ISUN UTILITY, LLC",1,0,0,0,23,4411,VT,WILLISTON,05495
2022,"ITECH US INC",4,0,63,2,54,3754,VT,"SOUTH BURLINGTON",05403
2022,"KATO DESIGN INC",1,0,0,0,54,6262,VT,"MANCHESTER CENTER",05255
2022,"KUNAL LLC",0,0,1,0,72,9496,VT,"SOUTH BURLINGTON",05403
2022,"LAMOILLE HEALTH PARTNERS INC",1,0,0,0,62,8048,VT,MORRISVILLE,05661
2022,"LANCE SMITH INC DBA VERMONT SPORTSCAR",0,0,1,0,33,7791,VT,MILTON,05468
2022,"MARATHON HEALTH LLC",1,0,0,0,62,3977,VT,WINOOSKI,05404
2022,"MOBILE VIRTUAL PLAYER LLC",1,0,0,0,54,7168,VT,BRADFORD,05033
2022,"NATIONAL LIFE INSURANCE COMPANY D/B/A NATIONAL LIFE GROUP",1,0,3,0,52,4090,VT,MONTPELIER,05604
2022,"NATIONAL LIFE INSURANCE COMPANY DBA NATIONAL LIFE GROUP",0,0,1,0,52,4090,VT,MONTPELIER,05602
2022,"NATIONAL LIFE INSURANCE COMPANY DBA NATIONAL LIFE GROUP",1,0,5,0,52,4090,VT,MONTPELIER,05604
2022,"NORTH COUNTY HOSP & HLTH CTR INC",1,0,0,0,62,5556,VT,NEWPORT,05855
2022,"NORTHEASTERN VERMONT REGIONAL HOSP",0,0,1,0,62,3761,VT,"SAINT JOHNSBURY",05819
2022,"NORTHFIELD SAVINGS BANK",1,0,0,0,52,5560,VT,BERLIN,05401
2022,"NORTHWESTERN MEDICAL CENTER INC",1,0,0,0,62,6986,VT,"ST ALBANS",05478
2022,"NORTHWESTERN MEDICAL CENTER INC",0,0,1,0,62,6986,VT,"SAINT ALBANS",05478
2022,"NRG SYSTEMS INC",0,0,1,0,23,6178,VT,HINESBURG,05461
2022,"OMEGA OPTICAL LLC",0,0,1,0,33,4136,VT,BRATTLEBORO,05301
2022,"PRES & FELLOWS OF MIDDLEBURY COLLE",17,0,3,0,61,9298,VT,MIDDLEBURY,05753
2022,"PRESIDENT & FELLOW OF MIDDLEBURY C",1,0,0,0,61,,VT,MIDDLEBURY,05753
2022,"PRESIDENT & FELLOWS OF MIDDLEBURY",1,0,0,0,61,9298,VT,MIDDLEBURY,05753
2022,"PRESIDENT & FELLOWS OF MIDDLEBURY",2,0,0,0,61,9298,VT,MIDDLEBURY,05753
2022,"PRESIDENT & FELLOWS OF MIDDLEBURY",1,0,0,0,61,1111,VT,MIDDLEBURY,05753
2022,"PRESIDENT & FELLOWS OF MIDDLEBURY COLLEGE",1,0,1,0,61,9298,VT,MIDDLEBURY,05753
2022,"PRESIDENT & FELLOWS OF MIDDLEBURY COLLEGE",26,0,4,0,61,9298,VT,MIDDLEBURY,05753
2022,"PRESIDENT AND FELLOWS OF MIDDLEBURY COLLEGE",0,0,1,0,61,,VT,MIDDLEBURY,05753
2022,"PRESIDENT FELLOWS OF MIDDLEBURY",0,1,0,0,61,,VT,MIDDLEBURY,05753
2022,"PRESIDENT FELLOWS OF MIDDLEBURY COLLEGE",1,0,0,0,61,9298,VT,MIDDLEBURY,05753
2022,"PRESIDENT OF FELLOWS OF MIDDLEBURY COLLEGE",1,0,0,0,61,,VT,MIDDLEBURY,05753
2022,"RESONANT LINK",0,0,1,0,33,9457,VT,SHELBURNE,05482
2022,"RESOURCE SYSTEMS GROUP",0,0,1,0,54,5879,VT,"WHITE RIVER JUNCTION",05001
2022,"RUTLAND REGIONAL MEDICAL CENTER",0,0,2,0,62,8191,VT,RUTLAND,05701
2022,"SAINT MICHAEL S COLLEGE",3,0,2,0,61,9403,VT,COLCHESTER,05439
2022,"SOLIDARITY OF UNBRINDLED LABOUR",1,0,0,0,54,8401,VT,BURLINGTON,05401
2022,"SOUTHWESTERN VERMONT MED CTR INC",0,0,1,0,62,3241,VT,BENNINGTON,05201
2022,"STATE OF VERMONT",0,0,1,0,92,0274,VT,MONTPELIER,05609
2022,"STRATTON AVIATION LLC",1,0,0,0,42,5681,VT,WINOOSKI,05404
2022,"SYSTEMS & SOFTWARE INC",0,0,1,0,54,8126,VT,WINOOSKI,05404
2022,"THE RICHFORD HLTH CTR INC D/B/A NO",1,0,1,0,62,5982,VT,RICHFORD,05476
2022,"THE UNIVERSITY OF VERMONT",12,0,15,2,61,9440,VT,BURLINGTON,05405
2022,"UNION STREET DENTAL",0,0,0,1,62,8312,VT,BENNINGTON,05201
2022,"UNIV OF VERMONT HEALTH NETWORK MED",1,0,3,1,62,5105,VT,BURLINGTON,05401
2022,"UNIVERSITY OF VERMONT HEALTH NETWORK MEDICAL GROUP INC",0,0,1,0,62,5105,VT,BERLIN,05602
2022,"UNIVERSITY OF VERMONT HEALTH NETWORK MEDICAL GROUP INC",11,1,11,1,62,5105,VT,BURLINGTON,05401
2022,"UNIVERSITY OF VERMONT HEALTH NETWORK MEDICAL GROUP INC",2,0,2,0,62,5105,VT,"SOUTH BURLINGTON",05403
2022,"UNIVERSITY OF VERMONT MED CTR",1,0,1,0,62,9309,VT,BURLINGTON,05401
2022,"VALLEY COURT DIVERSION PROGRAMS IN",1,0,0,0,62,5093,VT,"WHITE RIVER JUNCTION",05001
2022,"VERMONT ACADEMY",1,0,0,0,61,9600,VT,"SAXTONS RIVER",05154
2022,"VERMONT INFORMATION PROCESSING INC",1,0,0,0,51,1253,VT,COLCHESTER,05446
2022,"VERMONT LAW SCHOOL",1,0,1,0,61,1952,VT,"SOUTH ROYALTON",05068
2022,"VERMONT TECHNICAL COLLEGE",0,0,1,0,61,3787,VT,CASTLETON,05735
2022,"VERMONT TECHNICAL COLLEGE",2,0,0,0,61,3787,VT,"RANDOLPH CENTER",05061
2022,"WORLD LEARNING WASHINGTON DC",0,0,1,0,92,9592,VT,BRATTLEBORO,05302
