"Fiscal Year",Employer,"Initial Approval","Initial Denial","Continuing Approval","Continuing Denial",NAICS,"Tax ID",State,City,ZIP
2022,,0,0,1,0,42,0475,WA,TUKWILA,98188
2022,"0965688 BC LTD DBA PROCOGIA",1,0,1,0,51,0209,WA,SEATTLE,98101
2022,"110 HOLDINGS LLC",1,0,1,0,54,9516,WA,BELLEVUE,98005
2022,"3MD INC DBA DENALI ADVANCED",1,0,0,0,54,0116,WA,REDMOND,98052
2022,"3SHARP LLC",0,0,1,0,51,8148,WA,REDMOND,98052
2022,"404 LABS INC",0,0,1,0,54,9656,WA,BOTHELL,98011
2022,"42LAYERS CORP",0,0,1,0,54,0317,WA,SEATTLE,98122
2022,"98POINT6 INC",1,0,4,0,54,0194,WA,SEATTLE,98104
2022,"9LLABS LLC",1,0,2,0,54,3249,WA,BELLEVUE,98004
2022,"9LOGIC TECHNOLOGIES INC",12,1,21,0,54,1040,WA,REDMOND,98052
2022,"A ALPHA BIO INC",0,0,1,0,54,0666,WA,SEATTLE,98195
2022,"A CARING DOCTOR MINNESOTA P A DBA BANFIELD PET HOSPITAL",0,0,2,0,54,8368,WA,VANCOUVER,98683
2022,"A CARING DOCTOR NEW JERSEY P C DBA BANFIELD PET HOSPITAL",0,0,1,0,54,0576,WA,VANCOUVER,98683
2022,"A CARING DOCTOR TEXAS PC",1,0,0,0,54,1410,WA,VANCOUVER,98683
2022,"A CARING DOCTOR TEXAS PC DBA BANFIELD PET HOSPITAL",1,0,1,0,54,1410,WA,VANCOUVER,98683
2022,"A CARING DOCTOR TEXAS, P.C.",2,1,1,0,54,1410,WA,VANCOUVER,98683
2022,"A CARING DR PC DBA BANFIELD PET HO",1,0,0,0,54,8919,WA,VANCOUVER,98683
2022,"A PLACE FOR MOM INC",0,0,3,0,62,9153,WA,SEATTLE,98104
2022,"A9 COM INC",0,0,3,0,45,7176,WA,SEATTLE,98121
2022,"A9.COM INC",0,0,4,0,45,7176,WA,SEATTLE,98121
2022,"ABSCI CORPORATION",1,0,0,0,32,3487,WA,VANCOUVER,98683
2022,"ABSCI CORPORATION",0,0,1,0,54,3487,WA,VANCOUVER,98683
2022,"ABSHER CONSTRUCTION CO",0,0,1,0,23,8333,WA,PUYALLUP,98372
2022,"ACCELALPHA INC",3,0,19,0,54,1177,WA,BELLEVUE,98005
2022,"ACCOLADE INC",0,0,4,0,62,9591,WA,SEATTLE,98101
2022,"ACES INSTITUTE LLC",1,0,0,0,61,8835,WA,BELLEVUE,98006
2022,"ACI GIFT CARDS LLC",1,0,0,0,45,9870,WA,SEATTLE,98121
2022,"ACITLABS LLC",1,0,0,0,54,4911,WA,LYNNWOOD,98036
2022,"ACITLABS LLC",1,0,0,0,54,4911,WA,KIRKLAND,98033
2022,"ACRYLICIZE INC",0,0,1,0,54,5917,WA,SEATTLE,98122
2022,"ACTION REACTION PHYSICAL THERAPY I",0,0,1,0,62,1601,WA,SEATTLE,98115
2022,"ADAPTIVE BIOTECHNOLOGIES CORP",0,0,1,0,54,7024,WA,SEATTLE,98102
2022,"ADAPTIVE BIOTECHNOLOGIES CORPORATION",0,0,1,0,54,7024,WA,SEATTLE,98102
2022,"ADAPTIVE BIOTECHNOLOGIES CORPORATION",0,0,10,0,54,7024,WA,SEATTLE,98109
2022,"ADAPTIVE PROTOCOLS INC",1,0,0,0,54,9505,WA,KIRKLAND,98033
2022,"ADISYS CORPORATION",0,0,1,0,54,9031,WA,BELLEVUE,98005
2022,"ADITI CONSULTING LLC",12,0,5,0,56,6792,WA,BELLEVUE,98005
2022,"ADROIT TECHNOLOGIES & CLOUD SOLUTI",3,0,0,0,54,9017,WA,REDMOND,98052
2022,"ADROIT TECHNOLOGIES CLOUD SOLUTIONS INC",14,0,1,0,54,9017,WA,REDMOND,98052
2022,"ADROIT TECHS & CLOUD SOLNS INC",4,0,1,0,54,9017,WA,REDMOND,98052
2022,"ADVAIYA SOLUTIONS INC",1,0,0,0,54,2335,WA,BELLEVUE,98007
2022,"ADVENTURER LP",1,0,0,0,33,2258,WA,YAKIMA,98903
2022,"AECON INFRASTRUCTURE DEVELOPMENT INC",0,0,1,0,23,2721,WA,LYNNWOOD,98036
2022,"AEGIS COMPANY",3,0,0,0,54,0448,WA,REDMOND,98052
2022,"AEGIS COMPANY",1,0,0,0,54,0448,WA,BELLEVUE,98007
2022,"AEON LAW PLLC",0,0,1,0,54,9257,WA,SEATTLE,98102
2022,"AERO CONTROLS INC",1,0,0,0,33,2435,WA,AUBURN,98001
2022,"AEROMECH INCORPORATED",0,0,2,0,54,0406,WA,EVERETT,98201
2022,"AFFIRMA LLC",1,0,2,0,54,9536,WA,BELLEVUE,98007
2022,"AFOUR TECHNOLOGIES INC",1,0,0,0,54,3871,WA,REDMOND,98052
2022,"AGC BIOLOGICS INC",2,0,5,0,32,6219,WA,BOTHELL,98021
2022,"AGC BIOLOGICS INC",1,0,3,0,99,6219,WA,BOTHELL,98021
2022,"AGILIANT INC",0,0,1,0,54,9133,WA,BELLEVUE,98004
2022,"AI SQUARED",4,0,3,1,54,3177,WA,SEATTLE,98103
2022,"AIBAOBAO INTERNATIONAL EDUCATION L",0,0,1,0,61,0286,WA,BELLEVUE,98007
2022,"AIMS BUILDING SERVICE LLC",0,0,1,0,23,0520,WA,SEATTLE,98148
2022,"AIRBIQUITY INC",0,0,4,0,54,6122,WA,SEATTLE,98101
2022,"AIS OPERATING CO INC",0,0,1,0,54,7641,WA,SEATTLE,98102
2022,"AK TECHNOLOGIES LLC",12,0,0,0,54,5258,WA,KENNEWICK,99336
2022,"AK TECHNOLOGIES LLC",0,0,1,0,54,5258,WA,"FEDERAL WAY",98003
2022,"ALACER GROUP LLC",0,0,0,1,54,7823,WA,BELLEVUE,98005
2022,"ALAMERE SOFTWARE INC",2,0,1,0,54,5828,WA,KIRKLAND,98034
2022,"ALASKA AIRLINES INC",0,0,8,0,48,9235,WA,SEATTLE,98188
2022,"ALEGENT CREIGHTON CLINIC",0,0,1,0,62,5154,WA,SEATTLE,98154
2022,"ALEXA INTERNET",1,0,0,0,45,2766,WA,SEATTLE,98121
2022,"ALEXANDRA LOZANO IMMIGRATION LAW",1,0,0,0,54,8960,WA,TUKWILA,98188
2022,"ALIBHAI BEPPU RENTON PLLC DBA ADVANCED ENDODONTICS",0,0,1,0,62,4292,WA,RENTON,98057
2022,"ALL STAR DIRECTORIES INC",2,0,0,0,54,8155,WA,RENTON,98057
2022,"ALL STAR DIRECTORIES INC",1,0,0,0,54,8155,WA,SEATTLE,98101
2022,"ALL STAR DIRECTORIES INC",0,0,1,0,54,8155,WA,SEATTLE,98109
2022,"ALLEN INSTITUTE",15,1,8,0,54,5317,WA,SEATTLE,98109
2022,"ALLRECIPES COM INC",0,0,1,0,99,3797,WA,SEATTLE,98154
2022,"ALLYIS INC",0,0,1,0,54,2878,WA,KIRKLAND,98033
2022,"ALOFT INC",0,0,1,0,53,7583,WA,SEATTLE,98104
2022,"ALPHA TECHNOLOGIES SERVICES INC",2,0,3,0,33,8197,WA,BELLINGHAM,98226
2022,"ALTASCIENCES PRECLINICAL SEATTLE LLC",1,0,0,0,54,2782,WA,EVERETT,98203
2022,"ALTIUS INST FOR BIOMEDICALSCIENCES",1,0,0,0,54,1080,WA,SEATTLE,98121
2022,"ALTIUS INSTITUTE FOR BIOMEDICAL SC",1,0,1,0,54,1080,WA,SEATTLE,98121
2022,"ALTIUS INSTITUTE FOR BIOMEDICAL SCIENCES",9,0,2,0,54,1080,WA,SEATTLE,98121
2022,"AMAZON ADVERTISING LLC",1,0,0,0,45,9823,WA,SEATTLE,22202
2022,"AMAZON ADVERTISING LLC",1,0,13,2,45,9823,WA,SEATTLE,98121
2022,"AMAZON CAPITAL SERVICES INC",1,0,1,0,45,8644,WA,SEATTLE,98121
2022,"AMAZON COM SERVICES LLC",0,0,1,0,45,5687,WA,SEATTLE,98121
2022,"AMAZON COM SERVICES LLC",0,0,1,0,45,4687,WA,SEATTLE,98101
2022,"AMAZON COM SERVICES LLC",0,0,1,0,45,4687,WA,SEATTLE,98112
2022,"AMAZON COM SERVICES LLC",0,0,1,0,45,4687,WA,SEATTLE,98109
2022,"AMAZON COM SERVICES LLC",2,0,4,0,51,4687,WA,SEATTLE,98121
2022,"AMAZON COM SERVICES LLC",1,0,0,0,45,4697,WA,SEATTLE,98121
2022,"AMAZON COM SERVICES LLC",661,22,2619,45,45,4687,WA,SEATTLE,98121
2022,"AMAZON DATA SERVICES INC",1,0,0,0,51,6543,WA,SEATTLE,98109
2022,"AMAZON DATA SERVICES INC",0,0,48,1,45,6543,WA,SEATTLE,98121
2022,"AMAZON DATA SERVICES INC",13,0,36,0,51,6543,WA,SEATTLE,98121
2022,"AMAZON DEVELOPMENT CENTER US INC",1,0,0,0,51,4306,WA,SEATTLE,22202
2022,"AMAZON DEVELOPMENT CENTER US INC",7,0,142,3,45,4306,WA,SEATTLE,98121
2022,"AMAZON DEVELOPMENT CENTER US INC",1,0,0,0,51,4306,WA,SEATTLE,98109
2022,"AMAZON DEVELOPMENT CENTER US INC",41,0,47,0,51,4306,WA,SEATTLE,98121
2022,"AMAZON MECHANICAL TURK INC",1,0,0,0,45,4202,WA,SEATTLE,98121
2022,"AMAZON MECHANICAL TURK INC",1,0,0,0,99,4202,WA,SEATTLE,98121
2022,"AMAZON PAYMENTS INC",1,0,1,0,45,6165,WA,SEATTLE,98121
2022,"AMAZON ROBOTICS LLC",0,0,1,0,45,3087,WA,SEATTLE,98121
2022,"AMAZON SERVICES LLC",0,0,1,0,45,4687,WA,SEATTLE,98121
2022,"AMAZON STUDIOS LLC",1,0,0,0,45,8501,WA,SEATTLE,98121
2022,"AMAZON WEB SERVICES INC",0,0,1,0,51,8068,WA,SEATTLE,98121
2022,"AMAZON WEB SERVICES INC",14,3,257,6,45,8068,WA,SEATTLE,98121
2022,"AMAZON WEB SERVICES INC",0,0,1,0,45,8063,WA,SEATTLE,98121
2022,"AMAZON WEB SERVICES INC",113,3,358,2,51,8068,WA,SEATTLE,98121
2022,"AMAZON WEB SERVICES INC",1,0,0,0,51,8068,WA,SEATTLE,22202
2022,"AMAZON.COM SERVICES LLC",1,0,0,0,45,4687,WA,KIRKLAND,98034
2022,"AMAZON.COM SERVICES LLC",1,0,0,0,99,9860,WA,SEATTLE,98121
2022,"AMAZON.COM SERVICES LLC",2,0,4,0,51,4687,WA,SEATTLE,98121
2022,"AMAZON.COM SERVICES LLC",0,0,1,0,45,4687,WA,SHORELINE,98155
2022,"AMAZON.COM SERVICES LLC",715,24,2736,67,45,4687,WA,SEATTLE,98121
2022,"AMAZON.COM SERVICES LLC",0,0,1,0,45,5687,WA,SEATTLE,98121
2022,"AMAZON.COM SERVICES LLC",11,0,0,0,45,4687,WA,SEATTLE,22202
2022,"AMAZON.COM SERVICES LLC",0,0,1,0,45,4687,WA,SEATTLE,98101
2022,"AMAZON.COM SERVICES LLC",0,0,1,0,99,4678,WA,SEATTLE,98121
2022,"AMAZON.COM SERVICES LLC",0,0,1,0,45,4687,WA,SEATTLE,98109
2022,"AMAZON.COM SERVICES LLC",0,0,3,0,45,4687,WA,SEATTLE,98121
2022,"AMAZON.COM SERVICES LLC",0,0,1,0,45,4687,WA,SEATTLE,98121
2022,"AMAZON.COM SERVICES LLC",0,0,1,0,45,4687,WA,SEATTLE,98112
2022,"AMAZON.COM.CA INC",0,0,1,0,45,9241,WA,SEATTLE,98121
2022,"AMPERITY INC",1,0,2,0,54,0699,WA,SEATTLE,98104
2022,"AMPLIFY CONSULTING PARTNERS INC",0,0,1,0,54,6847,WA,BELLEVUE,98007
2022,"ANCHOR QEA LLC",1,0,0,0,54,1322,WA,SEATTLE,98101
2022,"ANNAPURNA LABS US INC",2,0,6,0,45,8732,WA,SEATTLE,98121
2022,"ANROK INC",0,0,2,0,51,9725,WA,SEATTLE,98107
2022,"ANSTON AERIAL MEDIA CORP",1,0,0,0,42,7714,WA,REDMOND,98052
2022,"ANVAY SOLUTION INC DBA ANVAY SOLUTIONS",1,0,0,0,54,4529,WA,REDMOND,98052
2022,"APIJET LLC",1,0,0,0,33,2528,WA,SEATTLE,98101
2022,"APP IN THE AIR INC",1,0,0,0,56,4671,WA,SEATTLE,98101
2022,"APPEN BUTLER HILL INC",1,0,4,0,54,8395,WA,KIRKLAND,98034
2022,"APPLEXUS TECHNOLOGIES INC",0,0,7,0,54,9224,WA,"FEDERAL WAY",98003
2022,"APPTIO INC",0,0,10,0,54,5252,WA,BELLEVUE,98004
2022,"APTLY TECHNOLOGY CORPORATION",3,0,4,0,54,0225,WA,BELLEVUE,98005
2022,"ARCHECOLOGY LLC",1,0,1,0,54,7057,WA,SEATTLE,98122
2022,"ARIES APP INC",1,0,1,0,54,7952,WA,BELLEVUE,98004
2022,"ARIKKAN INC",0,0,1,0,54,3213,WA,VANCOUVER,98684
2022,"ARMOUR UNSDERFER ENGINEERING INC",0,0,0,1,54,9840,WA,BELLEVUE,98005
2022,"ARTICA INC",0,0,2,0,54,8751,WA,BELLEVUE,98004
2022,"ASIAN COUNSELING AND REFERRAL SVC",0,0,5,0,62,6176,WA,SEATTLE,98144
2022,"ASIAN PACIFIC MOTOR GROUP LLC",1,0,0,0,44,6991,WA,SHORELINE,98133
2022,"ASSURANCE IQ LLC",1,0,2,0,54,5645,WA,SEATTLE,98104
2022,"ASTRUMU INC",2,0,1,0,51,2481,WA,KIRKLAND,98033
2022,"AUDAX LABS LLC",1,0,0,0,54,2688,WA,BOTHELL,98021
2022,"AUDIBLE INC",1,0,0,0,45,7945,WA,SEATTLE,98121
2022,"AUROMA TECHNOLOGIES CO LLC DBA ACCES LASER COMPANY",0,0,1,0,33,0885,WA,EVERETT,98204
2022,"AUTEL ROBOTICS USA LLC",0,0,3,0,33,3325,WA,BOTHELL,98021
2022,"AUTEL ROBOTICS USA LLC",0,0,1,0,42,3325,WA,BOTHELL,98021
2022,"AVALARA INC",8,0,34,0,51,5935,WA,SEATTLE,98104
2022,"AVANADE INC",11,0,77,0,54,2865,WA,SEATTLE,98101
2022,"AVARON CAPITAL MANAGEMENT LLC",0,0,1,0,52,8905,WA,SEATTLE,98104
2022,"AVISTA CORPORATION",0,0,2,0,22,2470,WA,SPOKANE,99202
2022,"AVVO INC",0,0,3,0,51,9731,WA,SEATTLE,98101
2022,"AXIO RESEARCH LLC",1,0,2,0,54,5965,WA,SEATTLE,98121
2022,"AXON ENTERPRISE INC",3,0,12,0,33,1227,WA,SEATTLE,98101
2022,"AXON ENTERPRISE INC",8,0,26,0,33,1227,WA,SEATTLE,98109
2022,"AXON ENTERPRISE INC",1,0,0,0,32,1227,WA,SEATTLE,98109
2022,"AXON ENTERPRISE INC",0,0,1,0,33,1127,WA,SEATTLE,98101
2022,"B Z LLC DBA YUAN SPA",0,0,1,0,81,6614,WA,BELLEVUE,98004
2022,"BACKBONE LABS INC",1,0,1,0,54,0421,WA,VANCOUVER,98660
2022,"BADER MARTIN P S",0,0,1,0,54,1421,WA,SEATTLE,98104
2022,"BAMBOO TECHNOLOGIES INC",1,0,3,0,54,4263,WA,SEATTLE,98103
2022,"BANK OF AMERICA NA",1,0,0,0,52,7665,WA,KIRKLAND,98083
2022,"BARSALA INTERNATIONAL INC",0,0,1,0,51,3794,WA,SEATTLE,98104
2022,"BATTELLE MEMORIAL INSTITUTE",1,0,0,0,54,9424,WA,RICHLAND,99354
2022,"BATTELLE MEMORIAL INSTITUTE",80,0,66,1,54,9427,WA,RICHLAND,99354
2022,"BATTELLE MEMORIAL INSTITUTE",1,0,1,0,54,9427,WA,RICHLAND,99352
2022,"BELLEVUE COLLEGE",3,0,1,0,61,9265,WA,BELLEVUE,98007
2022,"BELLEVUE SCHOOL DISTRICT",1,0,0,0,61,1637,WA,BELLEVUE,98005
2022,"BEN BRIDGE JEWELERS INC",0,0,1,0,44,5728,WA,SEATTLE,98121
2022,"BENAROYA RESEARCH INSTITUTE AT VIR",0,0,1,0,54,,WA,SEATTLE,98101
2022,"BENAROYA RESEARCH INSTITUTE AT VIR",4,1,2,0,54,3422,WA,SEATTLE,98101
2022,"BENAROYA RESEARCH INSTITUTE AT VIRGINIA MASON",1,0,0,0,54,3432,WA,SEATTLE,98101
2022,"BENTON BRAY PLLC",1,0,0,0,54,8623,WA,BELLEVUE,98004
2022,"BEYONDSOFT CONSULTING INC",6,0,8,0,54,0311,WA,BELLEVUE,98004
2022,"BHC FAIRFAX HOSPITAL INC DBA FAIRFAX HOSPITAL",0,0,1,0,62,8528,WA,KIRKLAND,98034
2022,"BIBLIOSO CORPORATION",1,0,1,0,54,1174,WA,BELLEVUE,98005
2022,"BIG FISH GAMES INC",1,0,4,0,51,9845,WA,SEATTLE,98104
2022,"BILL & MELINDA GATES FDN",3,0,5,0,81,8866,WA,SEATTLE,98102
2022,"BILL & MELINDA GATES FOUNDATION",9,0,7,0,81,8866,WA,SEATTLE,98102
2022,"BIOLIFE SOLUTIONS INC",0,0,1,0,32,6866,WA,BOTHELL,98021
2022,"BIRCH TECHNOLOGIES INC",1,0,0,0,54,8479,WA,SEATTLE,98103
2022,"BIRTH TO THREE DEVELOPMENTAL CENTE",0,0,1,0,62,9019,WA,"FEDERAL WAY",98093
2022,"BITTREX INC",1,0,9,0,52,0908,WA,SEATTLE,98104
2022,"BKCO INC",0,0,1,0,53,8094,WA,BELLINGHAM,98226
2022,"BLACKFLY INVESTMENTS LLC",0,0,1,0,62,4323,WA,VANCOUVER,98684
2022,"BLINK INTERACTIVE INC",0,0,1,0,54,1685,WA,SEATTLE,98104
2022,"BLUDIAGNOSTICS LLC",0,0,1,1,45,4882,WA,SEATTLE,98121
2022,"BLUE HILL TECH INC",0,0,1,0,51,9510,WA,SEATTLE,98199
2022,"BLUE HILL TECH INC DBA ARTLY COFFEE",0,0,2,0,51,9510,WA,SEATTLE,98199
2022,"BLUE NILE INC",2,0,5,0,44,3165,WA,BELLEVUE,98007
2022,"BLUEBERRY TECHNOLOGIES LLC",2,0,0,0,54,9253,WA,SEATTLE,98144
2022,"BLUEPRINT TECHNOLOGIES LLC",1,0,1,0,54,1898,WA,BELLEVUE,98004
2022,"BNBUILDERS INC",2,0,4,0,23,5353,WA,SEATTLE,98121
2022,"BOBBY VIRK DMD HELEN SKOUNTRIANOS",0,0,1,0,62,4960,WA,"BONNEY LAKE",98391
2022,"BOP LLC",1,0,0,0,45,5203,WA,SEATTLE,98121
2022,"BOP LLC",1,0,0,0,99,5203,WA,SEATTLE,98121
2022,"BREAKTHROUGH ENERGY LLC",0,0,1,0,54,1932,WA,KIRKLAND,98033
2022,"BRICKRED SYSTEMS LLC",1,0,0,0,54,9390,WA,BELLEVUE,98007
2022,"BRIDGE33 CAPITAL LLC",1,0,0,0,99,9107,WA,SEATTLE,98101
2022,"BROOKS SPORTS INC",1,0,2,0,42,0860,WA,SEATTLE,98103
2022,"BROUGHTON DUNN PLLC DBA LIGHT DENTAL STUDIOS",1,0,0,0,62,3157,WA,PUYALLUP,98373
2022,"BUNGIE INC",2,0,5,0,51,1168,WA,BELLEVUE,98004
2022,"C2S TECHNOLOGIES INC",4,0,6,0,54,2047,WA,BELLEVUE,98007
2022,"CAGLE CONSULTING LLC DBA ON POINTE PARTNERS",1,0,0,0,54,6351,WA,SEATTLE,98105
2022,"CAJAL NEUROSCIENCE INC",0,0,1,0,54,6934,WA,SEATTLE,98102
2022,"CALICO ENERGY INC",0,0,1,0,54,6271,WA,SEATTLE,98104
2022,"CAMBER COLLECTIVE LLC",0,0,1,0,54,4359,WA,SEATTLE,98121
2022,"CAMOUFLAJ INC",1,0,0,0,51,2288,WA,BELLEVUE,98004
2022,"CANCER CARE NORTHWEST CENTERS PS",0,0,1,0,62,7627,WA,"SPOKANE VALLEY",99216
2022,"CAPITAL 6 LLC",0,0,1,0,52,8349,WA,"BAINBRIDGE ISLAND",98110
2022,"CAPSIGEN INC",0,0,1,0,99,0329,WA,VANCOUVER,98660
2022,"CARBITEX INC",0,0,1,0,31,5689,WA,KENNEWICK,99337
2022,"CARE CENTER TOPPENISH INC",1,0,0,0,62,8212,WA,TOPPENISH,98948
2022,"CASH FLOW PORTAL INC",2,0,0,0,52,8714,WA,SEATTLE,98109
2022,"CATALYST HOUSING GROUP LLC",1,0,0,0,53,6207,WA,LARKSPUR,98052
2022,"CEDAR RIVER MONTESSORI SCHOOL",1,0,0,0,61,4261,WA,RENTON,98058
2022,"CEMTICS LLC",1,0,0,0,54,7393,WA,ISSAQUAH,98027
2022,"CENTRAL WASHINGTON UNIV",2,0,0,0,61,0618,WA,ELLENSBURG,98926
2022,"CENTRAL WASHINGTON UNIVERSITY",3,0,0,0,61,0618,WA,ELLENSBURG,98926
2022,"CENTRALIA COLLEGE",1,0,0,0,61,2664,WA,CENTRALIA,98531
2022,"CEQUINT INC",0,0,2,0,51,1642,WA,SEATTLE,98104
2022,"CHAMELEON TECHNOLOGIES INC",1,0,0,0,51,8166,WA,KIRKLAND,98033
2022,"CHARLES CHANG DDS MS PLLC",1,0,0,0,62,0840,WA,SNOQUALMIE,98065
2022,"CHATECK INC",0,0,1,0,54,6880,WA,BOTHELL,98021
2022,"CHEMPOINT COM INC",0,0,1,0,42,1926,WA,BELLEVUE,98004
2022,CHILDHAVEN,1,0,0,0,62,2430,WA,SEATTLE,98122
2022,"CHINESE INFORMATION & SVCS CTR",1,0,0,0,62,8529,WA,SEATTLE,98104
2022,"CHINESE INFORMATION AND SERVICE CENTER",4,0,1,0,62,8529,WA,SEATTLE,98104
2022,"CHINESE INFORMATION AND SVC CTR",2,0,1,0,62,8529,WA,SEATTLE,98104
2022,"CHINESE RADIO SEATTLE INC",1,0,0,0,51,1770,WA,BELLEVUE,98006
2022,"CHINOOK THERAPEUTICS INC",1,0,0,0,54,8934,WA,SEATTLE,98109
2022,"CHOI CAPITAL LAW PLLC",0,0,1,0,54,3218,WA,SEATTLE,98121
2022,"CHRISTOPHER HUANG CPAS PLLC",1,0,1,0,54,6444,WA,BELLEVUE,98004
2022,"CHRONOSPHERE INC",0,0,2,0,51,2930,WA,BELLEVUE,98004
2022,"CHUDGAR ENGINEERING COMPANY",1,0,1,0,54,7702,WA,BELLEVUE,98005
2022,CIMPLESOFT,1,0,0,0,54,0211,WA,SEATTLE,98107
2022,"CLALLAM COUNTY PUBLIC HOSPITAL DISTRICT 2",1,0,0,0,62,1709,WA,"PORT ANGELES",98362
2022,"CLICK2CLOUD INC",0,0,2,0,54,0622,WA,BELLEVUE,98005
2022,"CLOBOTICS CORPORATION",2,0,0,0,54,8717,WA,BELLEVUE,98004
2022,"CLOUDIQ TECHNOLOGIES INC",1,0,1,0,54,2158,WA,ISSAQUAH,98029
2022,"CLOUDMOYO INC",0,0,7,0,54,2577,WA,BELLEVUE,98007
2022,"CMTY HEALTH PLAN OF WASHINGTON",0,0,1,0,52,9710,WA,SEATTLE,98101
2022,"COFFMAN ENGINEERS INC",2,0,0,0,54,3429,WA,SEATTLE,98101
2022,"COGENT HEALTH OF MISSOURI INC D/B/A SOUND PHYSICIANS OF MISSOURI II",1,0,0,0,62,3829,WA,TACOMA,98402
2022,"COGENT HEALTHCARE OF GA P C D/B/A",0,0,1,0,62,1785,WA,TACOMA,98402
2022,"COGENT HEALTHCARE OF GEORGIA P C D/B/A SOUND PHYSICIANS OF SOUTH CAROLINA II",1,0,3,0,62,1785,WA,TACOMA,98402
2022,"COGENT HEALTHCARE OF GEORGIA PC DBA SOUND PHYSICIANS OF GEORGIA II",1,0,3,0,62,1785,WA,TACOMA,98402
2022,"COGENT HEALTHCARE OF IOWA P C DBA  SOUND PHYSICIANS OF IOWA II",2,0,0,0,62,0779,WA,TACOMA,98402
2022,"COGENT HEALTHCARE OF JACKSONVILLE",1,0,4,0,62,9699,WA,TACOMA,98402
2022,"COGENT HEALTHCARE OF JACKSONVILLE LLC D/B/A SOUND PHYSICIANS OF FLORIDA II",2,0,4,0,62,9699,WA,TACOMA,98402
2022,"COGENT HEALTHCARE OF NORTH CAROLINA P C D/B/A SOUND PHYSICIANS OF NORTH CAROLINA III",2,0,5,0,62,3678,WA,TACOMA,98402
2022,"COGENT HEALTHCARE OF NORTH CAROLINA P C DBA SOUND PHYSICIANS OF NORTH CAROLINA III",2,0,5,0,62,3678,WA,TACOMA,98402
2022,"COGENT HEALTHCARE OF TEXAS P A DBA",0,0,1,0,62,2589,WA,TACOMA,98402
2022,"COGENT HEALTHCRE OF MONTANA P C DBA SOUND PHYSICIANS OF MONTANA II",0,0,1,0,62,3194,WA,TACOMA,98402
2022,"COGENT MEDICAL CARE P C D/B/A SOUN",1,0,5,0,62,3048,WA,TACOMA,98402
2022,"COINME INC",0,0,2,0,52,2658,WA,SEATTLE,98104
2022,"COLOR CREATIVE LLC",0,0,1,0,51,4010,WA,BELLEVUE,98005
2022,"COLUMBIA BASIN COLLEGE",2,0,0,0,61,4589,WA,PASCO,99301
2022,"COLUMBIA BASIN HEALTH ASSOCIATION",3,0,0,0,62,6701,WA,OTHELLO,99344
2022,"COLUMBIA BASIN HOSP",1,0,0,0,62,1946,WA,EPHRATA,98823
2022,"COLUMBIA BASIN HOSPITAL",2,0,0,0,62,1946,WA,EPHRATA,98823
2022,"COLUMBIA STATE BANK CORPORATION",0,0,1,0,52,7063,WA,TACOMA,98402
2022,"COLUMBIA VALLEY COMMUNITY HEALTH",0,0,1,0,62,7657,WA,WENATCHEE,98801
2022,"COMMANDLINK LLC",1,0,0,0,51,1187,WA,EVERETT,98206
2022,"COMMERCE FABRIC INC",3,0,4,0,54,9019,WA,SEATTLE,98104
2022,"COMMINUTION TRANSP TECH INC",0,0,1,0,99,1637,WA,BELLINGHAM,98225
2022,"COMMINUTION TRANSPORTATION TECH",0,0,2,0,99,1637,WA,BELLINGHAM,98225
2022,"COMMUNITY HEALTH ASSO OF SPOKANE",0,0,1,0,62,1797,WA,SPOKANE,99202
2022,"COMMUNITY HEALTH ASSOCIATION OF SP",0,0,3,0,62,1797,WA,SPOKANE,99202
2022,"COMMUNITY HEALTH ASSOCIATION OF SPOKANE",0,0,4,1,62,1797,WA,SPOKANE,99202
2022,"COMMUNITY HEALTH CENTER OF SNOHOMI",0,0,1,0,62,5170,WA,EVERETT,98208
2022,"COMMUNITY HEALTH CENTER OF SNOHOMISH COUNTY",0,0,3,0,62,5170,WA,EVERETT,98208
2022,"COMMUNITY HEALTH OF CENTRAL WASHINGTON",1,0,0,0,62,0982,WA,YAKIMA,98902
2022,"COMMUNITY HEALTH PLAN OF WASHINGTON",0,0,2,0,52,9710,WA,SEATTLE,98101
2022,"COMPASS HEALTH",1,0,0,0,62,0810,WA,EVERETT,98203
2022,"COMPASS WASHINGTON LLC",1,0,7,1,51,6454,WA,SEATTLE,98109
2022,"COMPASSION FIRST PET HOSPITALS OF WASHINGTON PLLC",0,0,1,0,54,5194,WA,VANCOUVER,98683
2022,"COMPUSIGHT CORPORATION",0,0,1,0,54,4614,WA,SEATTLE,98121
2022,"CONCORD ENGINEERING INC",1,0,2,0,54,8854,WA,SEATTLE,98101
2022,"CONCORD III LLC",1,0,1,0,51,1637,WA,SEATTLE,98121
2022,"CONFIZ LLC",1,0,3,0,54,0615,WA,BELLEVUE,98008
2022,"CONSOLIDATED METCO INC",1,0,6,0,33,8680,WA,VANCOUVER,98661
2022,"CONSOLIDATED RESOURCES HEALTH CARE",0,0,1,0,62,4822,WA,"FEDERAL WAY",98003
2022,"CONSTRUCTION LOAN SERVICES II LLC DBA BUILDERS CAPITAL",1,0,0,0,54,0659,WA,PUYALLUP,98374
2022,"CONTINENTAL FLORAL GREENS LLC",1,0,1,0,11,7198,WA,BELFAIR,98528
2022,"CONVOY INC",5,0,32,0,48,1152,WA,SEATTLE,98101
2022,"CONWOOD PRODUCTS INC",0,0,1,0,32,3337,WA,VANCOUVER,98660
2022,"COOSEA USA TECHNOLOGIES INC",0,0,1,0,33,5424,WA,BELLEVUE,98004
2022,"COPPERTREE ANALYTICS LTD",1,0,0,0,54,1121,WA,BELLEVUE,98005
2022,"CORESTACK INC",1,0,1,0,54,0971,WA,BELLEVUE,98006
2022,"COSMOS GRANITE WEST LLC",1,0,1,0,42,1055,WA,KENT,98032
2022,"COSTCO WHOLESALE CORPORATION",1,0,12,0,99,3280,WA,ISSAQUAH,98027
2022,"COSTCO WHOLESALE CORPORATION",4,0,84,1,45,3280,WA,ISSAQUAH,98027
2022,"COUGHLIN PORTER LUNDEEN INC",0,0,2,0,54,9906,WA,SEATTLE,98104
2022,"COURSE5 INTELLIGENCE PRIVATE LTD",3,0,3,0,54,9004,WA,BELLEVUE,98006
2022,"COVENANT MEDICAL CENTER INC D/B/A MERCYONE WATERLOO MEDICAL CENTER",1,0,0,0,62,4647,WA,LYNNWOOD,98087
2022,"COWI NORTH AMERICA INC",1,0,2,0,54,1273,WA,SEATTLE,98101
2022,"CREATE WORLD REAL ESTATE INC",0,0,2,0,53,6519,WA,BELLEVUE,98005
2022,"CREATIVE MINDS ACADEMY LLC",0,0,1,0,62,1111,WA,BURIEN,98166
2022,"CREDIT UNIONS IN THE STATE OF WASHINGTON BOEING EMPLOYEES CREDIT UNION D/B/A BOEING EMPLOYEES CREDIT UNION D/B/A BECU",1,0,0,0,52,9435,WA,TUKWILA,98168
2022,"CRITIGEN LLC",1,0,1,0,54,2645,WA,SEATTLE,98122
2022,"CSI INTERFUSION INC",2,0,2,0,54,1736,WA,BELLEVUE,98005
2022,"CTS TECHNICAL SERVICES INC",2,0,4,0,54,1948,WA,ISSAQUAH,98027
2022,"CUREVO INC",0,0,1,0,44,9400,WA,BOTHELL,98021
2022,"CURI BIO INC",0,0,1,0,99,8142,WA,SEATTLE,98121
2022,"CWC TRAVEL INC",1,0,6,1,56,1883,WA,ISSAQUAH,98027
2022,"CYBERNET SOLUTIONS INC",0,0,1,0,54,7085,WA,VANCOUVER,98684
2022,"CYPHERD WALLET INC",0,0,1,0,51,7516,WA,BELLEVUE,98005
2022,"D AMATO CONVERSANO INC DBA DCI ENGINEERS",5,0,5,0,54,3544,WA,SEATTLE,98101
2022,"DADOES INC DBA RENDERED AI",1,0,0,0,54,7089,WA,BELLEVUE,98004
2022,"DAMATO CONVERSANO INC DBA DCI",0,0,2,0,54,3544,WA,SEATTLE,98101
2022,"DAMATO CONVERSANO INC DBA DCI ENGINEERS",1,0,5,0,54,3544,WA,SEATTLE,98101
2022,"DARCH LLC",0,0,1,0,54,2537,WA,SEATTLE,98109
2022,"DARIGOLD INC",1,0,6,0,31,0043,WA,SEATTLE,98108
2022,"DATA SCIENCE DOJO LLC",0,0,2,0,61,4082,WA,REDMOND,98052
2022,"DATADIGM LLC",1,0,2,0,54,3444,WA,SAMMAMISH,98075
2022,"DAVID OPPENHEIMER & COMPANY I LLC",0,0,9,1,42,0604,WA,SEATTLE,98109
2022,"DAVID OPPENHEIMER COMPANY I LLC",0,0,4,0,42,0604,WA,SEATTLE,98109
2022,"DAVIES TAX ADVISORS LLC",0,0,1,0,54,0296,WA,BELLEVUE,98004
2022,"DAVIS WRIGHT TREMAINE LLP",1,0,1,0,54,9480,WA,SEATTLE,98104
2022,"DAWSON GERBIC LLP",1,0,0,0,54,3603,WA,SEATTLE,98107
2022,"DEFINEDCROWD CORPORATION",1,0,0,0,54,7626,WA,SEATTLE,98101
2022,"DELTA DENTAL OF WASHINGTON",1,0,2,0,52,1480,WA,SEATTLE,98109
2022,"DEMANACO LLC",1,0,0,0,54,9965,WA,BOTHELL,98012
2022,"DEMO GORILLA INC",0,0,1,0,51,6290,WA,SEATTLE,98109
2022,"DENALI SOURCING SVCS INC",1,0,2,0,54,6679,WA,BELLEVUE,98006
2022,"DEVINFRA INC",0,0,1,0,51,4777,WA,SEATTLE,98109
2022,"DEVLNFRA INC DBA DEVZERO",0,0,3,0,51,4777,WA,SEATTLE,98109
2022,"DEXCARE INC",0,0,1,0,51,4905,WA,SEATTLE,98102
2022,"DEXTERITY OPERATION US LLC",0,0,3,0,52,5738,WA,SEATTLE,98103
2022,"DEXTERITY OPERATION US LLC",0,0,4,0,52,2682,WA,SEATTLE,98103
2022,"DEXTERITY OPERATION US LLC",0,0,1,0,52,2682,WA,SEATTLE,98115
2022,"DEXTERITY OPERATIONS US LLC",0,0,2,0,52,5738,WA,SEATTLE,98103
2022,"DIGIPEN USA LLC DBA DIGIPEN INST O",0,0,2,0,61,6296,WA,REDMOND,98052
2022,"DIGIPEN USA LLC DBA DIGIPEN INSTITUTE OF TECHNOLOGY",0,0,3,0,61,6296,WA,REDMOND,98052
2022,"DIGISIGNALS INC",0,0,2,1,54,9793,WA,REDMOND,98052
2022,"DIGITAL LADDER LLC",0,0,1,0,54,1206,WA,SEATTLE,98108
2022,"DIGITALAPICRAFT CORPORATION",1,0,0,0,54,4296,WA,BELLEVUE,98004
2022,"DINGYI NORTH AMERICA SEATTLE LLC",0,0,1,0,52,9645,WA,OLYMPIA,98501
2022,"DIRECTAPPS INC DBA LAUNCH CONSULTING",0,0,1,0,54,8956,WA,BELLEVUE,98005
2022,"DISCOVER YOUR NORTHWEST",0,0,1,0,45,1955,WA,SEATTLE,98104
2022,"DOCEQUITY INC",1,0,0,0,51,4464,WA,SEATTLE,98104
2022,"DOCTORS EXCHANGE OF WASHINGTON PC",1,0,1,0,62,7720,WA,LYNNWOOD,98037
2022,"DOCUGAMI INC",1,0,0,0,51,2488,WA,KIRKLAND,98033
2022,"DOCUSMART INC. D/B/A LEXION",1,0,0,0,54,9443,WA,SEATTLE,98105
2022,"DOMAIN 6 INC",2,0,0,0,54,3478,WA,BELLEVUE,98006
2022,"DOOSAN GRIDTECH INC",4,0,0,0,54,6058,WA,SEATTLE,98104
2022,"DOWBUILT INC",1,0,0,0,23,2332,WA,SEATTLE,98103
2022,"DOWNTOWN EMERGENCY SERVICE CENTER",0,0,1,0,62,5815,WA,SEATTLE,98104
2022,"DOXO INC",0,0,1,0,52,2091,WA,SEATTLE,98101
2022,"DR BS INC",0,1,2,0,11,9119,WA,LYNDEN,98264
2022,"DR MILESKI DDS V PLLC",1,0,0,0,62,2257,WA,VERADALE,99037
2022,"DUODUO TECH INC",1,0,0,0,42,,WA,REDMOND,98052
2022,"DYNAMIC SOLUTIONS INTERNATIONAL LLC",0,0,1,0,54,1337,WA,EDMONDS,98020
2022,"EAGLE VIEW TECHNOLOGIES INC",2,0,1,0,54,8431,WA,BELLEVUE,98004
2022,"EAN.COM LP",0,0,3,0,51,2329,WA,SEATTLE,98119
2022,"EASTERN WASHINGTON UNIV",2,0,2,0,61,0624,WA,CHENEY,99004
2022,"EASTERN WASHINGTON UNIVERSITY",4,0,4,0,61,0624,WA,CHENEY,99004
2022,"EASTSIDE PREPARATORY SCHOOL",0,0,1,0,61,0960,WA,KIRKLAND,98033
2022,"EBD SERVICES LLC",1,0,0,0,54,8736,WA,SEATTLE,98177
2022,"ECHONOUS INC",0,0,2,0,33,1916,WA,REDMOND,98052
2022,"EDIFECS INC",0,0,1,0,54,6416,WA,BELLEVUE,98004
2022,"EDIFECS INC",19,0,47,0,54,6419,WA,BELLEVUE,98004
2022,"EFINANCIAL LLC",0,0,1,0,52,4962,WA,BELLEVUE,98004
2022,"EGENCIA LLC",0,0,1,1,51,9848,WA,SEATTLE,98119
2022,"EJK ACCOUNTING AND TAX SERVICES LLC",1,0,0,0,54,7988,WA,SEATTLE,98134
2022,"EKATA INC",0,0,1,0,51,6843,WA,SEATTLE,98101
2022,"ELDEC AEROSPACE CORP",0,0,1,0,33,8793,WA,LYNNWOOD,98037
2022,"ELEKTROBIT AUTOMOTIVE AMERICAS INC",0,0,1,0,54,6178,WA,BOTHELL,98011
2022,"EMC CORPORATION",0,0,1,0,42,0009,WA,VANCOUVER,98682
2022,"ENFEC LLC",6,0,1,0,54,5636,WA,REDMOND,98052
2022,"ENGIE INSIGHT SERVICES INC DBA",1,0,4,0,54,1028,WA,SPOKANE,99201
2022,"ENGIE INSIGHT SERVICES INC DBA ENGIE IMPACT",2,0,6,0,54,1028,WA,SPOKANE,99201
2022,"ENTRE HERMANOS",0,0,1,0,81,5429,WA,SEATTLE,98144
2022,"ENVIROISSUES INC",0,0,1,0,54,6183,WA,SEATTLE,98101
2022,"ERUNION LLC",1,0,0,0,54,9473,WA,OLYMPIA,98501
2022,"ESPER IO INC",1,0,5,0,51,9641,WA,BELLEVUE,98006
2022,"ETTA PROJECTS",1,0,0,0,81,5457,WA,TACOMA,98403
2022,"EVERETT COMMUNITY COLLEGE",0,0,2,0,61,9103,WA,EVERETT,98201
2022,"EVERETT PUBLIC SCHOOLS",0,0,1,0,61,1542,WA,EVERETT,98201
2022,"EVERGREEN FINANCIAL TRAINING INC",1,0,0,0,52,0098,WA,BELLEVUE,98005
2022,"EVIATION AIRCRAFT INC",4,0,1,0,33,5358,WA,ARLINGTON,98223
2022,"EVIL GENIUSES EG LLC",1,0,0,0,71,6127,WA,SEATTLE,98119
2022,"EXELTECH CONSULTING INC",1,0,1,0,54,1880,WA,LACEY,98516
2022,"EXLSERVICE COM LLC",0,0,1,0,54,6476,WA,KIRKLAND,98033
2022,"EXPEDIA INC",103,0,442,2,51,6083,WA,SEATTLE,98119
2022,"EXPEDIA INC",0,0,1,0,51,6083,WA,SEATTLE,98118
2022,"EXPEDIA INC",0,0,1,0,51,6083,WA,SEATTLE,98116
2022,"EXPEDIA INC",1,0,3,0,51,6083,WA,SEATTLE,98119
2022,"EXPEDITORS INTERNATIONAL OF WA INC",1,0,5,0,48,9248,WA,SEATTLE,98104
2022,"EXPEDITORS INTERNATIONAL OF WASHINGTON INC",2,0,9,0,48,9248,WA,SEATTLE,98104
2022,"EYAS EDUCATION DEVELOPMENT INC DBA EYAS GLOBAL MONTESSORI SCHOOL",1,0,0,0,61,9379,WA,BELLEVUE,98007
2022,"EYECO PRACTICES PLLC",1,0,0,0,62,9371,WA,BELLINGHAM,98225
2022,"F5 INC",22,0,145,0,33,4307,WA,SEATTLE,98104
2022,"F5 INC",0,0,1,0,54,4307,WA,SEATTLE,98104
2022,"F5 NETWORKS INC",2,0,22,0,33,4307,WA,SEATTLE,98104
2022,"FACTSPAN INC",12,2,4,1,54,0662,WA,SEATTLE,98103
2022,"FAITH PRESBYTERIAN CHURCH DBA COVE",1,0,0,0,81,6374,WA,TACOMA,98465
2022,"FAITHLIFE LLC",0,0,1,0,51,7956,WA,BELLINGHAM,98225
2022,"FEATURESPOINT LLC",0,0,1,0,54,9242,WA,BOTHELL,98011
2022,"FERAL HOLDINGS US INC",0,1,0,0,52,7716,WA,SEATTLE,98115
2022,"FERRY COUNTY PUBLIC HOSP DISTRICT 1 A WA STATE MUNICIPAL CORP",1,0,0,0,62,9683,WA,REPUBLIC,99166
2022,"FIDALAB LLC",2,0,0,0,62,6649,WA,SEATTLE,98199
2022,"FIDELITY ACCOUNTING TAX SERVICE PS",1,0,0,0,54,0341,WA,SEATTLE,98144
2022,"FINAL STRIKE GAMES INC",0,0,2,0,54,7453,WA,REDMOND,98052
2022,"FIRESIGHT TECHNOLOGIES LLC DBA",0,0,1,0,54,2754,WA,BELLEVUE,98004
2022,"FIREWALK STUDIOS LLC",0,0,2,0,51,8604,WA,BELLEVUE,98008
2022,"FISHER ASSET MANAGEMENT LLC",2,0,28,0,52,0800,WA,CAMAS,98607
2022,"FIVE STAR GRANITE INC",1,0,0,0,23,6676,WA,WOODINVILLE,98072
2022,"FIVEBY SOLUTIONS INC",1,0,0,0,51,6049,WA,SEATTLE,98122
2022,"FIVEBY SOLUTIONS INC",1,0,0,0,51,6049,WA,SEATTLE,98104
2022,"FLAIR TECH SOLUTIONS LLC",4,0,1,0,54,1364,WA,REDMOND,98052
2022,"FLEXE INC",0,0,1,0,49,7300,WA,SEATTLE,98134
2022,"FLEXE INC",2,0,8,1,49,7300,WA,SEATTLE,98104
2022,"FLOW INTERNATIONAL CORPORATION",0,0,1,0,33,4842,WA,KENT,98032
2022,"FLUKE CORPORATION",0,0,1,0,23,6624,WA,EVERETT,98203
2022,"FLUKE ELECTRONICS CORPORATION",3,0,10,0,33,1817,WA,EVERETT,98203
2022,"FLYHOMES INC",3,0,6,0,52,7370,WA,SEATTLE,98101
2022,"FORTIVE CORPORATION",0,0,1,0,33,0291,WA,EVERETT,98203
2022,"FORTIVE CORPORATION",0,0,1,0,33,4583,WA,EVERETT,98203
2022,"FOSTER GARVEY PC",0,0,1,0,54,5778,WA,SEATTLE,98101
2022,"FOUNDATIONS FOR LEARNING & BEHAVIO",1,0,0,0,62,1030,WA,REDMOND,98052
2022,"FRAGMENT FOUNDRIES INC",0,0,1,0,51,9739,WA,SEATTLE,98121
2022,"FRANCISCAN ANCILLARY PROFESSIONALS D/B/A VMFH DIVISION SUPPORT SVCS",0,0,1,0,62,4874,WA,TACOMA,98405
2022,"FRANCISCAN HEALTH SYSTEM",0,0,2,0,62,4491,WA,TACOMA,98405
2022,"FRANCISCAN MEDICAL GROUP",2,0,11,0,62,9739,WA,TACOMA,98405
2022,"FRED HUTCHINSON CANCER CENTER",21,0,23,0,62,5159,WA,SEATTLE,98109
2022,"FRED HUTCHINSON CANCER RESEARCH CE",1,0,0,0,99,6071,WA,SEATTLE,98109
2022,"FRED HUTCHINSON CANCER RESEARCH CE",22,0,27,0,54,6071,WA,SEATTLE,98109
2022,"FREEFLY SYSTEMS INC",0,0,1,0,54,0889,WA,WOODINVILLE,98072
2022,"FREELANCE WRITING LLC",0,0,1,0,54,6258,WA,SEATTLE,98107
2022,"FRENCH AMERICAN SCHOOL OF PUGET SO",1,0,0,0,61,2584,WA,"MERCER ISLAND",98040
2022,"FRENCH AMERICAN SCHOOL OF PUGET SOUND",1,0,1,0,61,2584,WA,"MERCER ISLAND",98040
2022,"FRESH CONSULTING INC",2,0,0,0,54,2602,WA,BELLEVUE,98006
2022,"FTV EMPLOYMENT SERVICES LLC",3,0,3,0,33,0291,WA,EVERETT,98203
2022,"FUELCOMM INC DBA STACKLINE INC",6,0,6,0,51,6730,WA,SEATTLE,98101
2022,"FUJIFILM SONOSITE INC",0,0,1,0,42,5022,WA,BOTHELL,98012
2022,"FUJIFILM SONOSITE INC",1,0,0,0,42,5022,WA,BOTHELL,98021
2022,"FUJIFILM SONOSITE INC",0,0,1,0,33,5022,WA,BOTHELL,98021
2022,"FUJIFILM SONOSITE INC",0,0,1,0,33,5022,WA,BOTHELL,98012
2022,"FUNKO LLC",0,0,1,0,33,8659,WA,EVERETT,98201
2022,"GARHWAL LLC DBA GREENWOOD ANIMAL HOSPITAL",0,0,1,0,54,1287,WA,SEATTLE,98133
2022,"GENCAP CONSTRUCTION COMPANY",0,0,1,0,23,6947,WA,KIRKLAND,98033
2022,"GENIUS MINDS LLC",10,0,8,0,54,7091,WA,TACOMA,98402
2022,"GEODESIC TECHNOLOGIES INC.",1,0,0,0,51,1824,WA,SEATTLE,98101
2022,"GEOENGINEERS INC",2,0,2,0,54,7984,WA,REDMOND,98052
2022,"GERMAN WISE DENTAL LLC",1,0,0,0,62,1312,WA,LONGVIEW,98632
2022,"GETTY IMAGES SEATTLE INC",0,0,4,0,54,6863,WA,SEATTLE,98104
2022,"GETTY IMAGES SEATTLE INC",0,0,1,0,56,6863,WA,SEATTLE,98104
2022,"GLOBAL HEALTH LABS LLC",1,0,0,0,54,4627,WA,KIRKLAND,98033
2022,"GLOBAL PHYSICS SOLUTIONS INC DBA LANDAUER MEDICAL PHYSICS",1,0,0,0,54,9823,WA,EVERETT,98203
2022,"GLOBALLOGIC INC",0,0,1,0,54,6789,WA,BELLEVUE,98007
2022,"GLYPH LANGUAGE SERVICES INC",1,0,0,0,54,0914,WA,SPOKANE,99216
2022,"GOCOOL INCORPORATION",1,0,1,0,54,9559,WA,PUYALLUP,98374
2022,"GONZAGA UNIVERSITY",4,0,6,0,61,6600,WA,SPOKANE,99258
2022,"GOODREADS LLC",0,0,3,0,45,9253,WA,SEATTLE,98121
2022,"GORDIAN SOFTWARE INC",0,0,1,0,51,0769,WA,SEATTLE,98115
2022,"GRAB TECHNOLOGY LLC",1,0,0,0,48,1681,WA,BELLEVUE,98004
2022,"GRAB TECHNOLOGY LLC",1,0,4,0,54,1681,WA,BELLEVUE,98004
2022,"GRAB TECHNOLOGY LLC",0,0,1,0,51,1681,WA,BELLEVUE,98004
2022,"GRACE YING GUO DMD PHD PLLC DBA GRACE DENTAL",1,0,0,0,62,5695,WA,SEATTLE,98125
2022,"GRAHAM CONSTRUCTION & MANAGEMENT I",1,0,0,0,23,4907,WA,SEATTLE,98104
2022,"GRAHAM CONSTRUCTION MANAGEMENT INC",1,0,1,0,23,4907,WA,SEATTLE,98104
2022,"GRANDINETTI & ASSOCIATES PS",1,0,0,0,54,8619,WA,SPOKANE,99201
2022,"GRANT COUNTY PUBLIC HOSPITAL DISTR",1,0,1,0,62,1698,WA,"MOSES LAKE",98837
2022,"GREEN EARTH OPERATIONS INC",0,0,1,0,54,1721,WA,SEATTLE,98134
2022,"GREEN SUN INC",0,0,1,0,33,5825,WA,LONGBRANCH,98351
2022,"GREENCITY DEVELOPMENT LLC",1,0,0,0,23,6354,WA,LYNNWOOD,98087
2022,"GREENINGTON LLC",0,0,1,0,42,0475,WA,TUKWILA,98188
2022,"GREENTOWN US MANAGEMENT SERVICE LLC",0,0,1,0,53,3062,WA,SEATTLE,98134
2022,"GROUNDSPEAK INC",1,0,0,0,51,4859,WA,SEATTLE,98103
2022,"GULATI DENTAL AND ASSOCIATES",1,0,0,0,62,6677,WA,SILVERDALE,98383
2022,"H10 SEATTLE LLC DBA H10 CAPITAL LLC",1,0,4,0,56,6227,WA,SEATTLE,98102
2022,"H10 SEATTLE LLC DBA H10 CAPITAL LLC",0,0,1,0,56,6227,WA,SEATTLE,98121
2022,"H12A LLC DBA DIRECTABLE STAFFING",1,0,0,0,56,1988,WA,SEATTLE,98109
2022,"HAGENS BERMAN SOBOL SHAPIRO LLP",0,0,1,0,54,7394,WA,SEATTLE,98101
2022,"HAN AH REUM MARKET INC",0,0,1,0,44,6684,WA,LYNNWOOD,98037
2022,"HARBOR SOCCER CLUB",1,0,0,0,71,8756,WA,"GIG HARBOR",98335
2022,"HARBORTECH MOBILITY INC",1,0,0,0,54,6706,WA,BOTHELL,98021
2022,"HARMAN CONNECTED SERVICES INC",13,2,25,0,54,6942,WA,BELLEVUE,98007
2022,"HAUSER JONES SAS PLLC",2,0,1,0,54,7947,WA,BELLEVUE,98004
2022,"HAWTHORNE HYDROPONICS LLC",0,0,1,0,32,4504,WA,VANCOUVER,98660
2022,"HAYRE MCELROY ASSOCIATES LLC",1,0,0,0,54,0854,WA,REDMOND,98052
2022,"HCL AMERICA INC",0,0,1,0,54,5035,WA,RENTON,98055
2022,"HDT BIO CORP",0,0,1,0,99,2584,WA,SEATTLE,98102
2022,"HEADLIGHT TECHNOLOGIES INC",2,0,0,0,54,4546,WA,SEATTLE,98121
2022,"HEALTHCARE MANAGEMENT ADMINISTRATOR INC",0,0,1,0,52,3840,WA,BELLEVUE,98004
2022,HEALTHPOINT,0,0,1,0,62,4412,WA,RENTON,98057
2022,"HEARTDUB INC",2,0,0,0,51,5677,WA,BELLEVUE,98005
2022,"HERRERA ENVIRONMENTAL CONSULTANTS INC",0,0,1,0,54,9346,WA,SEATTLE,98121
2022,"HIGHBROW LLC",1,0,0,0,54,9508,WA,BELLEVUE,98008
2022,"HIGHLINE COLLEGE",0,0,1,0,61,2489,WA,"DES MOINES",98198
2022,"HIGHSPOT INC",0,0,1,0,42,2122,WA,SEATTLE,98121
2022,"HIGHSPOT INC",0,0,5,1,51,2122,WA,SEATTLE,98121
2022,"HIGHSPOT INC",2,0,17,0,54,2122,WA,SEATTLE,98121
2022,"HIMALAYA CAPITAL MANAGEMENT LLC",0,0,1,0,52,8548,WA,SEATTLE,98101
2022,"HITECH ADVISORS LLC",0,1,0,0,54,1214,WA,KIRKLAND,98033
2022,"HIYA INC",0,0,1,0,54,0722,WA,SEATTLE,98101
2022,"HOLLAND AMERICA LINE N V",1,0,1,0,48,2703,WA,SEATTLE,98119
2022,"HOLMAN DISTRIBUTION CENTER OF WASHINGTON INC DBA HOLMAN LOGISTICS",0,0,1,0,49,5515,WA,KENT,98032
2022,"HOLY FAMILY CATHOLIC SCHOOL",1,0,0,0,61,7076,WA,CLARKSTON,99403
2022,"HOSPITALIST MEDICINE PHYSICIAN OF RICHLAND COUNTY LTD D/B/A SOUND PHYSICIANS OF OHIO III",0,0,1,0,62,7666,WA,TACOMA,98402
2022,"HOSPITALIST MEDICINE PHYSICIANS OF",1,0,3,0,62,2544,WA,TACOMA,98402
2022,"HOSPITALIST MEDICINE PHYSICIANS OF",0,0,1,0,62,6464,WA,TACOMA,98402
2022,"HOSPITALIST MEDICINE PHYSICIANS OF",0,0,2,0,62,9148,WA,TACOMA,98402
2022,"HOSPITALIST MEDICINE PHYSICIANS OF",2,0,6,0,62,2550,WA,TACOMA,98402
2022,"HOSPITALIST MEDICINE PHYSICIANS OF",3,0,1,0,62,1893,WA,TACOMA,98402
2022,"HOSPITALIST MEDICINE PHYSICIANS OF CALIFORNIA INC D/B/A SOUND PHYSICIANS OF CALIFORNIA III",0,0,1,0,61,1522,WA,TACOMA,98402
2022,"HOSPITALIST MEDICINE PHYSICIANS OF CALIFORNIA INC D/B/A SOUND PHYSICIANS OF CALIFORNIA III",0,0,1,0,62,1522,WA,TACOMA,98402
2022,"HOSPITALIST MEDICINE PHYSICIANS OF CALIFORNIA INC D/B/A SOUND PHYSICIANS OF CALIFORNIA III",4,0,4,0,62,1522,WA,TACOMA,98402
2022,"HOSPITALIST MEDICINE PHYSICIANS OF CONNECTICUT LLC",0,0,1,1,62,6464,WA,TACOMA,98402
2022,"HOSPITALIST MEDICINE PHYSICIANS OF INDIANA LLC DBA SOUND PHYSICIANS OF IN II",2,0,2,0,62,6507,WA,TACOMA,98402
2022,"HOSPITALIST MEDICINE PHYSICIANS OF TEXAS PLLC",14,0,22,0,62,1893,WA,TACOMA,98402
2022,"HOSPITALIST MEDICINE PHYSICIANS OF TX PLLC D/B/A SOUND PHYSICIANS OF TX III",8,0,20,0,62,1893,WA,TACOMA,98402
2022,"HOSPITALIST MEDICINE PHYSICIANS OF VIRGINIA LLC D/B/A SOUND PHYSICIANS OF VIRGINIA II",0,0,1,0,62,7039,WA,TACOMA,98402
2022,"HOSPITALIST MEDICINE PHYSICIANS OF VIRGINIA LLC DBA SOUND PHYSICIANS OF VIRGINIA II",0,0,1,0,62,7039,WA,TACOMA,98402
2022,"HOSPITALIST MEDICINE PHYSICIANS OF WEST VIRGINIA PLLC DBA SOUND PHYSICIANS OF WEST VIRGINIA",1,0,4,0,62,2544,WA,TACOMA,98402
2022,"HOTWIRE INC",0,0,1,0,99,8016,WA,SEATTLE,98119
2022,"HOTWIRE INC",0,0,1,0,51,8016,WA,SEATTLE,98119
2022,"HTC AMERICA INNOVATION INC",0,0,1,0,33,0827,WA,SEATTLE,98104
2022,"HYLA MIDDLE SCHOOL",1,0,0,0,61,9173,WA,"BAINBRIDGE ISLAND",98110
2022,"ICAP ENTERPRISES INC",1,0,0,0,52,1175,WA,BELLEVUE,98005
2022,"ICE FLOE LLC DBA NICHOLS BROTHERS BOAT BUILDERS",0,0,1,0,33,6377,WA,FREELAND,98249
2022,"ICERTIS INC",5,0,12,1,54,0654,WA,BELLEVUE,98007
2022,"IDEA ENTITY CORPORATION",0,0,1,0,54,1366,WA,REDMOND,98052
2022,"IDENTITY DIGITAL INC",0,0,2,0,51,5648,WA,BELLEVUE,98004
2022,"IGOR ELPERIN DDS PLLC",1,0,0,0,62,8380,WA,YAKIMA,98902
2022,"IKONIKA CORP",0,0,1,0,54,5279,WA,FIFE,98424
2022,"ILINK SYS INC DBA ILINK DIGITAL",6,0,10,0,54,2165,WA,BOTHELL,98011
2022,"ILINK SYSTEMS INC DBA ILINK DIGITAL",6,1,12,0,54,2165,WA,BOTHELL,98011
2022,"ILINK SYSTEMS INC DBA ILINK DIGITAL",10,0,13,0,54,2165,WA,BOTHELL,98021
2022,"ILLUMINE INVESTMENT MANAGEMENT LLC",1,0,0,0,52,2473,WA,"BAINBRIDGE ISLAND",98110
2022,"IMDB.COM INC",1,0,5,1,45,8453,WA,SEATTLE,98121
2022,"IMMUNEEXPRESS INC",0,0,1,0,54,2493,WA,SEATTLE,98109
2022,"IMPEL PHARMACEUTICALS INC",0,0,1,0,54,8238,WA,SEATTLE,98119
2022,"INABIA SOFTWARE AND CONSULTING INC",2,0,6,0,54,2632,WA,REDMOND,98052
2022,"INFLUENCE MOBILE INC DBA AFFINITY INFLUENCING SYSTEMS",1,0,0,0,54,4263,WA,BELLEVUE,98007
2022,"INFOBLOX INC",4,0,28,0,54,2867,WA,TACOMA,98402
2022,"INFOWAY CONSULTING INC",2,0,0,0,54,0596,WA,BELLEVUE,98007
2022,"INNOVATION IT TECH",2,0,1,0,54,9985,WA,BOTHELL,98011
2022,"INNOVATION IT TECH LLC",1,0,1,0,54,9985,WA,BOTHELL,98011
2022,"INNOVATIVE EDGE TECHNOLOGY CONSULTANCY SERVICES",1,0,1,0,54,1520,WA,BOTHELL,98021
2022,"INNOVATIVE PACKAGING LLC",0,0,1,0,42,6238,WA,VANCOUVER,98682
2022,"INPATIENT SPECIALISTS OF CA P C D/",0,0,1,0,62,8565,WA,TACOMA,98402
2022,"INPATIENT SPECIALISTS OF CALIFORNI",0,0,8,1,62,8565,WA,TACOMA,98402
2022,"INPATIENT SPECIALISTS OF CALIFORNIA P C D B A SOUND PHYSICIANS OF CALIFORNIA IV",0,0,8,1,62,8565,WA,TACOMA,98402
2022,"INRIX INC",2,0,6,1,54,6081,WA,KIRKLAND,98033
2022,"INSPIRAGE LLC",5,0,32,0,54,8993,WA,BELLEVUE,98004
2022,"INSPUR USA INC",2,0,1,0,54,5176,WA,BELLEVUE,98007
2022,"INSTITUTE FOR SYSTEMS BIOLOGY",4,0,0,0,54,3593,WA,SEATTLE,98109
2022,"INTEGRATED REHABILITATION GROUP PC DBA IRG PHYSICAL AND HAND THERAPY",1,0,0,0,62,5305,WA,BOTHELL,98012
2022,"INTEGRUS ARCHITECTURE PS",0,0,1,0,54,3931,WA,SPOKANE,99201
2022,"INTERNATIONAL FRIENDS SCHOOL",2,0,0,0,62,9663,WA,BELLEVUE,98005
2022,"INTERNATIONAL MONTESSORI ACADEMY",0,0,1,0,61,5920,WA,BELLEVUE,98005
2022,"INTERNATIONAL RECRUITING LLC",1,0,0,0,56,7987,WA,BELLEVUE,98004
2022,"INTL COMMUNITY HLTH SVCS",0,0,3,0,62,7084,WA,SEATTLE,98104
2022,"INVENTPRISE LLC",2,0,1,0,54,7373,WA,REDMOND,98052
2022,"INVISO CORPORATION",0,0,2,0,54,5987,WA,BELLEVUE,98004
2022,"IO INTELLIGENCE INC",1,0,0,0,54,8721,WA,BELLEVUE,98005
2022,"IO INTELLIGENCE INC",1,0,0,0,54,8721,WA,REDMOND,98052
2022,"IOACTIVE INC",1,0,0,0,54,9802,WA,SEATTLE,98119
2022,"ISOFTSTONE INC",2,0,9,0,51,4121,WA,KIRKLAND,98033
2022,"ISPOT TV INC",1,0,5,0,54,6521,WA,BELLEVUE,98008
2022,"ITRON INC",4,0,24,0,33,1792,WA,"LIBERTY LAKE",99019
2022,"ITRON INC",0,0,3,0,54,1792,WA,"LIBERTY LAKE",99019
2022,"IUNU INC",0,0,1,0,51,5391,WA,SEATTLE,98104
2022,"IX INVESTMENTS LLC",0,0,1,0,52,8419,WA,SEATTLE,98104
2022,"J HAMILTON LICHT MD PC DBA NEPHROLOGY ASSOCIATES OF YAKIMA",1,0,0,0,62,0565,WA,YAKIMA,98902
2022,"J W MARKETING INC D B A BEDROOMS MORE",0,0,1,0,44,7000,WA,SEATTLE,98105
2022,"JACKSON MAIN ARCHITECTURE PS",0,0,1,0,54,7046,WA,SEATTLE,98104
2022,"JACOBS ASSOCIATES INC",2,0,2,0,54,1792,WA,SEATTLE,98104
2022,"JAMCO AMERICA INC",1,0,0,0,33,1164,WA,EVERETT,98203
2022,"JAMES W CHERBERG DDS MSD PS",0,0,1,0,62,9858,WA,SEATTLE,98101
2022,"JASON L HILDE DDS PLLC",0,0,1,0,62,6818,WA,BURLINGTON,98233
2022,"JAYES TECH LLC",1,0,0,0,54,9774,WA,KIRKLAND,98034
2022,"JEEVA WIRELESS INC",0,0,1,0,33,3777,WA,SEATTLE,98104
2022,"JOHNSON FOODS INC",0,0,1,0,42,3035,WA,SUNNYSIDE,98944
2022,"JOHNSTON ARCHITECTS LLC",0,0,1,0,54,8035,WA,SEATTLE,98105
2022,"JPC ARCHITECTS, LLC",0,1,0,0,54,7722,WA,BELLEVUE,98004
2022,"JTM GROUP LLC DBA JTM AUTO GROUP",0,0,1,0,42,4651,WA,KENT,98032
2022,"JUNO THERAPEUTICS INC",2,0,3,0,54,6275,WA,SEATTLE,98109
2022,"JUST EVOTEC BIOLOGICS INC",1,0,1,0,32,7678,WA,SEATTLE,98109
2022,"KADLEC REGIONAL MEDICAL CENTER",1,0,8,1,62,5392,WA,RENTON,98057
2022,"KADLEC REGIONAL MEDICAL CENTER",4,0,0,0,62,5392,WA,RICHLAND,99352
2022,"KADLEC REGIONAL MEDICAL CTR",0,0,5,0,62,5392,WA,RENTON,98057
2022,"KADLEC REGIONAL MEDICAL CTR",1,0,0,0,62,5392,WA,RICHLAND,99352
2022,"KAISER FOUNDATION HEALTH PLAN OF WASHINGTON",0,0,1,0,62,1770,WA,SEATTLE,98101
2022,"KAISER HEALTH SOLNS PS DBA HELIX S",1,0,0,0,62,7247,WA,WOODINVILLE,98072
2022,"KAISER HEALTH SOLUTIONS P.S. DBA HELIX SPORT AND SPINE",2,0,0,0,62,7247,WA,WOODINVILLE,98072
2022,"KALUNGI INC",1,0,0,0,54,8775,WA,SEATTLE,98122
2022,"KARDIN SYSTEMS INC",0,0,1,0,54,7246,WA,SNOQUALMIE,98065
2022,"KAYE SMITH ENTERPRISES INC",1,0,0,0,32,3003,WA,RENTON,98057
2022,"KENCO CONSTRUCTION INC",0,0,1,0,23,3001,WA,WOODINVILLE,98072
2022,"KENSCI INC",0,0,1,0,51,8082,WA,SEATTLE,98104
2022,"KEY TRONIC CORPORATION DBA KEYTRONICEMS",1,0,0,0,33,9125,WA,"SPOKANE VALLEY",99216
2022,"KIDUS MONTESSORI ECDC INC",1,0,0,0,62,0493,WA,SEATTLE,98122
2022,"KINDERING CENTER",0,0,1,0,62,6827,WA,BELLEVUE,98008
2022,"KING COUNTY",0,0,5,0,92,1327,WA,SEATTLE,98104
2022,"KNACKSOFT LLC",0,0,1,0,54,6371,WA,REDMOND,98052
2022,"KNOCK INC",0,0,4,0,54,7286,WA,SEATTLE,98107
2022,"KNOW LABS INC",1,0,0,0,54,3142,WA,SEATTLE,98101
2022,"KONKASOFT LLC DBA SOFTIKON",0,1,0,0,54,4777,WA,BELLEVUE,98007
2022,"KORE CHIROPRACTIC AND REHAB CORP",1,0,0,0,62,3340,WA,BELLEVUE,98006
2022,"KOREAN COMMUNITY SERVICE CENTER",1,0,0,0,62,8314,WA,EDMONDS,98026
2022,"KPFF INC",1,0,6,0,54,5897,WA,SEATTLE,98101
2022,"KYMETA CORPORATION",2,0,1,0,33,1924,WA,REDMOND,98052
2022,"LAKE VUE OPS LLC DBA LIFE CARE CTR",0,0,1,0,62,8440,WA,KIRKLAND,98034
2022,"LAKE WASHINGTON INSTITUTE OF TECHNOLOGY",0,0,1,0,61,3302,WA,KIRKLAND,98034
2022,"LAKESIDE CENTER FOR AUTISM LLC",0,0,2,0,62,7541,WA,BELLEVUE,98006
2022,"LAKLARA INC",1,0,0,0,42,7034,WA,TUKWILA,98188
2022,"LAMDA INC DBA PLUNK",1,0,0,0,51,6203,WA,BELLEVUE,98004
2022,"LAND DEVELOPMENT CONSULTANTS INC",0,0,1,0,54,4193,WA,WOODINVILLE,98072
2022,"LANDAU ASSOCIATES INC",0,0,1,0,54,3329,WA,SEATTLE,98125
2022,"LANKFORD ASSOCIATES INC",1,0,0,0,54,0826,WA,STANWOOD,98292
2022,"LARSON GROSS PLLC",1,0,0,0,54,3574,WA,BELLINGHAM,98226
2022,"LASAI TECH LLC DBA DIGITECH LABS",6,0,2,0,54,5773,WA,REDMOND,98052
2022,"LASAI TECHNOLOGIES LLC DBA DIGITECH LABS",22,0,3,1,54,5773,WA,REDMOND,98052
2022,"LAW OFFICE OF WILLIAM FRICK PPLC",0,0,1,0,54,7846,WA,SEATTLE,98101
2022,"LAXCO INC",0,0,1,0,33,7259,WA,"MILL CREEK",98012
2022,"LEADSCORZ INC",1,0,0,0,51,2911,WA,SEATTLE,98105
2022,"LEASE CRUTCHER LEWIS WA LLC",0,0,2,0,23,1384,WA,SEATTLE,98121
2022,"LEE AND LEE PS",0,0,1,0,54,8105,WA,SEATTLE,98154
2022,"LENORA SYSTEMS INC",7,0,7,1,54,4892,WA,REDMOND,98052
2022,"LENORA SYSTEMS INC",1,0,0,0,54,4892,WA,REDMOND,98052
2022,"LEVELTEN ENERGY INC",0,0,1,0,22,2565,WA,SEATTLE,98103
2022,"LEVIATHAN SECURITY GROUP INC",2,0,0,0,54,7705,WA,SEATTLE,98134
2022,"LHCG LXIII LLC DBA ASSURED HOME HEALTH",1,0,0,0,62,9528,WA,PUYALLUP,98374
2022,"LIFE POINT LAW PS",0,0,1,0,54,5986,WA,"FEDERAL WAY",98003
2022,"LIGHTEL TECHNOLOGIES INC",0,0,1,0,33,9235,WA,RENTON,98057
2022,"LIKEWISE, INC.",1,0,0,0,54,9625,WA,BELLEVUE,98004
2022,"LIMEADE INC",0,0,1,0,54,1116,WA,BELLEVUE,98004
2022,"LINEDATA L C INC",0,0,1,0,51,8364,WA,SEATTLE,98101
2022,"LINEDATA LC INC",0,0,2,0,51,8364,WA,SEATTLE,98101
2022,"LINK DESIGN GROUP LLC",0,0,1,0,54,2328,WA,KIRKLAND,98033
2022,"LITTLE OAK CHILDREN S HOUSE D/B/A LITTLE OAK MONTESSORI SCHOOL",1,0,0,0,61,2822,WA,"WHITE SALMON",98672
2022,"LITTLE WARRIORS SPORTS ACADEMY",1,0,0,0,61,8347,WA,REDMOND,98053
2022,"LMN ARCHITECTS LLP",0,0,2,0,54,1766,WA,SEATTLE,98104
2022,"LO INC",1,0,0,0,52,9683,WA,BELLEVUE,98005
2022,"LOCATE SOFTWARE INC",0,0,4,0,54,1563,WA,BELLEVUE,98006
2022,"LOFTIUM INC",0,0,1,0,45,8943,WA,SEATTLE,98101
2022,"LOGIC 20 20 INC",0,0,3,0,54,9994,WA,SEATTLE,98134
2022,"LOOPIN HQ INC",0,0,1,0,51,5125,WA,REDMOND,98052
2022,"LOURDES PHYSICIAN SERVICES LLC",1,0,0,0,62,6265,WA,PASCO,99301
2022,"LOVERIDGE HUNT CO PLLC",0,0,1,0,54,7576,WA,BELLEVUE,98006
2022,"LULULEMON USA INC",3,0,61,0,44,0494,WA,SEATTLE,98101
2022,"LUTHERAN COMMUNITY SVCS NW",1,0,0,0,92,6860,WA,SEATAC,98188
2022,"LUTHERAN COMMUNITY SVCS NW",1,0,0,0,92,6860,WA,"SEA TAC",98188
2022,"LUXE KITCHEN AND BATH",1,0,0,0,42,9859,WA,SEATTLE,98108
2022,"LYNDEN INCORPORATED",0,0,1,0,54,9184,WA,SEATTLE,98188
2022,"MAGNIX USA INC",2,0,3,0,33,9687,WA,EVERETT,98203
2022,"MAGNUSSON KLEMENCIC ASSOCIATES INC",5,0,9,0,54,1758,WA,SEATTLE,98101
2022,"MAKER ARCHITECTURE AND URBAN DESI",0,0,1,0,54,,WA,SEATTLE,98101
2022,"MAQ L L C DBA MAQ SOFTWARE",7,0,5,0,54,5025,WA,REDMOND,98052
2022,"MAQ LLC DBA MAQ SOFTWARE",19,0,7,0,54,5025,WA,REDMOND,98052
2022,"MAR3 TECHNOLOGIES LLC",0,1,0,0,54,6730,WA,BELLEVUE,98005
2022,"MARCHEX INC",0,0,1,0,54,4038,WA,SEATTLE,98101
2022,"MARKITCRAFT INC",0,0,1,0,54,2442,WA,SEATAC,98188
2022,"MC GROUP OF COMPANIES LLC",6,0,1,0,54,5116,WA,BOTHELL,98012
2022,"MCG HEALTH LLC",0,0,4,0,54,4821,WA,SEATTLE,98101
2022,"MCG HEALTH LLC",0,0,3,1,54,4821,WA,SEATTLE,98104
2022,"MCG HEALTH LLC",0,0,4,0,54,4821,WA,SEATTLE,98164
2022,"MCKINSTRY ESSENTION LLC",0,0,1,0,54,3231,WA,SEATTLE,98134
2022,"MCKINSTRY ESSENTION LLC",0,0,1,0,54,5773,WA,SEATTLE,98134
2022,"MCRT RESOURCES LLC",0,0,1,0,23,2804,WA,BELLEVUE,98004
2022,"MEDBRIDGE INC",0,0,1,0,61,5059,WA,SPOKANE,99201
2022,"MEDIAMOSAIC INC DBA THE MOSAIC COMPANY",0,0,2,0,54,5422,WA,RENTON,98057
2022,"MEDICAL MANAGEMENT INTERNATIONAL INC DBA BANFIELD PET HOSPITAL",6,0,8,0,54,2244,WA,VANCOUVER,98683
2022,"MEDICAL MGT INTL INC DBA BANFIELD",1,0,3,0,54,2244,WA,VANCOUVER,98683
2022,"MEDICAL MONITORING SERVICES LLC DBA MEDICAL MONITORING SOLUTIONS",1,0,0,0,54,9281,WA,"GIG HARBOR",98332
2022,"MEMBRION INC",0,0,1,0,32,6577,WA,SEATTLE,98119
2022,"MEMORIAL NEPHROLOGY ASSOCIATES PLLC",1,0,0,0,62,0314,WA,OLYMPIA,98506
2022,"MENTIS SYSTEMS INC",1,0,0,0,54,9618,WA,BELLEVUE,98006
2022,"METEORCOMM LLC",1,0,4,0,33,9594,WA,RENTON,98057
2022,"MG2 CORPORATION",1,0,1,0,54,2198,WA,SEATTLE,98101
2022,"MICROSOFT CORPORATION",0,0,1,0,51,4442,WA,REDMOND,98052
2022,"MICROSOFT CORPORATION",1008,5,6186,69,51,4442,WA,REDMOND,98052
2022,"MICROSOFT CORPORATION",0,0,2,0,51,4424,WA,REDMOND,98052
2022,"MICROSOFT CORPORATION",0,0,1,0,51,4442,WA,OLYMPIA,98502
2022,"MICROSOFT CORPORATION",0,0,1,0,51,4443,WA,REDMOND,98052
2022,"MICROSOFT CORPORATION",0,0,1,0,51,4442,WA,REDMOND,98052
2022,"MICROSOFT CORPORATION",0,0,1,0,51,4412,WA,REDMOND,98052
2022,"MICROSOFT CORPORATION",0,0,1,0,51,4442,WA,REDMOND,98052
2022,"MICROSOFT CORPORATION",0,0,1,0,51,2808,WA,REDMOND,98052
2022,"MICROSOFT CORPORATION",0,0,1,0,51,4422,WA,REDMOND,98052
2022,"MICROSOFT CORPORATION",0,0,2,0,21,4442,WA,REDMOND,98052
2022,"MICROSOFT CORPORATION",0,0,1,0,54,4442,WA,REDMOND,98052
2022,"MICROSOFT CORPORATION",0,0,1,0,51,4445,WA,REDMOND,98052
2022,"MICROSOFT CORPORTION",0,0,1,0,51,4444,WA,REDMOND,98052
2022,"MICROVISION INC",1,0,1,0,33,0822,WA,REDMOND,98052
2022,"MICROVISION INC.",3,0,1,0,33,0822,WA,REDMOND,98052
2022,"MIHAYLOV ELIM INC PS",0,0,1,0,54,7606,WA,SEATTLE,98155
2022,"MILGARD MANUFACTURING LLC",0,0,1,0,33,8499,WA,TACOMA,98424
2022,"MILLER HAYASHI ARCHITECTS PLLC",0,0,1,0,54,1156,WA,SEATTLE,98103
2022,"MILLIMAN INC",2,0,7,0,54,5641,WA,SEATTLE,98101
2022,"MILLIMAN INC",2,0,1,0,52,5641,WA,SEATTLE,98101
2022,"MIMIC TECHNOLOGIES INC",1,0,0,0,42,7439,WA,SEATTLE,98104
2022,"MINAR AND NORTHEY LLP",1,0,0,0,54,1908,WA,SEATTLE,98119
2022,"MINGLIAN MANAGEMENT LLC",0,0,1,0,53,7780,WA,BELLEVUE,98005
2022,"MISSION GLASS LLC",0,0,1,0,23,0122,WA,TUMWATER,98501
2022,"MJ HUGHES CONSTRUCTION INC",0,0,1,0,23,4592,WA,VANCOUVER,98662
2022,"MOBICA US INC",0,0,1,0,54,8774,WA,BELLEVUE,98006
2022,"MOBILE INTEGRATION WORKGROUP INC",4,0,3,0,42,0923,WA,REDMOND,98052
2022,"MOKSHAA LLC",0,1,0,0,54,9527,WA,ISSAQUAH,98027
2022,"MOLECULAR EPIDEMIOLOGY INC",0,0,1,0,54,9869,WA,SEATTLE,98155
2022,"MOLECULAR EPIDEMIOLOGY INC",1,0,0,0,54,9869,WA,"LAKE FOREST PARK",98155
2022,"MOMENTO INC",0,0,2,0,51,9858,WA,SEATTLE,98104
2022,"MONOD BIO INC",0,0,1,0,54,2811,WA,SEATTLE,98105
2022,"MONTESSORI HEARTS CHILDCARE EARLY",2,0,0,0,62,1468,WA,KENT,98031
2022,"MONTESSORI PLUS SCHOOL AND TEACHER PREPARATION OF WASHINGTON",0,0,1,0,81,4153,WA,KENT,98032
2022,"MOODYS NORTH WEST CONSULTING LLC",2,0,0,0,54,2751,WA,SAMMAMISH,98075
2022,"MORI FOOD INC",0,0,1,0,72,6918,WA,POULSBO,98370
2022,"MORINE TECH INC",0,0,0,1,54,1005,WA,BELLEVUE,98007
2022,"MOSS ADAMS LLP",3,0,16,1,54,9318,WA,SEATTLE,98104
2022,"MOTHERDUCK CORPORATION",0,0,1,0,51,1180,WA,SEATTLE,98119
2022,"MOTIONSPACE ARCHITECTURE DESIGN PLLC",0,0,1,0,54,,WA,SEATTLE,98121
2022,"MOXIE SOFTWARE CIM CORP",0,0,3,0,51,3980,WA,BELLEVUE,98004
2022,"MOXIWORKS LLC",1,0,0,0,53,7516,WA,SEATTLE,98104
2022,"MT BAKER NEPHROLOGY ASSOCIATES INC P S",0,0,1,0,62,8084,WA,BELLINGHAM,98225
2022,"MULTICARE HEALTH SYSTEM",0,0,6,0,62,2172,WA,TACOMA,98405
2022,"MYNTRA INC.",1,0,0,0,45,4051,WA,REDMOND,98052
2022,"MYRIAD CONSULTING INC",0,0,1,0,54,7328,WA,BELLEVUE,98005
2022,"MYSTERIES INC DBA MYSTERY",0,0,1,0,81,1800,WA,SEATTLE,98104
2022,"NAC ARCHITECTURE INC",0,0,2,0,54,6202,WA,SPOKANE,99201
2022,"NANOSTRING TECHNOLOGIES INC",0,0,1,0,54,4687,WA,SEATTLE,98109
2022,"NANOSTRING TECHNOLOGIES INC",1,0,0,0,33,4687,WA,SEATTLE,98109
2022,"NATIONAL TESTING NETWORK INC",0,1,0,0,56,1135,WA,LYNNWOOD,98087
2022,"NAUTILUS BIOTECHNOLOGY INC",3,0,2,0,54,8437,WA,SEATTLE,98102
2022,"NAUTILUS INC",0,0,1,0,45,2667,WA,VANCOUVER,98683
2022,"NAVIGATING CANCER INC",1,0,0,0,51,9735,WA,SEATTLE,98104
2022,"NAVIGATORSRVS INC DBA NAVIGATORCRE",0,0,1,0,51,0907,WA,SEATTLE,98101
2022,"NBBJ LP",6,0,12,1,54,4838,WA,SEATTLE,98109
2022,"NEAL ANALYTICS LLC",2,0,1,0,54,5276,WA,BELLEVUE,98005
2022,"NEON MACHINE INC",0,0,1,0,51,8630,WA,SEATTLE,98109
2022,"NEST SOLUTIONS LLC",0,0,0,1,54,0095,WA,BELLEVUE,98007
2022,"NEST SOLUTIONS LLC",0,0,1,0,54,0095,WA,BELLEVUE,98004
2022,"NETEASE INFORMATION TECHNOLOGY CORPORATION",0,0,1,0,51,5555,WA,BELLEVUE,98004
2022,"NETRUSH LLC",1,0,0,0,99,9095,WA,VANCOUVER,98683
2022,"NEW ENGEN",1,0,0,0,54,9343,WA,SEATTLE,98121
2022,"NEW ENGEN INC",1,0,1,0,54,9343,WA,SEATTLE,98121
2022,"NEWEDGE INC",0,0,1,0,54,7755,WA,RICHLAND,99352
2022,"NEXT BIOMETRICS INC",1,0,0,0,33,1388,WA,BELLEVUE,98005
2022,"NEXT FINANCIAL INC DBA COPPER",0,0,1,0,52,3414,WA,SEATTLE,98119
2022,"NFOLKS LLC",0,0,2,0,54,2891,WA,BELLEVUE,98007
2022,"NIA TERO FOUNDATION",0,0,1,0,81,9563,WA,SEATTLE,98122
2022,"NINTENDO OF AMERICA INC",0,0,10,0,42,4042,WA,REDMOND,98052
2022,"NINTENDO SOFTWARE TECHNOLOGY CORPORATION",0,0,1,0,51,4797,WA,REDMOND,98052
2022,"NINTENDO TECH DEVELOPMENT INC",0,0,1,0,99,5279,WA,REDMOND,98052
2022,"NINTEX USA INC",1,0,0,0,44,2955,WA,BELLEVUE,98004
2022,"NLIGHT INC",1,0,0,0,33,6376,WA,CAMAS,98607
2022,"NOOSHIN K DARVISH ND PC DBA HOLITIQUE MEDICAL CENTER",0,0,1,0,62,2001,WA,BELLEVUE,98004
2022,"NORDSTROM CARD SERVICES INC",0,0,1,0,45,7012,WA,SEATTLE,98101
2022,"NORDSTROM CARD SERVICES INC",0,0,1,0,44,7012,WA,SEATTLE,98101
2022,"NORDSTROM INC",62,1,197,1,45,5058,WA,SEATTLE,98101
2022,"NORDSTROM INC",0,0,1,0,45,1058,WA,SEATTLE,98101
2022,"NORDSTROM INC",0,0,1,0,54,5058,WA,SEATTLE,98101
2022,"NORTH AMERICA ASSET MANAGEMENT GROUP LLC",0,0,1,0,53,3591,WA,BELLEVUE,98005
2022,"NORTH PACIFIC CRANE COMPANY LLC",0,0,1,0,33,4005,WA,SEATTLE,98125
2022,"NORTH30 LLC",1,0,0,0,42,0798,WA,BELLEVUE,98007
2022,"NORTHWEST ADMINISTRATORS INC",0,0,2,0,54,0697,WA,SEATTLE,98102
2022,"NORTHWEST FROZEN LLC DBA BANZAI SUSHI",1,0,0,0,31,7846,WA,SEATTLE,98198
2022,"NORTHWEST HYDRAULIC CONSULTANTS INC",1,0,0,0,54,3093,WA,TUKWILA,98168
2022,"NORTHWEST RESEARCH ASSOCIATES INC",1,0,1,0,54,1143,WA,SEATTLE,98105
2022,"NORTHWEST SHARED SERVICES LLC",1,0,0,0,48,7058,WA,SEATTLE,98104
2022,"NORTHWEST UNIVERSITY",1,0,0,0,61,5846,WA,KIRKLAND,98033
2022,"NORTIS INC",1,0,0,0,54,9212,WA,WOODINVILLE,98072
2022,"OCTOML INC",1,0,2,0,51,8045,WA,SEATTLE,98101
2022,"OCTOML INC",2,0,0,0,54,8045,WA,SEATTLE,98101
2022,"OEC FREIGHT COMPANIES INC",1,0,0,0,48,7362,WA,RENTON,98057
2022,"OFFERUP INC",0,0,9,0,45,5073,WA,BELLEVUE,98004
2022,"OLSEN BROTHERS RANCHES INC",1,0,0,0,11,8109,WA,PROSSER,99350
2022,"OLSON KUNDIG INC",1,0,0,0,54,4183,WA,SEATTLE,98104
2022,"OLYMPIC ANESTHESIA SERVICES INC DBA OLYMPIC ANESTHESIA",1,0,0,0,62,7215,WA,BREMERTON,98310
2022,"OLYMPIC COLLEGE",1,0,1,0,61,3201,WA,BREMERTON,98337
2022,"OMEROS CORPORATION",1,0,4,0,54,3741,WA,SEATTLE,98119
2022,"ONELIN CAPITAL CORPORATION",0,0,1,0,52,0066,WA,SEATTLE,98101
2022,"OPENZOO TECH INC",0,0,2,0,54,9394,WA,KIRKLAND,98034
2022,"OQ POINT LLC",1,0,0,0,54,5435,WA,REDMOND,98052
2022,"OQ POINT LLC",1,0,0,0,54,5453,WA,REDMOND,98052
2022,"ORCA BEVERAGE INC",0,0,1,0,31,3580,WA,MUKILTEO,98275
2022,"ORGWORKING CORP",1,0,0,0,54,5656,WA,REDMOND,98052
2022,"OSBORN CONSULTING INC",0,0,1,0,54,6054,WA,BELLEVUE,98004
2022,"OSSIA INC",0,0,2,0,33,2381,WA,REDMOND,98052
2022,"OSTROM MUSHROOM FARMS LLC",0,0,1,0,11,1082,WA,SUNNYSIDE,98944
2022,"OTAK INC",1,0,0,0,54,8869,WA,VANCOUVER,98660
2022,"OUR BEGINNING LLC",1,0,0,0,62,5878,WA,SEATTLE,98122
2022,"OUTPACE BIO INC",1,0,0,0,54,2776,WA,SEATTLE,98109
2022,"OUTREACH CORPORATION",3,0,27,1,54,4779,WA,SEATTLE,98119
2022,"PACCAR FINANCIAL CORP",0,0,1,0,52,9712,WA,BELLEVUE,98004
2022,"PACCAR INC",8,0,43,1,33,1110,WA,BELLEVUE,98004
2022,"PACE ENGINEERS INC",0,0,1,0,54,3757,WA,KIRKLAND,98033
2022,"PACIFIC LUTHERAN UNIV",0,0,1,0,61,5571,WA,TACOMA,98447
2022,"PACIFIC MARKET INTERNATIONAL LLC",0,0,1,0,44,8525,WA,SEATTLE,98121
2022,"PACIFIC MARKET INTERNATIONAL LLC DBA PMI WORLDWIDE",0,0,3,0,44,8525,WA,SEATTLE,98121
2022,"PACIFIC NORTHWEST ACADEMY LLC",1,0,0,0,61,5739,WA,BOTHELL,98012
2022,"PACIFIC NORTHWEST DENTAL GROUP L L C",1,0,0,0,62,1561,WA,OLYMPIA,98502
2022,"PACIFIC NORTHWEST SOCCER CLUB",0,0,1,0,61,1780,WA,SEATTLE,98188
2022,"PACIFIC SOFTWARE PUBLISHING INC",1,0,0,0,51,9473,WA,BELLEVUE,98007
2022,"PACIFIC WEALTH ADVISORS LLC D/B/A PACIFIC PORTFOLIO CONSULTING LLC",1,0,0,0,52,1077,WA,SEATTLE,98104
2022,"PACMEDS CLINICS",0,0,2,0,62,0878,WA,RENTON,98057
2022,"PACSTON CORPORATION",0,0,2,0,54,9371,WA,SEATTLE,98104
2022,"PACTERA TECHNOLOGIES INC",9,0,6,0,54,2879,WA,REDMOND,98052
2022,"PACTERA TECHNOLOGIES NA INC",8,0,4,0,54,3773,WA,REDMOND,98052
2022,"PACVUE CORPORATION",1,0,0,0,54,3149,WA,BELLEVUE,98004
2022,"PACWEST ASSOCIATES LLC DBA FLEXSYS",0,0,1,0,54,4713,WA,EASTSOUND,98245
2022,"PANDION INC",0,0,3,0,54,9638,WA,BELLEVUE,98004
2022,"PANOPTO INC",0,0,4,0,54,4771,WA,SEATTLE,98104
2022,"PARAMETRIC PORTFOLIO ASSOCIATES LL",0,0,2,0,52,2745,WA,SEATTLE,98104
2022,"PARAMOUNT DATA MANAGEMENT INC",1,0,1,0,51,6709,WA,SEATTLE,98109
2022,"PARSE BIOSCIENCES INC",1,0,1,0,54,9466,WA,SEATTLE,98119
2022,PATH,0,0,2,0,99,7127,WA,SEATTLE,98121
2022,PATH,0,0,4,0,54,7127,WA,SEATTLE,98121
2022,"PAULAS CHOICE LLC",1,0,0,0,44,7664,WA,SEATTLE,98104
2022,PEACEHEALTH,8,0,31,0,62,9479,WA,VANCOUVER,98683
2022,PEACEHEALTH,0,0,1,0,62,9479,WA,Q,98683
2022,"PEACH LABS INC",0,0,1,0,72,7058,WA,SEATTLE,98104
2022,"PEARSON CHIROPRACTIC PLLC",0,0,1,0,62,0231,WA,KENT,98030
2022,"PEBBLE HEALTH INC",0,0,1,0,52,6270,WA,SEATTLE,98122
2022,"PEMCO MUTUAL INSURANCE COMPANY",1,0,1,0,52,8851,WA,SEATTLE,98109
2022,"PENINSULA COMMUNITY HEALTH SVCS",0,0,1,0,62,9770,WA,BREMERTON,98337
2022,"PENINSULA COMMUNITY HLTH SVCS",1,0,1,0,62,9770,WA,BREMERTON,98337
2022,"PEOPLECONNECT INC",0,0,1,0,51,0432,WA,SEATTLE,98101
2022,"PERCENTS INC",0,0,1,0,51,4851,WA,SEATTLE,98121
2022,"PERKINS COIE LLP",1,0,1,0,54,1206,WA,SEATTLE,98101
2022,"PHILIPS ORAL HEALTHCARE LLC",0,0,1,0,42,5470,WA,BOTHELL,98021
2022,"PHILIPS ULTRASOUND INC",1,0,4,0,33,5332,WA,BOTHELL,98021
2022,"PHILIPS ULTRASOUND INC",0,0,1,0,42,5332,WA,BOTHELL,98021
2022,"PICKET HOMES INC",2,0,1,0,53,1445,WA,SEATTLE,98104
2022,"PICKET HOUSES INC",2,0,2,0,53,1445,WA,SEATTLE,98104
2022,"PICNIC WORKS INC",1,0,0,0,31,1687,WA,SEATTLE,98119
2022,"PIKE STREET LABS LLC",0,0,3,0,52,2700,WA,SEATTLE,98101
2022,"PIKTORLABS INC",0,1,0,0,54,0766,WA,SEATTLE,98121
2022,"PIKTORLABS, INC.",1,1,0,0,54,0766,WA,SEATTLE,98121
2022,"PILLPACK LLC",4,0,5,0,45,8720,WA,SEATTLE,98121
2022,"PIONEER IT SYSTEMS LLC",1,0,1,0,54,8336,WA,LYNNWOOD,98036
2022,"PIT SOLUTIONS LLC",2,0,0,0,54,3641,WA,BELLEVUE,98007
2022,"PITCHBROOD DATA INC",2,0,0,0,52,5316,WA,SEATTLE,98164
2022,"PITCHSTONE TECHNOLOGY LLC",0,0,1,0,51,2982,WA,SEATTLE,98107
2022,"PLANTEK LLC",0,1,0,0,54,6428,WA,ISSAQUAH,98027
2022,"PLATFORM DESIGN LLC",1,0,0,0,54,0014,WA,SEATTLE,98122
2022,"PLUS INVESTMENT USA INC",0,0,0,1,52,9101,WA,BELLEVUE,98004
2022,"POKEMON COMPANY INTERNATIONAL INC",0,0,5,0,45,1476,WA,BELLEVUE,98004
2022,"PORCH COM INC",0,0,1,0,51,1625,WA,SEATTLE,98134
2022,"POSSIBLE FINANCE POSSIBLE FINANCIAL INC",0,0,1,0,52,3909,WA,SEATTLE,98121
2022,"POWER MOBILE LIFE LLC",5,0,1,0,33,3348,WA,BELLEVUE,98004
2022,"PRECOR INCORPORATED",1,0,0,0,42,3495,WA,WOODINVILLE,98072
2022,"PREMERA BLUE CROSS",1,0,0,0,52,9247,WA,"MOUNTLAKE TER",98043
2022,"PREMERA BLUE CROSS",3,0,23,0,52,9247,WA,"MOUNTLAKE TERRACE",98043
2022,"PRESCRYPTIVE HEALTH INC",0,0,1,0,51,8340,WA,REDMOND,98052
2022,"PRESCRYPTIVE HEALTH INC",0,0,1,0,62,8340,WA,REDMOND,98052
2022,"PRETTY BOOKS LLC",1,0,0,0,54,8929,WA,SEATTLE,98119
2022,"PRIME RAYS INC",2,0,0,0,54,8348,WA,REDMOND,98052
2022,"PRIVACY DYNAMICS INC",1,0,0,0,54,3007,WA,SEATTLE,98122
2022,"PROCTOR COMPANY ACCOUNTANCY CORPORATION",0,0,1,0,54,4430,WA,BELLEVUE,98004
2022,"PROKLIN T INC",1,0,1,0,54,0775,WA,BOTHELL,98021
2022,"PROMETHEAN WORLD",0,0,1,0,54,7203,WA,SEATTLE,98101
2022,"PROPAGANDA CREATIVE LLC",1,0,0,0,54,7215,WA,SPOKANE,99201
2022,"PROSSER PUBLIC HOSP DIST OF BENTON",0,0,0,1,62,3490,WA,PROSSER,99350
2022,"PROVIDENCE HEALTH & SERVICES",11,0,22,0,62,5998,WA,RENTON,98057
2022,"PROVIDENCE HEALTH & SERVICES OREGON D/B/A PROVIDENCE MEDICAL GROUP",1,0,4,0,62,6587,WA,RENTON,98057
2022,"PROVIDENCE HEALTH & SERVICES WASHINGTON",11,0,18,0,62,6732,WA,RENTON,98057
2022,"PROVIDENCE HEALTH & SVCS WA D/B/A",1,0,0,0,62,4248,WA,RENTON,98057
2022,"PROVIDENCE HEALTH & SVCS WASHINGTO",0,0,2,0,62,6732,WA,RENTON,98057
2022,"PROVIDENCE HEALTH AND SERVICES",0,0,1,0,62,6586,WA,RENTON,98057
2022,"PROVIDENCE HEALTH AND SERVICES OREGON",1,0,6,0,62,6587,WA,RENTON,98057
2022,"PROVIDENCE HEALTH SYSTEM SOUTHERN CALIFORNIA",0,0,1,0,62,6589,WA,RENTON,98057
2022,"PROVIDENCE HLTH & SVCS MONTANA",0,0,1,0,62,1793,WA,RENTON,98057
2022,"PROVIDENCE HLTH & SVCS OREGON",6,0,7,0,62,6587,WA,RENTON,98057
2022,"PROVIDENCE MEDICAL FOUNDATION",1,0,2,0,62,5031,WA,RENTON,98057
2022,"PROVIDENCE SAINT JOHN S HEALTH CEN",1,0,0,0,62,4082,WA,RENTON,98057
2022,"PROVOKE SOLUTIONS LLC",0,0,1,0,53,1520,WA,WOODINVILLE,98072
2022,"PROWESS CONSULTING LLC",0,0,1,0,54,6099,WA,BELLEVUE,98005
2022,"PSEB LLC DBA PACIFIC SUNWEAR OF CA",0,0,1,0,44,9842,WA,BELLEVUE,98004
2022,"PSYCHIATRIC SOLUTIONS LLC",0,0,1,0,62,0432,WA,SPOKANE,99216
2022,"PUB HOSP DIST 3 OF PACIFIC COUNTY",2,0,0,0,62,1012,WA,ILWACO,98624
2022,"PUBLIC HOSP DIST NO 1 OF MASON COUNTY D/B/A MASON GENERAL HOSP",0,0,1,0,62,6763,WA,SHELTON,98584
2022,"PUBLIC HOSPITAL DISTRICT 1 A OF WH",0,0,1,0,62,1583,WA,PULLMAN,99163
2022,"PUGET SOUND ENERGY INC",0,0,11,0,22,4630,WA,BELLEVUE,98004
2022,"PULMONARY CONSULTANTS PLLC",0,0,1,0,62,3809,WA,TACOMA,98405
2022,"PURE BLUE TECH INC",0,0,1,0,99,7497,WA,SEATTLE,98121
2022,"QCENTUM TECHNOLOGIES LLC",1,0,0,0,54,8599,WA,BELLEVUE,98007
2022,"QUADRANT RESOURCE LLC",0,0,1,0,54,6524,WA,REDMOND,98052
2022,"QUANTARIUM GROUP LLC",1,0,0,0,54,9124,WA,BELLEVUE,98007
2022,"QUANTCONNECT CORPORATION",0,0,1,0,54,6850,WA,SEATTLE,98101
2022,"QUANTYZD INC DBA SOFY AI",3,0,0,0,51,2491,WA,BELLEVUE,98004
2022,"QUARTECH CORRECTIONS LLC DBA",0,0,1,0,54,6676,WA,SEATTLE,98107
2022,"QUICKRX LLC D B A BREWSTER PHARMACY",2,0,0,0,44,5811,WA,BREWSTER,98812
2022,"QUMULO INC",6,0,1,0,54,2538,WA,SEATTLE,98101
2022,"RABESSLER MD PC DBA SOUND PHYSICIANS OF NEVADA II",0,0,1,0,62,3074,WA,TACOMA,98402
2022,"RAD POWER BIKES INC",0,0,1,0,33,9648,WA,SEATTLE,98107
2022,"RADIANT HEALTHCARE LLC",1,0,0,0,99,0903,WA,VANCOUVER,98682
2022,"RAMMER TECHNOLOGIES INC D B A SYMBL AI",0,0,1,0,54,8519,WA,SEATTLE,98101
2022,"RAMMER TECHNOLOGIES INC DBA SYMBL AI",1,0,2,0,54,8519,WA,SEATTLE,98101
2022,"RAO IT INC",1,0,0,0,54,2647,WA,RICHLAND,99354
2022,"RCCH TRIOS HEALTH LLC",0,0,1,0,62,2056,WA,KENNEWICK,99336
2022,"REALSELF, INC.",1,0,1,0,51,1152,WA,SEATTLE,98104
2022,"REASON AUTOMATION LLC",1,0,0,0,51,4778,WA,SEATTLE,98109
2022,"REC ROOM INC",3,0,0,0,51,5556,WA,SEATTLE,98119
2022,"RECREATIONAL EQUIPMENT INC",0,0,2,0,45,6890,WA,SUMNER,98390
2022,"RECREATIONAL EQUIPMENT INC",0,0,4,1,45,6890,WA,SUMNER,98352
2022,"RED BARN GROUP INC",0,0,1,0,54,6097,WA,KENMORE,98028
2022,"REDAPT ATTUNIX INC",1,0,4,0,54,0882,WA,WOODINVILLE,98072
2022,"REDBOX AUTOMATED RETAIL LLC",0,0,2,0,53,0436,WA,BELLEVUE,98007
2022,"REDFIN CORPORATION",10,0,26,0,53,4240,WA,SEATTLE,98101
2022,"REDKIRK ACADEMY LLC DBA KIDDIE ACADEMY OF  KIRKLAND",1,0,0,0,61,3709,WA,KIRKLAND,98033
2022,"REDWOOD VALUATION INC",1,0,0,0,54,6955,WA,SEATTLE,98109
2022,"REISCHLING PRESS INC",0,0,1,0,32,3222,WA,SEATTLE,98168
2022,"REISCHLING PRESS INC",0,0,1,0,32,3222,WA,TUKWILA,98168
2022,"REMITLY INC",13,0,18,1,52,1988,WA,SEATTLE,98101
2022,"RESTMESH TECHNOLOGIES LLC",0,0,2,0,54,4640,WA,REDMOND,98052
2022,"RETROCAUSAL INC",1,0,0,0,54,7059,WA,REDMOND,98052
2022,"REVEFI INC",0,0,2,0,54,9716,WA,SAMMAMISH,98074
2022,"REVSPRING INC",1,0,0,0,62,9750,WA,PASCO,99301
2022,"RHAPSODY INTERNATIONAL INC",0,0,1,0,51,3823,WA,SEATTLE,98101
2022,"RHOMBUZ LLC",1,0,0,0,54,1083,WA,SNOQUALMIE,98065
2022,"RIE CONSULTANTS",0,0,1,0,54,0082,WA,REDMOND,98073
2022,"RLSUN SYSTEMS INC",0,0,2,0,54,9006,WA,RENTON,98055
2022,"RM TECHNOTREE INC",0,0,2,0,54,7596,WA,BELLEVUE,98007
2022,"ROBERT HUTCHISON ARCHITECTURE LLC",1,0,0,0,54,5348,WA,SEATTLE,98103
2022,"ROCKETREACH LLC",0,0,2,0,54,2432,WA,BELLEVUE,98004
2022,"ROHINNI CORPORATION",0,0,1,0,54,9651,WA,"LIBERTY LAKE",99019
2022,"ROHINNI INC.",1,0,1,0,54,9651,WA,"LIBERTY LAKE",99019
2022,"ROLAND VS LLC",0,0,1,0,33,1435,WA,SEATTLE,98109
2022,"ROQ US LLC",1,0,0,0,32,2873,WA,VANCOUVER,98683
2022,"ROUNDGLASS PARTNERS LLC",1,0,0,0,62,2242,WA,BELLEVUE,98004
2022,"RUSH COMMERCIAL CONSTRUCTION DBA THE RUSH COMPANIES",1,0,0,0,23,1319,WA,"GIG HARBOR",98335
2022,"RUSSELL INVESTMENTS GROUP LLC",5,0,14,0,52,5863,WA,SEATTLE,98101
2022,"RUSTCHAT INC",2,0,0,0,51,4085,WA,NEWCASTLE,98059
2022,RYTHER,0,0,1,0,62,4983,WA,SEATTLE,98115
2022,"RYTHMOS INC",0,0,4,1,54,1196,WA,SEATTLE,98104
2022,"S3 GLOBAL INC",0,0,1,0,54,0528,WA,REDMOND,98052
2022,"SABARCHITECTS INC",0,0,1,0,54,2702,WA,SEATTLE,98109
2022,"SAFRAN ELECTRICAL AND POWER USA L",1,0,0,0,33,0858,WA,EVERETT,98203
2022,"SAGE BIONETWORKS",1,0,2,0,54,9946,WA,SEATTLE,98121
2022,"SAGE MEDICAL GROUP PLLC DBA SAGEMED",0,0,1,0,62,8110,WA,BELLEVUE,98006
2022,"SAINT MARTIN S UNIVERSITY",0,0,1,0,61,4993,WA,LACEY,98503
2022,"SALISH CENTER FOR WELLNESS DBA CWC",0,1,0,0,62,2408,WA,SEATTLE,98103
2022,"SANA BIOTECHNOLOGY INC",6,0,10,0,54,1173,WA,SEATTLE,98102
2022,"SANA BIOTECHNOLOGY INC",0,0,2,0,99,1173,WA,SEATTLE,98102
2022,"SANDUSKY ANESTHESIA LLC",0,0,1,0,62,9206,WA,TACOMA,98402
2022,"SCARBOROUGH FITNESS LLC",1,0,0,0,71,8891,WA,BOTHELL,98021
2022,"SCHWEITZER ENGINEERING LABORATORIES INC",21,0,35,0,54,6408,WA,PULLMAN,99163
2022,"SCHWEITZER ENGRG LABORATORIES INC",11,0,11,0,54,6408,WA,PULLMAN,99163
2022,"SCIENCE SOLUTIONS LLC",0,0,4,0,54,9305,WA,SEATTLE,98121
2022,"SCOTT COATINGS LLC",1,0,0,0,99,0391,WA,RENTON,98057
2022,"SEA MAR COMMUNITY HEALTH CENTERS",21,0,9,0,62,0139,WA,SEATTLE,98108
2022,"SEA-BIRD ELECTRONICS INC",2,0,0,0,54,9098,WA,BELLEVUE,98005
2022,"SEAGEN INC",5,0,55,1,54,4389,WA,BOTHELL,98021
2022,"SEAGULL SCIENTIFIC INC",0,0,1,0,42,8721,WA,BELLEVUE,98007
2022,"SEATTLE ANXIETY PLLC",1,0,0,0,62,4390,WA,SEATTLE,98101
2022,"SEATTLE BOX COMPANY DBA SEATTLE TACOMA BOX COMPANY",0,0,1,0,32,2210,WA,KENT,98032
2022,"SEATTLE CANCER CARE ALLIANCE",1,0,2,0,62,5159,WA,SEATTLE,98109
2022,"SEATTLE CHILDREN S HOSPITAL",1,0,0,0,62,4748,WA,SEATTLE,98101
2022,"SEATTLE CHILDREN S HOSPITAL",9,0,22,0,62,4748,WA,SEATTLE,98105
2022,"SEATTLE ECONOMIC DEV FUND DBA BUS",0,0,1,0,52,4008,WA,SEATTLE,98144
2022,"SEATTLE FOOD TECH INC DBA REBELLYOUS FOODS",1,0,0,0,31,5684,WA,SEATTLE,98126
2022,"SEATTLE PACIFIC UNIVERSITY",7,0,4,1,61,5553,WA,SEATTLE,98119
2022,"SEATTLE SAFETY LLC",1,0,0,0,54,6927,WA,AUBURN,98001
2022,"SEATTLE UNIVERSITY",2,0,5,0,61,5006,WA,SEATTLE,98122
2022,"SEED INTELLECTUAL PROPERTY LAW GROUP LLP",0,0,1,0,54,4327,WA,SEATTLE,98104
2022,"SEIU 775 BENEFITS GROUP",1,0,0,0,81,1812,WA,SEATTLE,98104
2022,"SEL ENGINEERING SERVICES INC",10,0,41,0,54,8916,WA,PULLMAN,99163
2022,"SELKIRK PHARMA INC",0,0,1,0,32,1982,WA,SPOKANE,99201
2022,"SELLEN CONSTRUCTION CO INC",1,0,3,0,23,2890,WA,SEATTLE,98109
2022,"SELTOSOFT LLC",1,0,0,0,54,9578,WA,KIRKLAND,98034
2022,"SENECA REAL ESTATE GROUP INC",0,0,1,0,53,7626,WA,SEATTLE,98101
2022,"SENTINEL LLC",1,0,0,0,54,3477,WA,BELLEVUE,98004
2022,"SEOMOZ INC DBA MOZ",0,0,1,0,51,2700,WA,SEATTLE,98101
2022,"SHANNON WILSON INC",1,0,0,0,54,5357,WA,SEATTLE,98103
2022,"SHEA CARR JEWELL INC DBA SCJ ALLIANCE",0,0,2,0,54,4444,WA,LACEY,98516
2022,"SHINEFLOW INC",1,0,0,0,54,9596,WA,ISSAQUAH,98027
2022,"SHIPIUM CORP",0,0,2,0,54,6610,WA,SEATTLE,98104
2022,"SILFAB SOLAR WA INC",0,0,2,0,33,7741,WA,BELLINGHAM,98225
2022,"SIMERICS INC",3,0,1,0,51,7107,WA,BELLEVUE,98004
2022,"SIMPLYFUN LLC DBA SIMPLYFUN",0,0,2,0,45,9454,WA,BELLEVUE,98004
2022,"SINCRO LLC",3,0,1,0,54,8325,WA,SEATTLE,98122
2022,"SINE DRACO AVIATION TECHNOLOGY LTD",0,0,1,0,33,6428,WA,BELLEVUE,98004
2022,"SIRIONLABS INC",1,0,0,0,54,0328,WA,BELLEVUE,98004
2022,"SKAGIT HORTICULTURE LLC",0,0,1,0,11,5223,WA,"MOUNT VERNON",98273
2022,"SKILL ON TAP LLC",3,0,0,0,54,8319,WA,BOTHELL,98012
2022,"SKYTAP INC",0,0,7,1,51,1037,WA,SEATTLE,98104
2022,"SLALOM LLC",67,2,245,2,54,6887,WA,SEATTLE,98104
2022,"SMART TECHNOLOGIES SEATTLE INC",0,0,1,0,54,2288,WA,SEATTLE,98121
2022,"SMARTEK21 LLC",3,1,5,0,54,6727,WA,KIRKLAND,98034
2022,"SMARTSHEET INC",5,0,53,0,51,4357,WA,BELLEVUE,98004
2022,"SNC LAVALIN CONSTRUCTORS INC",0,0,1,0,54,8184,WA,KIRKLAND,98034
2022,"SNOHOMISH COUNTY PUBLIC UTILITY",1,0,2,0,22,1034,WA,EVERETT,98201
2022,"SOHAM INC",1,0,3,0,51,7443,WA,BELLEVUE,98007
2022,"SOLUTIONS RESOURCE LLC",0,0,1,0,54,9454,WA,BELLEVUE,98006
2022,"SONIKA SINGLA DMD PLLC DBA REWARDS DENTAL",1,0,0,0,62,3741,WA,SEATTLE,98166
2022,"SOPHUS IT SOLUTIONS LLC",0,0,3,0,54,7183,WA,ISSAQUAH,98027
2022,"SOUND INPATIENT PHYSICIANS MI PLLC",1,0,2,0,62,6822,WA,TACOMA,98402
2022,"SOUND INPATIENT PHYSICIANS MICHIGAN PLLC DBA SOUND PHYSICIANS OF MICHIGAN",2,0,2,0,62,6822,WA,TACOMA,98402
2022,"SOUND PHYSICIANS OF FLORIDA IV LLC",1,0,3,0,62,8024,WA,TACOMA,98402
2022,"SOUND PHYSICIANS OF GEORGIO III P C",0,0,1,0,62,0986,WA,TACOMA,98402
2022,"SOUND PHYSICIANS OF ILLINOIS LLC",0,0,1,0,61,1214,WA,TACOMA,98402
2022,"SOUND PHYSICIANS OF ILLINOIS LLC",7,0,3,0,62,1214,WA,TACOMA,98402
2022,"SOUND PHYSICIANS OF WYOMING LLC",1,0,1,0,62,8526,WA,TACOMA,98402
2022,"SOUNDS PHYSICIANS OF ILLINOIS LLC DBA SOUND PHYSICIANS OF MISSOURI III",0,0,2,0,62,1214,WA,TACOMA,98402
2022,"SOUNDS PHYSICIANS OF ILLINOIS LLC DBA SOUND PHYSICIANS OF MISSOURI III",0,0,1,0,61,1214,WA,TACOMA,98402
2022,"SOUTH PUGET SOUND COMMUNITY COLLEG",0,0,2,0,61,9321,WA,OLYMPIA,98512
2022,"SOUTH PUGET SOUND COMMUNITY COLLEGE",1,0,3,0,61,9321,WA,OLYMPIA,98512
2022,"SOUTH SOUND INPATIENT PHYSICIANS P",0,0,2,0,62,6629,WA,TACOMA,98402
2022,"SOUTH SOUND INPATIENT PHYSICIANS PLLC D/B/A SOUND PHYSICIANS OF WASHINGTON",4,0,13,0,62,6629,WA,TACOMA,98402
2022,"SPACELABS HEALTHCARE LLC",1,0,0,0,99,3977,WA,SNOQUALMIE,98065
2022,"SPACELABS HEALTHCARE LLC",1,0,1,0,42,3977,WA,SNOQUALMIE,98065
2022,"SPARK RED INC",0,0,1,0,51,8811,WA,REDMOND,98052
2022,"SPECTRUM CONTROLS INC",0,0,1,0,33,1953,WA,BELLEVUE,98005
2022,"SPROUT SOCIAL INC",0,0,1,0,51,4165,WA,SEATTLE,98104
2022,"ST ANDREWS CHURCH ARCHDIOCESE OF SEATTLE",1,0,0,0,81,0125,WA,SUMNER,98390
2022,"ST JOSEPH HEALTH NORTHERN CALIFORNIA LLC",1,0,1,0,62,1043,WA,RENTON,98057
2022,"ST JUDE CHILDREN S RESEARCH HOSPITAL",0,0,1,0,62,6012,WA,SEATTLE,98105
2022,"STARBUCKS COFFEE COMPANY",6,0,128,1,31,5671,WA,SEATTLE,98134
2022,"STARGAIT MANAGEMENT GROUP, INC",0,0,1,0,62,5583,WA,VANCOUVER,98685
2022,"STARGAIT PHYSICAL THERAPY LLC",1,0,1,0,62,8410,WA,VANCOUVER,98684
2022,"STARMERX INTERNATIONAL INC",1,0,0,0,45,6116,WA,TUKWILA,98168
2022,"STATE OF WA EMPLOYMENT SECURITY DE",0,0,1,0,92,1099,WA,OLYMPIA,98501
2022,"STATE OF WASHINGTON DEPARTMENT OF ECOLOGY",0,0,4,0,92,1063,WA,LACEY,98503
2022,"STATE OF WASHINGTON DEPT OF SOCIAL",0,0,1,0,92,5598,WA,LAKEWOOD,98498
2022,"STATE OF WASHINGTON DEPT OF SOCIAL",0,0,1,0,92,5598,WA,OLYMPIA,98501
2022,"STATE OF WASHINGTON DEPT OF SOCIAL",0,0,0,1,92,5598,WA,OLYMPIA,98504
2022,"STATE OF WASHINGTON DEPT OF SOCIAL AND HEALTH SVCS",1,0,1,0,92,5598,WA,LAKEWOOD,98498
2022,"STATE OF WASHINGTON DEPT OF SOCIAL AND HEALTH SVCS",0,0,1,0,92,5598,WA,OLYMPIA,98501
2022,"STATE OF WASHINGTON DEPT OF SOCIAL AND HEALTH SVCS",0,0,0,1,92,5598,WA,OLYMPIA,98504
2022,"STATE OF WASHINGTON DEPT OF SOCIAL AND HEALTH SVCS",0,0,1,0,92,5598,WA,TACOMA,98405
2022,"STATSIG INC",0,0,1,0,51,9558,WA,BELLEVUE,98006
2022,"STONE WINGS II LLC",0,0,1,0,42,2017,WA,ELLENSBURG,98926
2022,"STRATEGIC BUSINESS DECISIONS CONSULTING LLC",1,0,0,0,54,6131,WA,SEATTLE,98105
2022,"STREAMLINE LLC",0,0,1,0,54,4877,WA,BOTHELL,98021
2022,"STUDIO19 ARCHITECTS LLC",0,0,1,0,54,5607,WA,SEATTLE,98104
2022,"STUDIO216 INC DBA ALTOURA",0,0,1,0,51,9735,WA,SEATTLE,98104
2022,"SUNVIEW REAL ESTATES DEVELOPMENT LLC",1,0,0,0,49,9657,WA,SEATTLE,98134
2022,"SUSTAINABLE BUSINESS CONSULTING LLC",1,0,0,0,54,7557,WA,SEATTLE,98116
2022,"SWEDISH HEALTH SERVICES",1,0,0,0,54,3740,WA,RENTON,98057
2022,"SWEDISH HEALTH SERVICES",4,0,8,0,62,3740,WA,RENTON,98057
2022,"SWEDISH HEALTH SERVICES",0,0,1,0,62,3740,WA,SEATTLE,98122
2022,"SWEDISH HEALTH SERVICES D B A SWEDISH MEDICAL GROUP",0,0,1,0,62,3120,WA,RENTON,98057
2022,"SWEDISH HLTH SVCS D/B/A SWEDISH ME",1,0,0,0,62,3740,WA,RENTON,98057
2022,"SWEDISH HLTH SVCS D/B/A SWEDISH ME",0,0,1,0,62,3740,WA,SEATTLE,98122
2022,"SWIFTLY SYSTEMS INC",1,0,1,0,54,2158,WA,BOTHELL,98011
2022,"SYMETRA LIFE INSURANCE COMPANY",2,0,2,0,52,2147,WA,BELLEVUE,98004
2022,"SYMMETRY CHIROPRACTIC WELLNESS CTR",1,0,0,0,62,6165,WA,ARLINGTON,98223
2022,"SYNDIO SOLUTIONS INC",0,0,1,0,51,6193,WA,SEATTLE,98104
2022,"SYRENCLOUD INC",4,0,4,0,54,8448,WA,BELLEVUE,98007
2022,"SYRENCLOUD LLC",1,0,2,0,54,8448,WA,BELLEVUE,98007
2022,"SYSTIMMUNE INC",0,0,1,0,32,3763,WA,REDMOND,98052
2022,"SYSTIMMUNE INC",1,0,1,0,54,3763,WA,REDMOND,98052
2022,"T MOBILE USA INC",36,1,519,5,51,3600,WA,BELLEVUE,98006
2022,"TACOMA TIRE LLC",0,0,1,0,42,0948,WA,"MERCER ISLAND",98040
2022,"TACOMA TOFU INC",0,0,1,0,31,4489,WA,TACOMA,98405
2022,"TAIYO PACIFIC PARTNERS LP",2,0,0,0,52,7344,WA,KIRKLAND,98033
2022,"TALIX INC",0,0,1,0,51,6035,WA,BELLEVUE,98004
2022,"TALKING RAIN BEVERAGE COMPANY INC",0,0,2,0,31,3200,WA,PRESTON,98050
2022,"TALLAMOND INC",1,0,0,0,42,9586,WA,REDMOND,98052
2022,"TALLMANS PHARMACY INC",1,0,0,0,44,0331,WA,"WALLA WALLA",99362
2022,"TALON PRIVATE CAPITAL LLC",0,0,1,0,53,2038,WA,BELLEVUE,98004
2022,"TALOSIX LLC",0,1,0,0,54,1601,WA,SEATTLE,98104
2022,"TANGO CARD INC",0,0,1,0,99,9114,WA,SEATTLE,98116
2022,"TANIUM INC",3,0,7,0,51,0021,WA,KIRKLAND,98033
2022,"TAO ART STUDIO LLC",1,0,0,0,54,1600,WA,REDMOND,98052
2022,"TASSO INC",0,0,1,0,54,4148,WA,SEATTLE,98119
2022,"TEAL COMMUNICATIONS INC",1,0,0,0,54,2011,WA,SEATTLE,98109
2022,"TECHNOVA SYSTEMS INC",1,0,0,0,54,1399,WA,BOTHELL,98011
2022,"TECHNOVERT SOLUTIONS INC",0,0,1,0,54,6501,WA,SEATTLE,98101
2022,"TELECOMMUNICATION SYSTEMS INC",0,0,1,0,51,6369,WA,SEATTLE,98121
2022,"TELECOMMUNICATION SYSTEMS INC DBA COMTECH TELECOMMUNICATIONS CORP",0,0,15,1,51,6369,WA,SEATTLE,98121
2022,"TEMPERED NETWORKS INC",0,0,1,0,54,6271,WA,LYNNWOOD,98036
2022,"TEMPORAL TECHNOLOGIES INC",0,0,6,0,51,8529,WA,BELLEVUE,98006
2022,"TERAWE CORPORATION",2,0,0,0,54,6578,WA,BELLEVUE,98005
2022,"TERRENO REALTY CORPORATION",0,0,1,0,53,2675,WA,BELLEVUE,98004
2022,"TETRA SYSTEMS LLC",2,0,0,0,54,8520,WA,BOTHELL,98012
2022,"TETRA SYSTEMS LLC",9,0,5,1,54,8520,WA,WOODINVILLE,98072
2022,"TETRASYSTEMS LLC",2,0,0,0,54,8520,WA,BOTHELL,98012
2022,"TETRASYSTEMS LLC",1,0,2,0,54,8520,WA,WOODINVILLE,98072
2022,"THE ALLEN INST FOR ARTIFICIAL INTELLIGENCE",6,0,4,1,54,3177,WA,SEATTLE,98103
2022,"THE ALLEN INSTITUTE FOR ARTIFICIAL",3,0,1,1,54,3177,WA,SEATTLE,98103
2022,"THE ALLEN INSTITUTE FOR ARTIFICIAL",2,0,0,1,99,3177,WA,SEATTLE,98103
2022,"THE ARNOLD GROUP LLC",0,0,1,0,54,4158,WA,SEATTLE,98102
2022,"THE ARNOLD GROUP LLC",1,0,0,0,54,4158,WA,SEATTLE,98125
2022,"THE GENEVA FOUNDATION",1,0,0,0,54,3913,WA,TACOMA,98402
2022,"THE MILLER HULL PARTNERSHIP LLP",1,0,1,0,54,0925,WA,SEATTLE,98104
2022,"THE NON GMO PROJECT",1,0,0,0,54,9621,WA,BELLINGHAM,98225
2022,"THE POKEMON COMPANY INTERNATIONAL",0,0,2,0,45,1476,WA,BELLEVUE,98004
2022,"THE SPUR GROUP INC",4,0,0,0,54,3057,WA,BELLEVUE,98005
2022,"THE WASHINGTON STEM CTR D/B/A WASHINGTON STEM",1,0,0,0,54,3169,WA,SEATTLE,98134
2022,"THIRA HEALTH LLC",0,0,1,0,62,9841,WA,BELLEVUE,98004
2022,"TIDEWORKS TECHNOLOGY INC",0,0,1,0,54,2630,WA,SEATTLE,98134
2022,"TIDEWORKS TECHNOLOGY INC",0,0,1,0,54,2360,WA,SEATTLE,98134
2022,"TIGBHA CARE LLC DBA OMAK PHARMACY",1,0,1,0,44,0033,WA,OMAK,98841
2022,"TIMBER IT CONSULTING LLC",1,0,0,0,54,1683,WA,SEATTLE,98136
2022,"TINMAN SYSTEMS INC",1,0,0,0,54,9356,WA,ISSAQUAH,98027
2022,"TMUD HOLDINGS LLC",0,0,1,0,72,4879,WA,BELLEVUE,98004
2022,"TOLA CAPITAL MANAGEMENT LLC",0,0,1,0,52,3234,WA,SEATTLE,98122
2022,"TOPPENISH SCHOOL DISTRICT 202",1,0,0,0,61,1615,WA,TOPPENISH,98948
2022,"TORADEX INC",0,0,1,0,51,7805,WA,SEATTLE,98104
2022,"TRACTION ON DEMAND US INC",0,0,1,0,54,3363,WA,SEATTLE,98104
2022,"TRACTION ON DEMAND US INC",1,0,1,0,54,3363,WA,SEATTLE,98101
2022,"TRADITIONAL MORTGAGE ACCEPTANCE CO",1,0,0,0,52,8709,WA,BELLEVUE,98004
2022,"TRANSLINK SHIPPING INC",0,0,1,0,48,4671,WA,SEATTLE,98155
2022,"TRI CITIES COMMUNITY HLTH",0,0,3,0,62,8675,WA,PASCO,99301
2022,"TRICOL CLEAN INC",0,0,1,0,42,1679,WA,TUKWILA,98188
2022,"TRIDENT SEAFOODS CORPORATION",0,0,1,0,51,2463,WA,SEATTLE,98107
2022,"TRIDENT SEAFOODS CORPORATION",0,0,2,0,42,2463,WA,SEATTLE,98107
2022,"TRILOGY EQUITY PARTNERS II LLC",0,0,1,0,52,4803,WA,BELLEVUE,98004
2022,"TRINE LLC",1,0,0,0,54,3135,WA,BELLEVUE,98005
2022,"TRUEBLUE INC",0,0,5,0,56,7341,WA,TACOMA,98402
2022,"TRUPANION MANAGERS USA",1,0,1,0,52,6263,WA,SEATTLE,98108
2022,"TRUVETA INC",5,0,3,0,54,7298,WA,BELLEVUE,98004
2022,"TRUVETA INC",0,0,2,0,54,7298,WA,REDMOND,98052
2022,"TUPL INC",1,0,0,0,54,9759,WA,BELLEVUE,98005
2022,"TURNER CONSTRUCTION",0,0,1,0,23,1980,WA,SEATTLE,98134
2022,"TVI INC D B A SAVERS",0,0,1,0,45,5756,WA,RENTON,98057
2022,"TWITCH INTERACTIVE INC",0,1,26,2,45,8222,WA,SEATTLE,98121
2022,"UGURU DATA SCIENCES INC",0,0,1,0,54,9557,WA,REDMOND,98053
2022,"ULTRA SAFE NUCLEAR CORPORATION",2,0,0,0,54,9774,WA,SEATTLE,98199
2022,"UMOJA BIOPHARMA INC",0,0,1,0,32,6058,WA,SEATTLE,98101
2022,"UMT 360 LLC",1,0,0,0,54,8955,WA,BELLEVUE,98004
2022,"UNDEAD LABS LLC",1,0,0,0,33,9441,WA,SEATTLE,98104
2022,"UNIGEN INC",0,0,1,0,31,9794,WA,TACOMA,98405
2022,"UNIGEN INC",1,0,0,0,32,9794,WA,TACOMA,98405
2022,"UNION SYSTEMS INC D B A UNION AI",2,0,1,0,51,6335,WA,BELLEVUE,98004
2022,"UNITEDTEKGROUP INC",3,0,0,0,54,4271,WA,RENTON,98055
2022,"UNITEDTEKGROUP INC.",2,0,0,0,54,4271,WA,RENTON,98055
2022,"UNIVERSITY OF PUGET SOUND",0,0,1,0,61,4961,WA,TACOMA,98416
2022,"UNIVERSITY OF WASHINGTON",80,0,85,3,61,1537,WA,SEATTLE,98195
2022,"UPLEVEL INC",0,0,1,0,54,7409,WA,SEATTLE,98121
2022,"VALVE CORPORATION",1,0,3,1,51,4416,WA,BELLEVUE,98004
2022,"VANCOUVER CLINIC",0,0,1,0,62,1599,WA,VANCOUVER,98664
2022,"VANCOUVER SCHOOL DISTRICT 37",0,0,1,0,61,1540,WA,VANCOUVER,98661
2022,"VIDISA LLC DBA CLE ELUM PHARMACY",1,0,0,0,44,7261,WA,"CLE ELUM",98922
2022,"VIOLET IO INC",0,0,1,0,54,5812,WA,SEATTLE,98121
2022,"VIOME LIFE SCIENCES INC",0,0,4,0,54,1987,WA,BELLEVUE,98004
2022,"VIRGINIA COMMONWEALTH UNIVERSITY",0,0,2,0,92,5598,WA,OLYMPIA,98501
2022,"VIRGINIA COMMONWEALTH UNIVERSITY",0,0,0,1,92,5598,WA,OLYMPIA,98504
2022,"VIRGINIA COMMONWEALTH UNIVERSITY",0,0,1,0,92,5598,WA,TACOMA,98405
2022,"VIRGINIA COMMONWEALTH UNIVERSITY",2,0,1,0,92,5598,WA,LAKEWOOD,98498
2022,"VIRGINIA MASON MED CTR",0,0,2,0,62,5539,WA,SEATTLE,98101
2022,"VIRGINIA MASON MEDICAL CENTER",0,0,6,0,62,5539,WA,SEATTLE,98101
2022,"VIRGINIA MASON MEDICAL CTR",0,0,3,0,62,5539,WA,SEATTLE,98101
2022,"VIRTUAL THERAPEUTICS CORPORATION",2,0,0,0,51,9749,WA,KIRKLAND,98034
2022,"VIRTUE TECH INC",1,2,0,0,54,3712,WA,BELLEVUE,98007
2022,"VOLGA PARTNERS LLC",0,0,0,1,54,6381,WA,KIRKLAND,98034
2022,"VUEDATA LLC",1,0,1,0,54,5455,WA,KIRKLAND,98034
2022,"WA FAN TUAN INC",3,0,0,0,54,7928,WA,SEATTLE,98105
2022,"WA STATE DEPT OF LICENSING",0,0,2,0,92,1071,WA,OLYMPIA,98502
2022,"WA STATE DEPT OF TRANSPORTATION",0,0,1,0,92,1068,WA,OLYMPIA,98504
2022,"WAFERWIRE LLC",1,0,0,0,54,7264,WA,BELLEVUE,98007
2022,"WAGGENER EDSTROM WORLDWIDE INC",2,0,1,0,54,7156,WA,BELLEVUE,98004
2022,"WALLA WALLA UNIVERSITY",1,0,3,0,61,7727,WA,"COLLEGE PLACE",99324
2022,"WALSH CONSTRUCTION CO",1,0,0,0,54,3107,WA,SEATTLE,98104
2022,"WALSH CONSTRUCTION COMPANY II, LLC",1,0,0,0,23,7958,WA,SEATTLE,98188
2022,"WALTER DORWIN TEAGUE ASSOCIATES INC",0,0,1,0,54,7094,WA,SEATTLE,98101
2022,"WASHINGTON CONFERENCE OF SEVENTH DAY ADVENTISTS",1,0,0,0,81,4803,WA,AUBURN,98001
2022,"WASHINGTON HEALTH BENEFIT EXCHANGE",0,0,1,0,92,6258,WA,OLYMPIA,98501
2022,"WASHINGTON HEALTH BENEFIT EXCHANGE",1,0,1,0,52,6258,WA,OLYMPIA,98501
2022,"WASHINGTON STATE ADMINISTRATIVE OFFICE OF THE COURTS",1,0,0,0,92,3419,WA,OLYMPIA,98504
2022,"WASHINGTON STATE BOARD FOR COMMUNITY AND TECHNICAL COLLEGES",0,0,1,0,92,3767,WA,OLYMPIA,98504
2022,"WASHINGTON STATE BOARD FOR COMMUNITY AND TECHNICAL COLLEGES",0,0,2,0,92,3768,WA,OLYMPIA,98504
2022,"WASHINGTON STATE DEPT OF CHILDREN",1,0,0,1,92,7397,WA,OLYMPIA,98501
2022,"WASHINGTON STATE INVESTMENT BOARD",1,0,1,0,52,9017,WA,OLYMPIA,98502
2022,"WASHINGTON STATE OFFICE OF FINANCI",0,0,1,0,92,1089,WA,OLYMPIA,98504
2022,"WASHINGTON TECHNOLOGY INDY ASSOC",0,0,1,0,81,7013,WA,ISSAQUAH,98027
2022,"WATCHGUARD TECHNOLOGIES INC",0,0,2,1,54,2427,WA,SEATTLE,98104
2022,"WELLNESS.GLOBAL USA INC",1,0,0,0,44,6209,WA,SEATTLE,98134
2022,"WENATCHEE VALLEY MEDICAL GROUP PS",1,0,2,0,62,7181,WA,WENATCHEE,98801
2022,"WESTERN WASHINGTON UNIV",2,0,0,0,61,0562,WA,BELLINGHAM,98225
2022,"WESTERN WASHINGTON UNIVERSITY",7,0,10,0,61,0562,WA,BELLINGHAM,98225
2022,"WESTRIVER MANAGEMENT LLC",1,0,0,0,52,3571,WA,SEATTLE,98104
2022,"WEYERHAEUSER NR COMPANY",0,0,4,0,32,1257,WA,SEATTLE,98104
2022,"WHITMAN COLLEGE",5,0,1,0,61,7740,WA,"WALLA WALLA",99362
2022,"WHITWORTH UNIVERSITY",1,0,1,0,61,3310,WA,SPOKANE,99251
2022,"WIBOTIC INC",1,0,0,0,33,1747,WA,SEATTLE,98115
2022,"WILDCARD PROPERTIES LLC",1,0,1,0,51,7960,WA,REDMOND,98052
2022,"WJL HOMESERVICES LLC",0,0,0,1,53,2649,WA,KIRKLAND,98034
2022,"WOOLLY LABS INC DBA VOUCHED",0,0,1,0,54,4541,WA,SEATTLE,98104
2022,"WOOT SERVICES LLC",0,0,1,0,45,6200,WA,SEATTLE,98121
2022,"WOOT.COM LLC",0,0,1,0,45,6200,WA,SEATTLE,98121
2022,"WORKLYTICS CO",0,0,1,0,51,3683,WA,BELLEVUE,98015
2022,"WORLD VISION INC",0,0,1,0,62,2279,WA,"FEDERAL WAY",98001
2022,"WORMPEX AI RESEARCH LLC",1,0,1,0,54,2783,WA,BELLEVUE,98004
2022,"WPS ONLINE LLC",1,0,1,0,61,9627,WA,BOTHELL,98012
2022,"WRENCH INC",1,0,0,0,81,6250,WA,SEATTLE,98104
2022,"WRK ENGINEERS INC",0,0,1,0,54,1760,WA,VANCOUVER,98660
2022,"WSU TRANSL MEDICINE & PHYSIOLOGY",3,0,2,0,61,1108,WA,PULLMAN,99164
2022,"WSU VETERINARY MICROBIOLOGY PATHL",22,0,22,1,61,1108,WA,PULLMAN,99164
2022,"WSU VETERINARY MICROBIOLOGY PATHL",1,0,0,0,31,1108,WA,PULLMAN,99164
2022,"WYZE LABS INC",13,0,7,0,42,7670,WA,KIRKLAND,98033
2022,"XAVIENT DIGITAL LLC",0,0,1,0,54,4296,WA,SEATTLE,98102
2022,"XCJ CORP",0,0,1,0,31,4536,WA,BELLEVUE,98004
2022,"XEALTH INC DBA XEALTH IO XEALTH",0,0,1,0,54,1425,WA,SEATTLE,98104
2022,"XEMELGO INC",1,0,0,0,54,7785,WA,BELLEVUE,98005
2022,"XENON ARC INC",0,0,1,0,32,9862,WA,BELLEVUE,98004
2022,"XEVO INC",0,0,1,0,54,0151,WA,BELLEVUE,98004
2022,"YAKIMA VALLEY FARM WORKERS CLINIC",1,0,2,0,62,9392,WA,YAKIMA,98901
2022,"YAKIMA VALLEY MEMORIAL HOSP ASSO",1,0,0,0,62,7263,WA,YAKIMA,98902
2022,"YAKIMA VALLEY MEMORIAL HOSPITAL AS",1,0,1,0,62,7263,WA,YAKIMA,98902
2022,"YAKIMA VALLEY MEMORIAL HOSPITAL ASSOCIATION",3,0,4,0,62,7263,WA,YAKIMA,98902
2022,"YETI GAMES LLC",0,0,1,0,51,9414,WA,BELLEVUE,98008
2022,"YOGAYA INC",1,0,0,0,54,6684,WA,BELLEVUE,98004
2022,"YOUTHFUL HORIZONS PHYSICAL THERAPY P S DBA YOUTHFUL HORIZONS THERAPY",1,0,0,0,62,6547,WA,SPOKANE,99206
2022,"ZEN3 INFOSOLUTIONS AMERICA INC",11,0,23,1,54,8118,WA,BELLEVUE,98008
2022,"ZEN3 INFOSOLUTIONS AMERICA INC",2,0,0,0,54,8118,WA,REDMOND,98052
2022,"ZENSA LLC",3,0,0,0,54,1134,WA,REDMOND,98052
2022,"ZILLOW INC",26,0,133,1,53,0033,WA,SEATTLE,98101
2022,"ZILLOW INC",0,0,1,0,53,0033,WA,SEATTLE,98467
2022,"ZILLOW INC",0,0,1,0,53,0033,WA,SEATTLE,98101
2022,"ZIPSTORM INC SEEKOUT",1,0,0,0,51,2288,WA,REDMOND,98052
2022,"ZIPSTORM INC SEEKOUT",2,0,0,0,51,2288,WA,BELLEVUE,98004
2022,"ZONES LLC",0,0,3,0,42,1894,WA,AUBURN,98001
2022,"ZOOMINFO TECHNOLOGIES LLC",22,0,61,0,51,6756,WA,VANCOUVER,98660
2022,"ZOOMINFO TECHNOLOGIES LLC",2,0,18,0,54,6756,WA,VANCOUVER,98660
2022,"ZOOMINFO TECHNOLOGIES LLC DBA",0,0,4,0,51,6756,WA,VANCOUVER,98660
2022,"ZOOMINFO TECHNOLOGIES LLC DBA",1,0,15,0,54,6756,WA,VANCOUVER,98660
2022,"ZULILY LLC",8,1,35,0,45,2380,WA,SEATTLE,98121
2022,"ZUPLO INC",0,0,1,0,54,1607,WA,REDMOND,98052
2022,"ZYMEWORKS BIOPHARMACEUTICALS INC.",1,0,1,0,54,9713,WA,SEATTLE,98161
2022,"ZYPMEDIA INC",0,0,1,0,51,8015,WA,BELLEVUE,98008
