"Fiscal Year",Employer,"Initial Approval","Initial Denial","Continuing Approval","Continuing Denial",NAICS,"Tax ID",State,City,ZIP
2022,"1540 VISION DRIVE LLC DBA MOUNDVIEW DAIRY",1,0,0,0,31,7656,WI,PLATTEVILLE,53818
2022,"A A ANDERSON & CO INC DBA ANDERSON",1,0,0,0,54,7863,WI,BROOKFIELD,53045
2022,"A O SMITH CORPORATION",0,0,5,0,33,9790,WI,MILWAUKEE,53224
2022,"ABC SUPPLY CORPORATION INC",0,0,8,0,42,3708,WI,BELOIT,53511
2022,"ABL AUTOMATION INC",0,0,1,0,33,0272,WI,"OAK CREEK",53154
2022,"ABS GLOBAL INC",2,0,2,0,11,3574,WI,"DE FOREST",53532
2022,"ABSOLUTE ELECTRONICS INC",0,0,1,0,33,0367,WI,"MENOMONEE FALLS",53051
2022,"ADAM INFORMATION TECHNOLOGIES LLC",2,0,6,0,54,7124,WI,MADISON,53719
2022,"AFE INC",2,0,0,0,33,1573,WI,STURTEVANT,53177
2022,"AFE INC",0,0,1,0,33,1573,WI,MILWAUKEE,53202
2022,"AFFILIATED ENGINEERS INC",0,0,3,0,54,7168,WI,MADISON,53705
2022,"AFFILIATED ENGINEERS METRO DC INC",1,0,1,0,54,4182,WI,MADISON,53705
2022,"AFFILIATED ENGINEERS SE INC",1,0,0,0,54,3912,WI,MADISON,53705
2022,"AFFILIATED ENGINEERS W INC",0,0,1,0,54,6364,WI,MADISON,53705
2022,"AGRACE HOSPICECARE INC",0,0,1,0,62,9537,WI,MADISON,53711
2022,"AGROPUR INC",0,0,1,0,31,2306,WI,APPLETON,54915
2022,"AIQ GLOBAL INC DBA AIQ SOLUTIONS",1,0,0,0,54,7617,WI,MADISON,53717
2022,"AIR MOTION SYSTEMS INC",0,0,1,0,32,4903,WI,"RIVER FALLS",54022
2022,"AIR WISCONSIN AIRLINES LLC",1,0,1,0,48,7281,WI,APPLETON,54914
2022,"AKSCELLENCE INFO SOLUTIONS LLC",9,0,0,0,54,0139,WI,MADISON,53711
2022,"ALAN BARRY CONSULTANTS LLC",1,0,0,0,54,2068,WI,MILWAUKEE,53224
2022,"ALL STATES AG PARTS LLC",0,0,1,0,33,8789,WI,HUDSON,54016
2022,"ALLIANCE LAUDRY SYSTEMS LLC",0,0,1,0,33,7923,WI,RIPON,54971
2022,"ALLIANCE LAUNDRY SYSTEMS LLC",1,0,1,0,33,7923,WI,RIPON,54971
2022,"ALTA GENETICS USA INC",1,0,0,0,54,9230,WI,WATERTOWN,53094
2022,"AMBA SYSTEMS LLC",5,0,3,0,54,6563,WI,"GREEN BAY",54304
2022,"AMCOR FLEXIBLES NORTH AMERICA INC",0,0,2,0,32,8130,WI,OSHKOSH,54904
2022,"AMCOR FLEXIBLES NORTH AMERICA INC",0,0,1,0,32,8130,WI,NEENAH,54956
2022,"AMERICAN FAMILY CONNECT PROPERTY",0,0,1,0,52,3498,WI,"DE PERE",54115
2022,"AMERICAN FAMILY CONNECT PROPERTY",0,0,2,0,52,3498,WI,MADISON,53783
2022,"AMERICAN FAMILY CONNECT PROPERTY AND CASUALTY INSURANCE COMPANY",1,0,2,0,52,3498,WI,"DE PERE",54115
2022,"AMERICAN FAMILY CONNECT PROPERTY AND CASUALTY INSURANCE COMPANY",0,0,2,0,52,3498,WI,MADISON,53783
2022,"AMERICAN FAMILY MUTUAL INSURANCE",7,0,61,0,52,3710,WI,MADISON,53783
2022,"AMERICAN FAMILY MUTUAL INSURANCE COMPANY S I",18,0,102,4,52,3710,WI,MADISON,53783
2022,"AMERICAN METAL TECHNOLOGIES LLC",0,0,1,0,33,6632,WI,STURTEVANT,53177
2022,"AMORIM CORK COMPOSITES INC",1,0,0,0,32,9292,WI,TREVOR,53179
2022,"ANALYTICAL PROCESS LABORATORIES IN",0,0,1,0,54,8107,WI,MILWAUKEE,53223
2022,"ANGUIL ENVIRONMENTAL SYSTEMS INC",1,0,0,0,54,5896,WI,MILWAUKEE,53223
2022,"APOLLONIA DENTAL LLC",2,0,0,0,62,5389,WI,ONALASKA,54650
2022,"ARIES INDUSTRIES INC",0,0,1,0,33,1061,WI,WAUKESHA,53186
2022,"ARORA INFOTECH INC",0,0,1,0,54,0588,WI,RACINE,53405
2022,"ARTISAN PARTNERS LIMITED PARTNERSHIP",2,0,5,1,52,1775,WI,MILWAUKEE,53202
2022,"ARTISAN PARTNERS LTD PARTNERSHIP",0,0,1,1,52,1775,WI,MILWAUKEE,53202
2022,"ASCENSION LOGISTICS INC",0,0,3,0,54,8890,WI,WAUKESHA,53186
2022,"ASCENSION MEDICAL GROUP FOX VALLEY WISCONSIN INC",0,0,1,0,62,7163,WI,MILWAUKEE,53212
2022,"ASCENSION MEDICAL GROUP FOX VALLEY WISCONSIN INC",1,0,0,0,62,7163,WI,GLENDALE,53212
2022,"ASCENSION MEDICAL GROUP SOUTHEAST WISCONSIN INC",0,0,2,0,62,1586,WI,GLENDALE,53212
2022,"ASCENSION MEDICAL GROUP SOUTHEAST WISCONSIN INC",0,0,2,0,62,1586,WI,MILWAUKEE,53212
2022,"ASHCOMM LLC",0,0,3,1,33,5397,WI,ARCADIA,54612
2022,"ASHLEY DISTRIBUTION SERVICES LTD",1,0,0,0,33,4269,WI,ARCADIA,54612
2022,"ASHLEY FURNITURE INDUSTRIES LLC",2,0,4,0,44,1201,WI,ARCADIA,54612
2022,"ASHLEY FURNITURE INDUSTRIES LLC",4,0,16,0,33,1201,WI,ARCADIA,54612
2022,"ASHLEY FURNITURE TRADING COMPANY LLC",1,0,1,0,44,6973,WI,ARCADIA,54612
2022,"ASHLEY GLOBAL RETAIL LLC",3,0,6,0,33,7585,WI,ARCADIA,54612
2022,"ASHLEY GLOBAL RETAIL LLC",0,0,1,0,44,7585,WI,ARCADIA,54612
2022,"ASHLEY HOMESTORES LTD",2,0,2,0,44,2602,WI,ARCADIA,54612
2022,"ASPIRUS MED GRP INC F/K/A ASPIRUS",0,0,0,1,62,0223,WI,WAUSAU,54401
2022,"ASPIRUS MEDICAL GROUP INC",0,0,4,1,62,0223,WI,WAUSAU,54401
2022,"ASSOCIATED BANC-CORP",1,0,0,0,52,8068,WI,"GREEN BAY",54301
2022,"AURORA HEALTH CARE INC",0,0,2,0,62,2285,WI,MILWAUKEE,53204
2022,"AURORA MEDICAL GROUP INC",12,0,19,0,62,8306,WI,MILWAUKEE,53215
2022,"AURORA UW ACAD MED GRP INC",0,0,1,0,62,6738,WI,MILWAUKEE,53233
2022,"AURORA UW ACADEMIC MEDICAL GROUP INC",1,0,1,0,62,6738,WI,MILWAUKEE,53233
2022,"B&P MECHANICAL INC",1,0,0,0,23,0111,WI,APPLETON,54914
2022,"BALDWIN AREA MEDICAL CENTER DBA WE",0,0,2,0,62,8526,WI,BALDWIN,54002
2022,"BASSETT INC DBA BASSETT MECHANICAL",0,0,1,0,23,2057,WI,KAUKAUNA,54130
2022,"BATTERIES PLUS LLC",0,0,2,0,44,3248,WI,HARTLAND,53029
2022,"BELGIOIOSO CHEESE  INC",1,0,0,0,31,4847,WI,"GREEN BAY",54311
2022,"BELLIN MEMORIAL HOSPITAL INC",2,0,1,0,62,4478,WI,"GREEN BAY",54301
2022,"BELOIT COLLEGE",0,0,1,0,61,8497,WI,BELOIT,53511
2022,"BIOFERM ENERGY SYSTEMS LLC",0,0,1,0,56,2901,WI,MADISON,53719
2022,"BLACK RIVER FALLS CLINIC PHARMACY  INC",1,0,0,0,44,8868,WI,"BLACK RIVER FALLS",54615
2022,"BLACKTHORNE CAPITAL MANAGEMENT LLC",0,0,1,0,52,5850,WI,WHITEWATER,53190
2022,"BLOOM COMPANIES LLC",1,0,1,0,54,2223,WI,MILWAUKEE,53226
2022,"BOSTIK INC",2,0,0,0,32,9330,WI,MILWAUKEE,53226
2022,"BRADY CORPORATION",0,0,1,0,33,8960,WI,MILWAUKEE,53223
2022,"BRADY WORLDWIDE INC",0,0,2,0,33,3006,WI,MILWAUKEE,53223
2022,"BRIGGS STRATTON LLC",1,0,8,0,33,1260,WI,WAUWATOSA,53222
2022,"BRIGHT DENTAL MADISON",1,0,0,0,62,2045,WI,MADISON,53717
2022,"BRITE STAR CHRISTIAN VIRTUAL EDUCATION AND MICROSCHOOLS INC",0,0,1,0,61,2840,WI,MILWAUKEE,53222
2022,"BROAN NUTONE LLC",0,0,2,0,33,4397,WI,HARTFORD,53027
2022,"BRP US INC.",1,0,0,0,33,1308,WI,STURTEVANT,53177
2022,"BURNETT MEDICAL CENTER INC",1,0,0,0,62,8661,WI,GRANTSBURG,54840
2022,"CABLEMASTER CORPORATION",1,0,0,0,99,8333,WI,MILWAUKEE,53209
2022,"CAPITAL WEALTH ADVISORS LTD",0,0,1,0,52,1994,WI,"WEST BEND",53095
2022,"CAPITOL INDEMNITY CORPORATION",0,0,4,0,52,1527,WI,MIDDLETON,53562
2022,"CARESYNTAX CORPORATION",1,0,0,0,51,7665,WI,MEQUON,53092
2022,"CARLS PLACE LLC",0,0,1,0,54,7175,WI,MILTON,53563
2022,"CARROLL UNIVERSITY INC",1,0,1,0,61,6325,WI,WAUKESHA,53186
2022,"CATHOLIC HIGH SCHOOL INC DBA NOTRE DAME DE LA BAIE ACADEMY",1,0,0,0,61,9776,WI,"GREEN BAY",54303
2022,"CHD RACINE HOTEL LLC DBA DELTA",0,0,1,0,72,6443,WI,RACINE,53406
2022,"CHILD HEALTH IMPRINTS CHIL USA INC",1,0,0,0,54,3261,WI,MADISON,53719
2022,"CHILDRENS HOSPITAL AND HEALTH SYSTEM",0,0,1,0,62,0074,WI,MILWAUKEE,53226
2022,"CIELO INC",2,0,0,0,56,7472,WI,BROOKFIELD,53005
2022,"CLARIOS LLC",0,0,13,0,33,4871,WI,MILWAUKEE,53209
2022,"CLASEN QUALITY CHOCOLATE INC",0,0,1,0,31,1811,WI,MADISON,53718
2022,"CLEMENT J ZABLOCKI VA MEDICAL CTR",0,0,2,0,62,6366,WI,MILWAUKEE,53295
2022,"CMFG LIFE INSURANCE CO DBA CUNA",2,0,4,0,52,0590,WI,MADISON,53705
2022,"CMFG LIFE INSURANCE CO DBA CUNA MUTUAL GROUP",5,0,18,0,52,0590,WI,MADISON,53705
2022,"CNH INDUSTRIAL AMERICA LLC",4,0,39,0,33,3811,WI,RACINE,53404
2022,"CODEWORKS LLC",4,0,9,0,54,7700,WI,BROOKFIELD,53045
2022,"COLUMBIA ST MARY S HOSPITAL MILWAUKEE INC",0,0,2,1,62,6315,WI,MILWAUKEE,53211
2022,"CONCORDIA UNIV WI",1,0,0,0,61,3608,WI,MEQUON,53097
2022,"CONCURRENCY INC",1,0,1,0,54,6337,WI,BROOKFIELD,53005
2022,"CONNECTURE INC",0,0,1,0,54,8736,WI,MILWAUKEE,53202
2022,"CONVERGENT SCIENCE INC",6,1,3,0,51,4324,WI,MADISON,53719
2022,"CORE CONSULTING LLC",0,0,1,0,54,9804,WI,THIENSVILLE,53092
2022,"CORPORATE CONTRACTORS INC",1,0,0,0,23,3991,WI,BELOIT,53511
2022,"COTTAGE ROW PARTNERS LLC",0,0,1,0,62,1812,WI,GLENDALE,53217
2022,"CRABEL OPERATIONS LLC",1,0,0,0,55,0959,WI,MILWAUKEE,53202
2022,"CRESCENDO COLLECTIVE INC",0,0,1,0,54,7919,WI,MILWAUKEE,53233
2022,"CTC TELCOM INC DBA MOSAIC TECHS",1,0,0,0,99,8406,WI,CAMERON,54822
2022,"CUSTOMER ANALYTICS LLC",5,0,0,0,51,7828,WI,VERONA,53593
2022,"CYCLOMEDIA TECHNOLOGY, INC.",1,0,0,0,54,0629,WI,MIDDLETON,53562
2022,"DAIRYLAND TRADING COMPANY LLC",1,0,0,0,54,5696,WI,"DE PERE",54115
2022,"DATACHAT INC",5,0,1,0,51,7973,WI,MADISON,53711
2022,"DATAGUISE INC",0,0,4,1,54,3722,WI,MILWAUKEE,53204
2022,"DE SOTO AREA SCHOOL DISTRICT",1,0,0,0,61,9869,WI,"DE SOTO",54624
2022,"DEAN HEALTH SYSTEMS INC",0,0,5,0,62,8616,WI,MADISON,53713
2022,"DEAN HEALTH SYSTEMS INC",0,0,11,0,52,8616,WI,MADISON,53713
2022,"DELIVERHEALTH SOLUTIONS LLC",0,0,2,0,51,7025,WI,MADISON,53713
2022,"DENTAL ASSOCIATES LTD OF WISCONSIN",0,0,1,0,62,9735,WI,MILWAUKEE,53202
2022,"DIRECT SUPPLY INC",1,0,7,0,42,9806,WI,MILWAUKEE,53223
2022,"DLIFLC US ARMY",1,0,1,0,62,5142,WI,MILWAUKEE,53295
2022,"DOOR COUNTY MEMORIAL HOSPITAL D/B/A DOOR COUNTY MEDICAL CTR",1,0,0,0,62,6324,WI,"STURGEON BAY",54235
2022,"DSM FOOD SPECIALTIES USA INC",1,0,1,0,54,9990,WI,GERMANTOWN,53022
2022,"DULUTH HOLDINGS INC",1,0,0,0,44,4801,WI,"MOUNT HOREB",53572
2022,"DURR UNIVERSAL INC",0,0,1,0,33,7683,WI,STOUGHTON,53589
2022,"EAST WIND HEALTHCARE SC",0,0,1,0,62,0088,WI,APPLETON,54911
2022,"ECC CORROSION INC",1,0,0,0,32,1585,WI,"WISCONSIN RAPIDS",54494
2022,"EDGEWOOD COLLEGE INC",1,0,0,0,61,6202,WI,MADISON,53711
2022,"EDGEWOOD HIGH SCH OF THE SACRED HE",1,0,0,0,61,1850,WI,MADISON,53711
2022,"EDUCATION ANALYTICS INC",2,0,0,0,54,0391,WI,MADISON,53703
2022,"ELECTRONIC EXPEDITORS INC",1,0,0,0,42,1983,WI,"OAK CREEK",53154
2022,"ELLSWORTH CORPORATION",0,0,1,0,42,5837,WI,GERMANTOWN,53022
2022,"EMCS INC",1,0,0,0,54,4960,WI,MILWAUKEE,53233
2022,"EMERSON ELECTRIC CO",0,0,0,1,33,9330,WI,RACINE,53406
2022,"ENGINEERED EXHAUST SYSTEMS B T INC",0,0,1,0,42,6661,WI,SAUKVILLE,53080
2022,"EPIC SYSTEMS CORPORATION",2,0,33,1,54,9950,WI,VERONA,53593
2022,"ERDMAN COMPANY",0,0,1,0,99,1364,WI,MADISON,53717
2022,"ERDMAN COMPANY",1,0,1,0,23,1364,WI,MADISON,53717
2022,"EUROFINS FOOD CHEMISTRY TESTING US",0,0,1,0,54,6965,WI,MADISON,53704
2022,"EUROFINS FOOD CHEMISTRY TESTING US INC",1,0,1,0,54,6965,WI,MADISON,53704
2022,"EVERSANA LIFE SCIENCE SERVICES LLC",1,0,4,0,54,1626,WI,MILWAUKEE,53202
2022,"EXACT SCIENCES CORPORATION",0,0,5,0,45,8229,WI,MADISON,53719
2022,"EXACT SCIENCES CORPORATION",0,0,2,0,32,8229,WI,MADISON,53719
2022,"EXACT SCIENCES CORPORATION",0,0,1,0,62,8229,WI,MADISON,53716
2022,"EXACT SCIENCES CORPORATION",0,0,6,0,54,8229,WI,MADISON,53719
2022,"EXACT SCIENCES CORPORATION",2,0,18,0,62,8229,WI,MADISON,53719
2022,"EXACT SCIENCES THRIVE LLC",0,0,1,0,62,4578,WI,MADISON,53719
2022,"EXCEL ENGINEERING INC",1,0,0,0,54,9347,WI,"FOND DU LAC",54935
2022,"EXCEL GLOBAL SOLUTIONS INC",0,0,2,0,54,7486,WI,PEWAUKEE,53072
2022,"EXPERIS US INC",4,0,31,0,54,9719,WI,MILWAUKEE,53212
2022,"FAIRWAY INDEPENDENT MORTGAGE CORP",1,0,2,0,52,3625,WI,MADISON,53718
2022,"FAIRWAY INDEPENDENT MORTGAGE CORPORATION",2,0,7,0,52,3625,WI,MADISON,53718
2022,"FAMILIA DENTAL JANESVILLE LLC",1,0,0,0,62,2080,WI,JANESVILLE,53545
2022,"FAMILIA DENTAL JANESVILLE LLC",1,0,0,0,62,4208,WI,JANESVILLE,53545
2022,"FAMILIA DENTAL MADISON EAST LLC",0,0,2,0,62,1295,WI,MADISON,53704
2022,"FAMILIA DENTAL MKEMITCHELL LLC",1,1,1,0,62,3189,WI,MILWAUKEE,53215
2022,"FASTRAK SOFTWORKS INC",0,0,1,0,54,4205,WI,MEQUON,53092
2022,"FASTRAK SOFTWORKS INC",1,0,0,0,51,4205,WI,MEQUON,53092
2022,"FASTRAK SOFTWORKS INC",1,0,0,0,51,4205,WI,THIENSVILLE,53092
2022,"FII USA INC",0,0,1,0,33,2119,WI,"MOUNT PLEASANT",53177
2022,"FII USA INC",1,0,0,0,54,2119,WI,STURTEVANT,53177
2022,"FII USA INC",14,0,1,1,33,2119,WI,"MT PLEASANT",53177
2022,"FII USA INC",13,0,2,0,33,2119,WI,STURTEVANT,53177
2022,"FIRST DATA RESOURCES LLC",0,0,1,0,52,5472,WI,BROOKFIELD,53045
2022,"FISERV SOLUTIONS LLC",0,0,1,0,52,3695,WI,BROOKFIELD,53045
2022,"FISERV SOLUTIONS LLC",0,0,1,0,51,3369,WI,BROOKFIELD,53045
2022,"FISERV SOLUTIONS LLC",47,0,455,2,51,3695,WI,BROOKFIELD,53045
2022,"FISERV SOLUTIONS LLC",0,0,3,0,54,3695,WI,BROOKFIELD,53045
2022,"FISERV SOLUTIONS LLC",0,0,1,0,51,3695,WI,KIEL,53042
2022,"FISERV SOLUTIONS LLC",0,0,1,0,51,3659,WI,BROOKFIELD,53045
2022,"FISERV SOLUTIONS LLC",1,0,0,0,51,3695,WI,BROOKFIELD,53045
2022,"FISERV SOLUTIONS LLC",0,0,1,0,51,3695,WI,BROOKFIELD,53045
2022,"FISERV SOLUTIONS LLC",0,0,1,0,51,3695,WI,BROOKFIELD,53045
2022,"FISKARS BRANDS INC",0,0,1,0,33,0309,WI,MIDDLETON,53562
2022,"FIVEABLE INC",1,0,0,0,61,6464,WI,MILWAUKEE,53211
2022,"FLEET FARM WHOLESALE SUPPLY CO LLC",0,0,2,0,45,6238,WI,APPLETON,54915
2022,"FLEXION INC",0,0,5,0,54,0992,WI,MADISON,53703
2022,"FOLEY LARDNER LLP",0,0,1,0,54,3800,WI,MILWAUKEE,53202
2022,"FROEDTERT HEALTH INC",1,0,2,0,62,4409,WI,"MENOMONEE FALLS",53051
2022,"FROEDTERT HLTH INC",0,0,1,0,62,4409,WI,"MENOMONEE FALLS",53051
2022,"FUJIFILM CELLULAR DYNAMICS INC",0,0,1,0,54,7267,WI,MADISON,53711
2022,"FUTURE AI INC D B A VUBI AI",1,0,0,0,51,2208,WI,MADISON,53717
2022,"GALLOWAY COMPANY",1,0,0,0,31,6260,WI,NEENAH,54956
2022,"GENERAC POWER SYSTEMS INC",2,0,10,0,33,3276,WI,WAUKESHA,53189
2022,"GENOME INTERNATIONAL CORPORATION",0,0,1,0,54,7371,WI,MADISON,53717
2022,"GENOME INTERNATIONAL CORPORATION",1,0,18,0,54,7371,WI,MADISON,53717
2022,"GEOTEST INC",0,0,1,0,54,9978,WI,MILWAUKEE,53227
2022,"GMR MARKETING LLC",0,0,1,0,54,1240,WI,"NEW BERLIN",53151
2022,"GOLDEN LAND GINSENG INC DBA GOLDEN LAND GINSENG USA INC",1,0,0,0,11,8232,WI,MOSINEE,54455
2022,"GORMAN ARCHITECTURAL LLC",0,0,1,0,54,9046,WI,OREGON,53575
2022,"GOVAN SYSTEMS INC",3,0,0,0,54,3141,WI,MADISON,53717
2022,"GRAEF-USA INC",0,0,1,0,54,3592,WI,MILWAUKEE,53203
2022,"GRAND HOTELS INC",0,0,1,0,72,7750,WI,MADISON,53704
2022,"GRANTON AREA SCHOOL DISTRICT",0,0,2,0,61,2305,WI,GRANTON,54436
2022,"GREDE HOLDINGS LLC",0,0,1,0,33,2192,WI,BROWNTOWN,53522
2022,"GREEN BAY AREA PUBLIC SCHOOL DIST",2,0,0,0,61,2329,WI,"GREEN BAY",54303
2022,"GREEN BAY ONCOLOGY LTD",1,0,0,0,62,4853,WI,"GREEN BAY",54303
2022,"GREENHECK FAN CORPORATION",0,0,3,0,33,0319,WI,SCHOFIELD,54476
2022,"GROSS AUTOMATION LLC",1,0,0,0,42,4777,WI,BROOKFIELD,53005
2022,"GUNDERSEN LUTHERAN ADMINISTRATIVE",1,0,5,0,62,6449,WI,"LA CROSSE",54601
2022,"GUNDERSEN LUTHERAN ADMINISTRATIVE SERVICES INC",1,0,8,0,62,6449,WI,"LA CROSSE",54601
2022,"HAMILTON ENGINE LLC",1,0,0,0,54,1718,WI,"SUN PRAIRIE",53590
2022,"HARKEN INCORPORATED",0,0,1,0,33,6764,WI,PEWAUKEE,53072
2022,"HARLEY DAVIDSON MOTOR COMPANY",0,0,4,0,33,5420,WI,MILWAUKEE,53208
2022,"HARLEY DAVIDSON MOTOR COMPANY",0,0,2,0,44,5420,WI,MILWAUKEE,53208
2022,"HARLEY DAVIDSON MOTOR COMPANY GROUP LLC",0,0,10,0,44,5420,WI,MILWAUKEE,53208
2022,"HARLEY DAVIDSON MOTOR COMPANY GROUP LLC",0,0,8,0,33,5420,WI,MILWAUKEE,53208
2022,"HAYAT PHARMACY 20 LLC",1,0,0,0,44,3467,WI,MILWAUKEE,53221
2022,"HAYAT PHARMACY 5 LLC",0,0,1,0,44,3215,WI,MILWAUKEE,53205
2022,"HAYAT PHARMACY LLC",0,0,1,0,44,6145,WI,MILWAUKEE,53208
2022,"HSUS GINSENG ENTERPRISES INC",1,0,1,0,42,5498,WI,WAUSAU,54403
2022,"HUF NORTH AMERICA AUTOMOTIVE PARTS",0,0,2,0,33,3553,WI,MILWAUKEE,53224
2022,"HUF NORTH AMERICA AUTOMOTIVE PARTS MANUFACTURING CORP",1,0,6,0,33,3553,WI,MILWAUKEE,53224
2022,"HUF NORTH AMERICA AUTOMOTIVE PARTS MANUFACTURING CORP",0,0,1,0,33,3553,WI,MILWAUKEE,53227
2022,"HUSCO AUTOMOTIVE HOLDINGS LLC",2,0,5,0,33,0729,WI,WHITEWATER,53190
2022,"HVA PRODUCTS INC",0,0,1,0,42,7936,WI,MEQUON,53092
2022,"IBCC INDUSTRIES INC",0,0,1,0,33,8718,WI,MILWAUKEE,53235
2022,"ICA MIDWEST INC",0,0,1,0,33,8714,WI,GREENVILLE,54942
2022,"IDEAL INDUSTRIES LIGHTING LLC",0,0,3,0,33,2936,WI,RACINE,53406
2022,"ILLINOIS TOOL WORKS INC",0,0,1,0,33,8310,WI,APPLETON,54912
2022,"IMBED BIOSCIENCES INC",0,0,1,0,33,4902,WI,MIDDLETON,53562
2022,"INCREX SYSTEMS LLC",1,0,0,0,54,9501,WI,GREENFIELD,53221
2022,"INNIO WAUKESHA GAS ENGINES INC",1,0,2,0,21,1571,WI,WAUKESHA,53188
2022,"INSIGHT PEST SOLUTIONS WIS",1,0,0,0,99,3724,WI,WAUNAKEE,53597
2022,"INTACT SOLUTIONS INC",1,0,0,0,99,1205,WI,MADISON,53703
2022,"ISR INFO WAY INC",4,0,11,0,54,0529,WI,MADISON,53719
2022,"J F BRENNAN COMPANY INC",1,0,0,0,99,2285,WI,"LA CROSSE",54603
2022,"J J KELLER ASSOCIATES INC",0,0,1,0,51,7377,WI,NEENAH,54956
2022,"JANGOBIO LLC",1,0,0,0,54,6385,WI,FITCHBURG,53711
2022,"JENEIL BIOTECH INC",0,0,0,1,31,5745,WI,SAUKVILLE,53080
2022,"JEWELERS MUTUAL INSURANCE GROUP",1,0,2,0,52,3890,WI,NEENAH,54957
2022,"JEWELERS MUTUAL INSURANCE GROUP",1,0,1,0,52,3890,WI,NEENAH,54956
2022,"JH FINDORFF & SON INC",2,0,1,0,23,3746,WI,MADISON,53703
2022,"JOHANNES WAKKER DBA WAKKER DAIRY",1,0,0,0,11,9204,WI,KEWAUNEE,54216
2022,"JOHNSON CONTROLS FIRE PROTECTION",0,0,1,0,92,8861,WI,MILWAUKEE,53209
2022,"JOHNSON CONTROLS INC",0,0,1,0,54,0010,WI,MILWAUKEE,53209
2022,"JOHNSON CONTROLS INC",11,0,63,1,33,0010,WI,MILWAUKEE,53209
2022,"JOHNSON CONTROLS INC",0,0,1,0,56,0010,WI,MILWAUKEE,53209
2022,"JOHNSON HEALTH TECH NORTH AMERICA",0,0,1,0,33,2291,WI,"COTTAGE GROVE",53527
2022,"JOHNSON HEALTH TECH NORTH AMERICA INC",0,0,1,0,71,2291,WI,"COTTAGE GROVE",53527
2022,"JOHNSON HEALTH TECH NORTH AMERICA INC",0,0,1,0,33,2291,WI,"COTTAGE GROVE",53527
2022,"JOHNSONVILLE LLC",0,0,2,0,31,2994,WI,"SHEBOYGAN FALLS",53085
2022,"JOY GLOBAL SURFACE MINING INC",0,0,3,0,33,4430,WI,MILWAUKEE,53204
2022,"KAL SERVICE",1,0,0,0,44,9730,WI,MILWAUKEE,53221
2022,"KALYPSO LLC",0,0,1,0,54,6301,WI,MILWAUKEE,53204
2022,"KAR TECH INC",1,0,0,0,33,2207,WI,DELAFIELD,53018
2022,"KERRY INC",0,0,1,0,31,1419,WI,BELOIT,53511
2022,"KERRY INC",3,0,6,0,31,4193,WI,BELOIT,53511
2022,"KHS USA INC",1,0,0,0,33,5674,WI,WAUKESHA,53186
2022,"KIMBERLY CLARK GLOBAL SALES LLC",0,0,1,0,32,6103,WI,NEENAH,54956
2022,"KIMBERLY CLARK USA LLC",2,0,18,0,54,6742,WI,NEENAH,54956
2022,"KIMBERLY CLARK USA LLC",0,0,4,0,32,6742,WI,NEENAH,54956
2022,"KINGCHEM LABORATORIES INC",1,0,0,0,32,2072,WI,"SAINT FRANCIS",53235
2022,"KOHLER CO",5,0,30,0,32,2810,WI,KOHLER,53044
2022,"KOHLER CO",0,0,1,0,33,2810,WI,KOHLER,53044
2022,"KOHLER COMPANY",2,0,8,0,32,2810,WI,KOHLER,53044
2022,"KOHLS INC",2,0,69,0,45,7362,WI,"MENOMONEE FALLS",53051
2022,"KOMATSU MINING CORP",1,0,0,0,33,6457,WI,MILWAUKEE,53204
2022,"KONCENTURE GROUP INC",1,0,0,0,54,9400,WI,MADISON,53713
2022,"KRONES INC",2,0,2,0,33,2240,WI,FRANKLIN,53132
2022,"LA CLINICA DE LOS CAMPESINOS INC D/B/A FAMILY HEALTH/LA CLINICA",3,0,0,0,62,1480,WI,WAUTOMA,54982
2022,"LA CROSSE TECHNICAL CONSULTANTS DBA LTC INC",0,0,1,0,54,7047,WI,ONALASKA,54650
2022,"LABCORP EARLY DEVELOPMENT LABORATORIES INC",1,0,2,0,32,8188,WI,MADISON,53704
2022,"LAKELAND UNIV INC",0,0,1,0,61,1861,WI,PLYMOUTH,53073
2022,"LANDS END INC",1,0,8,0,45,2786,WI,DODGEVILLE,53595
2022,"LAURITS R CHRISTENSEN ASSOCIATES INC",1,0,0,0,54,5234,WI,MADISON,53705
2022,"LAWRENCE UNIV OF WI",0,0,1,0,61,6297,WI,APPLETON,54911
2022,"LAWRENCE UNIVERSITY OF WISCONSIN",3,0,3,0,61,6297,WI,APPLETON,54911
2022,"LEMANS CORPORATION",0,0,2,0,42,7445,WI,JANESVILLE,53545
2022,"LESAFFRE YEAST CORPORATION",0,0,1,1,31,7753,WI,MILWAUKEE,53214
2022,"LIFE CHANGE RX LLC DBA LIFE CHANGE PHARMACY 1",0,0,1,0,44,6470,WI,MILWAUKEE,53204
2022,"LIVEWIRE EV LLC",1,0,6,0,33,4324,WI,MILWAUKEE,53208
2022,"LONG LIFE PHARMACY LLC",1,0,0,0,44,0758,WI,MILWAUKEE,53204
2022,"LUNDA CONSTRUCTION CO",0,0,1,0,23,8769,WI,"BLACK RIVER FALLS",54615
2022,"MADISON COUNTRY DAY SCHOOL INC",1,0,0,0,61,2986,WI,WAUNAKEE,53597
2022,"MADISON GAS AND ELECTRIC CO",0,0,1,0,22,4025,WI,MADISON,53703
2022,"MANITOU EQUIPMENT AMERICA LLC",0,0,4,0,33,5151,WI,"WEST BEND",53095
2022,"MANPOWERGROUP GLOBAL INC",0,0,1,0,54,8293,WI,MILWAUKEE,53212
2022,"MANPOWERGROUP US INC",1,0,0,0,56,0696,WI,MILWAUKEE,53212
2022,"MARATHON GINSENG INTERNATIONAL INC",1,0,0,0,42,6700,WI,WESTON,54476
2022,"MARCUS SOLUTIONS INC",2,0,0,0,54,8934,WI,"SUN PRAIRIE",53590
2022,"MARKING SERVICES INC",0,0,1,0,54,4928,WI,MILWAUKEE,53224
2022,"MARQUETTE UNIVERSITY",1,0,0,0,61,6251,WI,MILWAUKEE,53223
2022,"MARQUETTE UNIVERSITY",16,0,11,1,61,6251,WI,MILWAUKEE,53233
2022,"MARS IT CORP DBA MARS SOLUTIONS",0,0,1,0,54,3571,WI,WAUKESHA,53186
2022,"MARS IT CORP DBA MARS SOLUTIONS GROUP",5,0,2,0,54,3571,WI,WAUKESHA,53186
2022,"MARSHFIELD CLINIC",16,0,47,1,62,2970,WI,MARSHFIELD,54449
2022,"MASTER LOCK COMPANY LLC",0,0,3,0,33,2433,WI,"OAK CREEK",53154
2022,"MEAD HUNT INC",1,0,1,0,54,3822,WI,MIDDLETON,53562
2022,"MEDICAL COLLEGE OF WI AFFILIATED H",0,0,1,0,61,1366,WI,MILWAUKEE,53226
2022,"MEDICAL COLLEGE OF WISCONSIN AFFIL",0,0,4,0,61,1366,WI,MILWAUKEE,53226
2022,"MEDICAL COLLEGE OF WISCONSIN AFFILIATED HOSPITALS INC",7,0,11,0,61,1366,WI,MILWAUKEE,53226
2022,"MEDICAL COLLEGE OF WISCONSIN INC",27,1,39,1,61,6261,WI,MILWAUKEE,53226
2022,"MENASHA CORPORATION",0,0,1,0,32,7484,WI,NEENAH,54956
2022,"MENASHA PACKAGING COMPANY LLC",0,0,2,0,32,0050,WI,NEENAH,54956
2022,"METSO OUTOTEC USA INC",0,0,5,0,33,8664,WI,WAUKESHA,53186
2022,"MICHAELS ENERGY INC",1,0,0,0,54,4120,WI,LACROSSE,54601
2022,"MICHELS CORPORATION",1,0,3,0,23,0311,WI,BROWNSVILLE,53006
2022,"MICRON SEMICONDUCTOR PRODUCTS INC MSP",0,0,1,0,42,3274,WI,MADISON,53716
2022,"MIDDLETON-CROSS PLAINS AREA SCHOOL",1,0,0,0,61,0780,WI,MIDDLETON,53562
2022,"MIDWEST NEPHROLOGY ASSOCIATES S C",1,0,0,0,62,7770,WI,"OAK CREEK",53154
2022,"MILLER ELECTRIC MANUFACTURING LLC",0,0,2,0,33,3030,WI,APPLETON,54912
2022,"MILLER ELECTRIC MANUFACTURING LLC",0,0,1,0,33,3030,WI,APPLETON,54914
2022,"MILWAUKEE BOARD OF SCHOOL DIRECTOR",1,0,0,0,61,3457,WI,MILWAUKEE,53201
2022,"MILWAUKEE BOARD OF SCHOOL DIRECTORS",29,0,4,0,61,3457,WI,MILWAUKEE,53201
2022,"MILWAUKEE ELECTRIC TOOL CORP",8,0,21,1,33,6161,WI,BROOKFIELD,53005
2022,"MILWAUKEE ELECTRIC TOOL CORPORATION",37,1,46,1,33,6161,WI,BROOKFIELD,53005
2022,"MILWAUKEE SCHOOL OF ENGINEERING",1,0,2,0,61,7970,WI,MILWAUKEE,53202
2022,"MIRACLES TEK LLC",1,0,0,0,54,4349,WI,MILWAUKEE,53220
2022,"MIRACLES TEK LLC",4,0,1,0,54,4349,WI,GREENFIELD,53220
2022,"MOBILE ASSISTANT INC",0,0,1,0,45,1291,WI,WAUNAKEE,53597
2022,"MODINE MANUFACTURING COMPANY",0,0,6,0,33,2000,WI,RACINE,53403
2022,"MORTGAGE GUARANTY INSURANCE CORPORATION",1,0,1,0,52,4718,WI,MILWAUKEE,53202
2022,"MOUNT MARY UNIVERSITY",1,0,0,0,61,6154,WI,MILWAUKEE,53222
2022,"MOVEIN INC DBA RENTABLE",0,0,1,0,53,5870,WI,MADISON,53704
2022,"MRS J AND COMPANY DBA MS J AND CO",0,0,1,0,11,8563,WI,MONROE,53566
2022,"MTI INTERNATIONAL INC",2,0,2,1,33,3956,WI,"MENOMONEE FALLS",53051
2022,"MUSICNOTES INC",0,0,1,0,45,2597,WI,MADISON,53717
2022,"NATREON INC",0,0,1,0,31,1540,WI,BELOIT,53511
2022,"NATUS MEDICAL INCORPORATED",0,0,5,0,33,4833,WI,MIDDLETON,53562
2022,"NAVITUS HEALTH SOLUTIONS LLC",0,0,1,0,54,8530,WI,MADISON,53717
2022,"NELSON GLOBAL PRODUCTS INC",0,0,2,0,33,8413,WI,STOUGHTON,53589
2022,"NEOCOIL LLC",0,0,1,0,33,3359,WI,PEWAUKEE,53072
2022,"NEOSOFT LLC",0,0,1,0,33,0727,WI,PEWAUKEE,53072
2022,"NEOSOFT LLC",0,0,2,0,54,0727,WI,PEWAUKEE,53072
2022,"NIMBLE THERAPEUTICS INC",0,0,1,0,54,9024,WI,MADISON,53711
2022,"NOR LAKE INC",1,0,0,0,33,8718,WI,HUDSON,54016
2022,"NORDIC CONSULTING PARTNERS INC",1,0,1,0,54,3363,WI,MADISON,53713
2022,"NOREDINK CORP",0,0,1,0,61,3997,WI,MIDDLETON,53562
2022,"NORTH CENTRAL COMMUNITY SVCS PROGR",0,0,1,0,62,7785,WI,WAUSAU,54403
2022,"NORTH SHORE MONTESSORI SCHOOL",1,0,0,0,61,3283,WI,GLENDALE,53212
2022,"NORTHERN ENGRAVING CORPORATION",0,0,1,0,33,2125,WI,SPARTA,54656
2022,"NORTHSTAR MEDICAL RADIOISOTOPES",0,0,1,0,32,8841,WI,BELOIT,53511
2022,"NORTHSTAR MEDICAL RADIOISOTOPES LLC",0,0,5,0,32,8841,WI,BELOIT,53511
2022,"NORTHWESTERN MUTUAL INVESTMENT MANAGEMENT COMPANY",0,0,1,0,52,4777,WI,MILWAUKEE,53202
2022,"NORTHWESTERN MUTUAL LIFE INSURANCE",2,0,34,0,52,9570,WI,MILWAUKEE,53202
2022,"NORTHWESTERN MUTUAL LIFE INSURANCE COMPANY",19,0,153,0,52,9570,WI,MILWAUKEE,53202
2022,"NOVA MENTAL HEALTH SERVICES LLC",1,0,0,0,62,0436,WI,SHOREWOOD,53211
2022,"NOVARES U S ENGINE COMPONENTS INC",1,0,0,0,33,2503,WI,WALWORTH,53184
2022,"NOVUM STRUCTURES LLC",1,0,1,0,23,1445,WI,"MENOMONEE FALLS",53051
2022,"OASIS DENTAL",1,0,0,0,62,8246,WI,MILWAUKEE,53204
2022,"ONLUME INC",1,0,0,0,33,8602,WI,MADISON,53717
2022,"OPENGOV INC",0,0,9,0,51,7374,WI,MILWAUKEE,53204
2022,"OSHKOSH CORPORATION",0,0,2,0,33,0270,WI,OSHKOSH,54902
2022,"OSHKOSH DEFENSE LLC",0,0,1,0,33,3037,WI,OSHKOSH,54902
2022,"PACIFIC CYCLE INC",0,0,3,0,33,4635,WI,MADISON,53711
2022,"PACKERS SANITATION SERVICES INC LTD",1,0,0,0,56,4733,WI,KIELER,53812
2022,"PANDATA GROUP LLC",0,0,1,0,54,8822,WI,MADISON,53703
2022,"PATEL KWAN CONSULTANCY LLC",1,0,0,0,54,5475,WI,MIDDLETON,53562
2022,"PATTYN NORTH AMERICA INC",1,0,0,0,33,1478,WI,HARTLAND,53029
2022,"PEGASUS PARTNERS LTD",1,0,0,0,52,1156,WI,MEQUON,53092
2022,"PENTAIR RESIDENTIAL FILTRATION LLC",0,0,1,0,22,5913,WI,BROOKFIELD,53005
2022,"PERLICK CORPORATION",1,0,1,0,42,3500,WI,MILWAUKEE,53223
2022,"PHILLIPS MEDISIZE LLC",0,0,6,0,33,4768,WI,HUDSON,54016
2022,"PIONEER METAL FINISHING LLC",0,0,1,0,33,5600,WI,"GREEN BAY",54304
2022,"PLEXUS CORP",0,0,1,0,33,4447,WI,NEENAH,54956
2022,"POCLAIN HYDRAULICS INC",1,0,1,0,33,3846,WI,STURTEVANT,53177
2022,"PRAIRIE RIDGE HEALTH INC",0,0,1,0,62,0373,WI,COLUMBUS,53925
2022,"PREVEA CLINIC INC",2,0,5,0,62,9349,WI,"GREEN BAY",54304
2022,"PROCUREMENT PARTNERS LLC",0,0,1,0,54,1979,WI,BROOKFIELD,53005
2022,"PROMEGA CORPORATION",0,0,1,0,54,8811,WI,MADISON,53711
2022,"PYRAN INC",1,0,0,0,32,0112,WI,MADISON,53719
2022,"QBE INSURANCE CORPORATION",0,0,1,0,52,1816,WI,"SUN PRAIRIE",53596
2022,"QUADGRAPHICS INC",0,0,1,0,32,2983,WI,SUSSEX,53089
2022,"QUALITY PACKAGING INC",1,0,0,0,32,3616,WI,"FOND DU LAC",54935
2022,"QUARD GRAPHICS INC",0,0,2,0,32,2983,WI,SUSSEX,53089
2022,"QUARLES BRADY LLP",0,0,1,0,54,2630,WI,MILWAUKEE,53202
2022,"QUARRA STONE COMPANY LLC",1,0,0,0,32,8883,WI,MADISON,53714
2022,"QUARRA STONE COMPANY LLC",1,0,0,0,54,8883,WI,MADISON,53714
2022,"QUINN DAVID AND ASSOCIATES LLC",0,0,1,0,54,9582,WI,MILWAUKEE,53208
2022,"QUINTEC INTEGRATION INC",0,0,1,0,33,6272,WI,WAUKESHA,53186
2022,"R S INFOCON INC",0,0,5,0,54,5876,WI,"OAK CREEK",53154
2022,"RACINE UNIFIED SCHOOL DISTRICT",0,0,1,0,61,1430,WI,RACINE,53404
2022,"RADIOLOGY ASSO OF APPLETON S C",1,0,0,0,62,0597,WI,APPLETON,54911
2022,"RAM LAKHAN LLC DBA BAYMONT BY WYNDHAM",1,0,0,0,72,4381,WI,ONALASKA,54650
2022,"RECIPROCAL LABS CORP DBA PROPELLER",0,0,1,0,51,1911,WI,MADISON,53703
2022,"REGAL REXNORD CORPORATION",7,0,15,0,33,5718,WI,BELOIT,53511
2022,"REMEDY ANALYTICS INC",2,0,2,0,54,1617,WI,MILWAUKEE,53204
2022,"RENAISSANCE LEARNING INC",0,0,2,1,51,9474,WI,"WISCONSIN RAPIDS",54494
2022,"RENAISSANCE LEARNING INC",2,0,8,0,51,9474,WI,"WISCONSIN RAPIDS",54495
2022,"RESEARCH PRODUCTS CORPORATION",2,0,1,0,33,6098,WI,MADISON,53703
2022,"RESEARCH PRODUCTS CORPORATION DBA APRILAIRE",2,0,2,0,33,6098,WI,MADISON,53703
2022,"RIPON COLLEGE",1,0,0,0,61,6049,WI,RIPON,54971
2022,"RITE HITE DIGITAL SOLUTIONS INC",0,0,1,0,33,9463,WI,MILWAUKEE,53204
2022,"RITE HITE HOLDING CORPORATION",0,0,1,0,33,3562,WI,MILWAUKEE,53202
2022,"RITE HITE HOLDING CORPORATION",0,0,1,0,42,3562,WI,MILWAUKEE,53202
2022,"RITE HITE HOLDING CORPORATION",1,0,0,0,33,3562,WI,MILWAUKEE,53204
2022,"RITE HITE HOLDING CORPORATION",0,0,1,0,42,0404,WI,MILWAUKEE,53223
2022,"RITE-HITE HOLDING CORPORATION",0,0,1,0,33,3562,WI,MILWAUKEE,53202
2022,"RITE-HITE HOLDING CORPORATION",0,0,1,0,42,3562,WI,MILWAUKEE,53202
2022,"RIVION LLC",0,0,0,1,54,3380,WI,MILWAUKEE,53204
2022,"RLA SCOTTSDALE LLC",1,0,0,0,61,8788,WI,PEWAUKEE,53072
2022,"ROBERT W BAIRD CO INCORPORATED",0,0,8,0,52,7917,WI,MILWAUKEE,53202
2022,"ROBERT W BAIRD CO INCORPORATED",0,0,2,0,55,7917,WI,MILWAUKEE,53202
2022,"ROCKLINE INDUSTRIES INC",0,0,2,0,31,8675,WI,SHEBOYGAN,53081
2022,"ROCKWELL AUTOMATION INC",0,0,1,0,54,7617,WI,MILWAUKEE,53204
2022,"ROCKWELL AUTOMATION INC",13,0,57,0,33,7617,WI,MILWAUKEE,53204
2022,"ROGERS MEMORIAL HOSPITAL INC D/B/A",1,0,1,0,62,9101,WI,OCONOMOWOC,53066
2022,"RUSKIN COMPANY",1,0,0,0,33,5398,WI,MILWAUKEE,53209
2022,"S C JOHNSON SON INC",0,0,4,0,32,9990,WI,RACINE,53403
2022,"S S CYCLE INC",1,0,0,0,33,9826,WI,VIOLA,54664
2022,"SAMIR MULLICK MD SC D/B/A PEDIATRIC ASSO",0,0,1,0,62,7265,WI,MILWAUKEE,53216
2022,"SARGENTO FOODS INC",0,0,8,0,31,9334,WI,PLYMOUTH,53073
2022,"SC JOHNSON SON INC",0,0,2,0,32,9990,WI,RACINE,53403
2022,"SCHNEIDER ENTERPRISE RESOURCES LLC",1,0,10,0,48,2737,WI,"GREEN BAY",54313
2022,"SCHNEIDER ENTERPRISE RESOURCES LLC",0,0,1,0,48,2737,WI,"GREEN BAY",54306
2022,"SCHNEIDER LOGISTICS INC",0,0,1,0,54,3458,WI,"GREEN BAY",54313
2022,"SCHNEIDER NATIONAL CARRIERS INC",1,0,2,0,48,9971,WI,"GREEN BAY",54313
2022,"SCHOOL DISTRICT OF ABBOTSFORD",0,1,0,0,61,1442,WI,ABBOTSFORD,54405
2022,"SCHOOL DISTRICT OF DELAVAN DARIEN",1,0,0,0,61,2136,WI,DELAVAN,53115
2022,"SCHOOL DISTRICT OF WILD ROSE",1,0,0,0,61,5217,WI,"WILD ROSE",54984
2022,"SCHREIBER FOODS INC",0,0,1,0,31,7450,WI,"GREEN BAY",54301
2022,"SECURA INSURANCE COMPANY",0,0,1,0,52,5180,WI,NEENAH,54956
2022,"SENSIA LLC",0,0,1,0,33,1830,WI,MILWAUKEE,53204
2022,"SENSIENT TECHNOLOGIES CORPORATION",0,0,1,0,31,1070,WI,MILWAUKEE,53202
2022,"SENSORMATIC ELECTRONICS LLC",2,0,8,0,56,1385,WI,MILWAUKEE,53209
2022,"SENTRY INSURANCE A MUTUAL COMPANY",1,0,3,0,52,3950,WI,"STEVENS POINT",54481
2022,"SHARED MEDICAL SERVICES INC",1,0,0,0,54,8075,WI,"COTTAGE GROVE",53527
2022,"SHOPPERTRAK RCT CORPORATION",0,0,8,0,54,6482,WI,MILWAUKEE,53209
2022,"SIELAFF CORPORATION",0,0,1,0,33,9094,WI,"MINERAL POINT",53565
2022,"SIGMA SCI TECH LLC",1,0,0,0,54,1919,WI,GERMANTOWN,53022
2022,"SIGNATECH SOLUTIONS LLC",2,0,0,0,54,6045,WI,"NEW BERLIN",53151
2022,"SILATRONIX INC",1,0,0,0,32,8374,WI,MADISON,53704
2022,"SIQSESS LLC",1,0,0,0,54,3695,WI,"ELM GROVE",53122
2022,"SITZBERGER ADVISORS LLC",0,0,3,0,54,4167,WI,BROOKFIELD,53045
2022,"SIXTEENTH ST COMMUNITY HEALTH",0,0,1,0,62,0475,WI,MILWAUKEE,53215
2022,"SKYGEN USA LLC",1,0,8,0,52,2694,WI,"MENOMONEE FALLS",53051
2022,"SKYGEN USA LLC",0,0,1,0,51,2694,WI,"MENOMONEE FALLS",53051
2022,"SLIPSTREAM GRP INC",1,0,0,0,54,6152,WI,MADISON,53719
2022,"SMARTUQ LLC",1,0,0,0,51,5463,WI,MADISON,53705
2022,"SMC LTD",0,0,1,0,32,5110,WI,SOMERSET,54025
2022,"SNAP ON INCORPORATED",1,0,3,0,33,2040,WI,KENOSHA,53143
2022,"SOFTWAREONE, INC.",1,0,0,0,42,1504,WI,WAUKESHA,53186
2022,"SONIC FOUNDRY INC",1,0,0,0,33,3372,WI,MADISON,53703
2022,"SORGE CPA BUSINESS ADVISORS S C",0,0,1,0,54,5519,WI,MONONA,53716
2022,"SPANCRETE OF ILLINOIS INC",0,0,1,0,32,4883,WI,WAUKESHA,53188
2022,"SPANN & ASSOCIATES LLC",1,0,0,0,54,0760,WI,GERMANTOWN,53022
2022,"SPECTRUM BRANDS INC",0,0,3,0,33,3556,WI,MIDDLETON,53562
2022,"SPLENDID ENGINEERING INC",2,0,1,0,54,9940,WI,"NEW BERLIN",53151
2022,"SPRINGS WINDOW FASHIONS LLC",2,0,1,0,33,8685,WI,MIDDLETON,53562
2022,"SPX TRANSFORMER SOLUTIONS INC",0,0,2,0,33,9625,WI,WAUKESHA,53186
2022,"ST CROIX REGIONAL MEDICAL CENTER",0,0,1,0,62,0676,WI,"ST CROIX FALLS",54024
2022,"ST NORBERT COLLEGE",3,0,1,0,61,9196,WI,"DE PERE",54115
2022,"ST PAPER LLC",1,0,4,0,32,4157,WI,"OCONTO FALLS",54154
2022,"ST ROBERT PARISH",0,0,1,0,61,1410,WI,MILWAUKEE,53211
2022,"STAINLESS TANK & EQUIPMENT",0,0,1,0,33,4201,WI,BELOIT,53511
2022,"STERLING PHARMA USA LLC",0,0,1,0,32,2121,WI,GERMANTOWN,53022
2022,"STERLING PHARMA USA LLC",0,0,1,0,99,2121,WI,GERMANTOWN,53022
2022,"STERLING WISCONSIN LLC",5,0,1,0,32,6391,WI,GERMANTOWN,53022
2022,"STRANG INC",1,0,0,0,54,6294,WI,MADISON,53703
2022,"STRATA INNOVATIVE SOLUTIONS",0,0,1,0,23,9459,WI,MILWAUKEE,53223
2022,"STRATA INNOVATIVE SOLUTIONS",0,0,1,0,23,9459,WI,MILWAUKEE,53233
2022,"STRATA INNOVATIVE SOLUTIONS",0,0,2,0,54,9459,WI,MILWAUKEE,53233
2022,"STRATA INNOVATIVE SOLUTIONS",0,0,1,0,23,9459,WI,MILWAUKEE,53233
2022,"STRATTEC SECURITY CORPORATION",1,0,0,0,33,4239,WI,MILWAUKEE,53209
2022,"SUMMIT CREDIT UNION",0,0,3,0,52,0585,WI,"COTTAGE GROVE",53527
2022,"SUNVEST SOLAR LLC",0,0,1,0,22,7409,WI,PEWAUKEE,53072
2022,"SUPER STEEL LLC",0,0,1,0,33,5678,WI,MEQUON,53092
2022,"SUPERIOR REFINING COMPANY LLC",1,0,0,0,32,4653,WI,SUPERIOR,54880
2022,"SWITCHGEAR POWER SYSTEMS LLC",1,0,1,0,22,2908,WI,WINNECONNE,54986
2022,"SYMPHONY CORPORATION",2,0,15,0,54,2117,WI,MADISON,53703
2022,"SYNTHETAIC INC",2,0,0,0,51,7138,WI,DELAFIELD,53018
2022,"SYSLOGIC INC",0,0,1,0,54,2556,WI,BROOKFIELD,53005
2022,"TDS TELECOMMUNICATIONS LLC",0,0,2,0,51,1844,WI,MADISON,53717
2022,"TECH 4 LLC",1,0,0,0,54,4601,WI,"DE PERE",54115
2022,"TECHNOVIZ LLC",2,0,7,0,54,9314,WI,MADISON,53717
2022,"TEEL PLASTICS LLC",1,0,0,0,32,7249,WI,BARABOO,53913
2022,"TEGRIA SERVICES GROUP-US, INC.",1,0,0,0,54,2936,WI,MADISON,53717
2022,"TELEPHONE DATA SYSTEMS INC DBA TDS",1,0,2,0,51,9023,WI,MIDDLETON,53562
2022,"THE BOLDT COMPANY",0,0,1,0,23,4190,WI,APPLETON,54912
2022,"THE KRIETE GROUP LLC",0,0,1,0,53,1100,WI,MILWAUKEE,53202
2022,"THE MORGRIDGE INSTITUTE FOR RESEAR",1,0,0,1,54,5570,WI,MADISON,53715
2022,"THE MORGRIDGE INSTITUTE FOR RESEARCH INC",1,0,2,1,54,5570,WI,MADISON,53715
2022,"THE PROBST GROUP LLC",0,0,1,0,54,3661,WI,BROOKFIELD,53005
2022,"THEDACARE INC",0,0,6,0,62,9362,WI,NEENAH,54956
2022,"THOUGHTFOCUS INC",5,0,8,0,54,7564,WI,BROOKFIELD,53005
2022,"TIER 1 NUTRITIONALS INCORPORATED",0,0,1,0,31,6010,WI,MADISON,53716
2022,"TIGRE USA INC",1,0,0,0,33,5437,WI,JANESVILLE,53546
2022,"TIP TECHNOLOGIES INC",1,0,0,0,51,7676,WI,WAUKESHA,53188
2022,"TOMAH MEMORIAL HOSPITAL INC",1,0,1,0,62,9566,WI,TOMAH,54660
2022,"TOSHIBA AMERICA ENERGY SYSTEMS CO",0,0,1,0,33,5579,WI,"WEST ALLIS",53214
2022,"TOTAL ADMINISTRATIVE SERVICES CORP",0,0,1,0,56,1025,WI,MADISON,53704
2022,"TREK BICYCLE CORPORATION",3,0,7,0,33,7359,WI,WATERLOO,53594
2022,"TRICO CORPORATION",1,0,0,0,33,4300,WI,PEWAUKEE,53072
2022,"TRILLIANT FOOD NUTRITION LLC",0,0,1,0,31,6194,WI,"LITTLE CHUTE",54140
2022,"TRINCO TECHNOLOGIES LLC",0,0,0,1,54,3238,WI,MADISON,53713
2022,"TRISHULLA LLC",3,0,1,0,54,6331,WI,MIDDLETON,53562
2022,"TSI POWER CORPORATION",0,0,1,0,33,3030,WI,ANTIGO,54409
2022,"ULINE INC",1,0,29,1,42,4738,WI,"PLEASANT PRAIRIE",53158
2022,"UNIV OF WI MED FOUNDATION",3,0,3,0,62,4445,WI,MADISON,53717
2022,"UNIV OF WI MEDICAL FOUNDATION",1,0,1,0,62,4445,WI,MADISON,53717
2022,"UNIV OF WI SYSTEM/MADISON",2,0,0,0,61,6492,WI,"STEVENS POINT",54481
2022,"UNIV OF WI SYSTEM/MADISON",6,1,7,0,61,6492,WI,MILWAUKEE,53211
2022,"UNIV OF WI SYSTEM/MADISON",165,0,152,12,61,6492,WI,MADISON,53715
2022,"UNIVERSITY OF WISCONSIN WHITEWATER",2,0,2,0,61,5963,WI,WHITEWATER,53190
2022,"URBAN ECOLOGY CENTER INC",0,0,1,0,53,2663,WI,MILWAUKEE,53211
2022,"URUS GROUP LP",1,0,0,0,54,3330,WI,MADISON,53718
2022,"UWM FOUNDATION INC",0,0,1,0,81,7744,WI,MILWAUKEE,53202
2022,"VALUATION RESEARCH CORPORATION",0,0,1,0,54,4928,WI,MILWAUKEE,53202
2022,"VAN HOLTENS INC",1,0,0,0,99,5270,WI,WATERLOO,53594
2022,"VENNSYS LLC",1,0,13,0,54,3007,WI,MIDDLETON,53562
2022,"VERSITI WISCONSIN INC",2,0,5,0,62,7235,WI,MILWAUKEE,53201
2022,"VET VENTURES LLC DBA EVERVET",0,1,0,0,54,2580,WI,MILWAUKEE,53226
2022,"VETERANS HEALTH ADMIN WNY HEALTH C",1,0,0,0,62,5142,WI,MILWAUKEE,53295
2022,"VETS PLUS INC",2,0,2,0,54,7629,WI,MENOMONIE,54751
2022,"VETTER ARCHITECTS INC",1,0,0,0,54,3757,WI,MILWAUKEE,53204
2022,"VIVENT HEALTH INC",0,0,1,0,62,4049,WI,MILWAUKEE,53203
2022,"VOLLRATH COMPANY LLC",1,0,1,0,33,9733,WI,SHEBOYGAN,53081
2022,"WACKER NEUSON AMERICA CORPORATION",0,0,1,0,33,9645,WI,AFTON,53501
2022,"WALKWATER LLC",0,1,0,0,54,2793,WI,"NEW BERLIN",53151
2022,"WATERTOWN UNIFIED SCH DIST",1,0,0,0,61,5031,WI,WATERTOWN,53094
2022,"WELLSTACK INC DBA SYMPHONYCARE INC",1,0,0,0,54,5325,WI,MADISON,53703
2022,"WEST BEND MUTUAL INSURANCE COMPANY",0,0,1,0,52,8170,WI,"WEST BEND",53095
2022,"WEYCO GROUP INC",1,0,0,0,33,2200,WI,GLENDALE,53212
2022,"WHITELIGHT GROUP INC",1,0,0,0,54,2286,WI,WAUKESHA,53188
2022,"WIPFLI LLP",3,0,6,0,54,8449,WI,MILWAUKEE,53226
2022,"WISCONSIN CONFERENCE OF THE UNITED METHODIST CHURCH",1,0,0,0,81,3343,WI,"SUN PRAIRIE",53590
2022,"WISCONSIN NORTHERN & CENTRAL GRADUATE MEDICAL EDUCATION CONSORTIUM INC",1,0,1,0,56,2686,WI,WAUSAU,54401
2022,"WISDOM INFOTECH",12,0,15,0,54,8841,WI,BROOKFIELD,53045
2022,"WISSEN INFOTECH INC",5,0,4,0,54,2787,WI,WAUKESHA,53186
2022,"WORLD COUNCIL OF CREDIT UNIONS",0,0,1,0,81,3339,WI,MADISON,53705
2022,"WTS PARADIGM LLC DBA PARADIGM",1,0,0,0,54,3787,WI,MIDDLETON,53562
2022,"YORK INTERNATIONAL CORPORATION",2,0,5,0,23,3472,WI,MILWAUKEE,53209
2022,"YOUNG MEN S CHRISTIAN ASSOCIATION OF THE FOX CITIES INC",1,0,0,0,62,6191,WI,APPLETON,54911
2022,"ZF ELECTRONIC SYSTEMS PLEASANT PRAIRIE LLC",0,0,1,0,33,7756,WI,"PLEASANT PRAIRIE",53158
2022,"ZMAC TRANSPORTATION SOLUTIONS  LLC",1,0,0,0,48,9323,WI,RACINE,53403
2022,"ZOOMLION HEAVY INDUSTRY NA INC",0,0,1,0,54,4259,WI,YORKVILLE,53126
2022,"ZOOMLION HEAVY INDUSTRY NA INC",1,0,3,0,54,4259,WI,FRANKSVILLE,53126
2022,"ZURN INDUSTRIES LLC",1,0,1,0,33,0754,WI,MILWAUKEE,53204
2022,"ZYWAVE INC",1,0,1,0,54,0743,WI,MILWAUKEE,53226
